session_test_id,experience,problem,other_tests,headphones,age,status,inne,uwagi,session_uuid,trial_id,rating_stimulus,rating_score,rating_time,rating_comment
label_test_3,,,,test,,,test,", test",16e03943-ccc1-4ab9-88c7-fdb0cde3b938,trening,S3500,100,1311,
label_test_3,,,,test,,,test,", test",16e03943-ccc1-4ab9-88c7-fdb0cde3b938,trening,S6000,100,1311,
label_test_3,,,,test,,,test,", test",16e03943-ccc1-4ab9-88c7-fdb0cde3b938,trening,S5000,100,1311,
label_test_3,,,,test,,,test,", test",16e03943-ccc1-4ab9-88c7-fdb0cde3b938,trening,S8000,100,1311,
label_test_3,,,,test,,,test,", test",16e03943-ccc1-4ab9-88c7-fdb0cde3b938,trening,S7000,100,1311,
label_test_3,,,,test,,,test,", test",16e03943-ccc1-4ab9-88c7-fdb0cde3b938,trening,S5500,100,1311,
label_test_3,,,,test,,,test,", test",16e03943-ccc1-4ab9-88c7-fdb0cde3b938,trening,reference,100,1311,
label_test_3,,,,test,,,test,", test",16e03943-ccc1-4ab9-88c7-fdb0cde3b938,trening,S10000,100,1311,
label_test_3,,,,test,,,test,", test",16e03943-ccc1-4ab9-88c7-fdb0cde3b938,trening,S4500,100,1311,
label_test_3,,,,test,,,test,", test",16e03943-ccc1-4ab9-88c7-fdb0cde3b938,trening,S4000,100,1311,
label_test_3,,,,test,,,test,", test",16e03943-ccc1-4ab9-88c7-fdb0cde3b938,trening,S6500,100,1311,
label_test_3,,,,test,,,test,", test",16e03943-ccc1-4ab9-88c7-fdb0cde3b938,lq_no_label,S5000,100,905,
label_test_3,,,,test,,,test,", test",16e03943-ccc1-4ab9-88c7-fdb0cde3b938,lq_no_label,S6500,100,905,
label_test_3,,,,test,,,test,", test",16e03943-ccc1-4ab9-88c7-fdb0cde3b938,lq_no_label,reference,100,905,
label_test_3,,,,test,,,test,", test",16e03943-ccc1-4ab9-88c7-fdb0cde3b938,lq_no_label,S3500,100,905,
label_test_3,,,,test,,,test,", test",16e03943-ccc1-4ab9-88c7-fdb0cde3b938,lq_no_label,S10000,100,905,
label_test_3,,,,test,,,test,", test",16e03943-ccc1-4ab9-88c7-fdb0cde3b938,lq_no_label,S4000,100,905,
label_test_3,,,,test,,,test,", test",16e03943-ccc1-4ab9-88c7-fdb0cde3b938,lq_no_label,S4500,100,905,
label_test_3,,,,test,,,test,", test",16e03943-ccc1-4ab9-88c7-fdb0cde3b938,lq_no_label,S8000,100,905,
label_test_3,,,,test,,,test,", test",16e03943-ccc1-4ab9-88c7-fdb0cde3b938,lq_no_label,S7000,100,905,
label_test_3,,,,test,,,test,", test",16e03943-ccc1-4ab9-88c7-fdb0cde3b938,lq_no_label,S6000,100,905,
label_test_3,,,,test,,,test,", test",16e03943-ccc1-4ab9-88c7-fdb0cde3b938,lq_no_label,S5500,100,905,
label_test_3,,,,test,,,test,", test",16e03943-ccc1-4ab9-88c7-fdb0cde3b938,lq_no_label,S8000,100,692,
label_test_3,,,,test,,,test,", test",16e03943-ccc1-4ab9-88c7-fdb0cde3b938,lq_no_label,S4000,100,692,
label_test_3,,,,test,,,test,", test",16e03943-ccc1-4ab9-88c7-fdb0cde3b938,lq_no_label,S3500,100,692,
label_test_3,,,,test,,,test,", test",16e03943-ccc1-4ab9-88c7-fdb0cde3b938,lq_no_label,reference,100,692,
label_test_3,,,,test,,,test,", test",16e03943-ccc1-4ab9-88c7-fdb0cde3b938,lq_no_label,S6000,100,692,
label_test_3,,,,test,,,test,", test",16e03943-ccc1-4ab9-88c7-fdb0cde3b938,lq_no_label,S10000,100,692,
label_test_3,,,,test,,,test,", test",16e03943-ccc1-4ab9-88c7-fdb0cde3b938,lq_no_label,S4500,100,692,
label_test_3,,,,test,,,test,", test",16e03943-ccc1-4ab9-88c7-fdb0cde3b938,lq_no_label,S5000,100,692,
label_test_3,,,,test,,,test,", test",16e03943-ccc1-4ab9-88c7-fdb0cde3b938,lq_no_label,S5500,100,692,
label_test_3,,,,test,,,test,", test",16e03943-ccc1-4ab9-88c7-fdb0cde3b938,lq_no_label,S6500,100,692,
label_test_3,,,,test,,,test,", test",16e03943-ccc1-4ab9-88c7-fdb0cde3b938,lq_no_label,S7000,100,692,
label_test_3,2,nie,tak,tae1105,25,doktorant,,,2f9b2510-f7a9-4359-9242-38885465a7af,trening,S4500,0,130559,
label_test_3,2,nie,tak,tae1105,25,doktorant,,,2f9b2510-f7a9-4359-9242-38885465a7af,trening,S6000,22,130559,
label_test_3,2,nie,tak,tae1105,25,doktorant,,,2f9b2510-f7a9-4359-9242-38885465a7af,trening,S6500,45,130559,
label_test_3,2,nie,tak,tae1105,25,doktorant,,,2f9b2510-f7a9-4359-9242-38885465a7af,trening,S7000,47,130559,
label_test_3,2,nie,tak,tae1105,25,doktorant,,,2f9b2510-f7a9-4359-9242-38885465a7af,trening,S8000,44,130559,
label_test_3,2,nie,tak,tae1105,25,doktorant,,,2f9b2510-f7a9-4359-9242-38885465a7af,trening,S5000,0,130559,
label_test_3,2,nie,tak,tae1105,25,doktorant,,,2f9b2510-f7a9-4359-9242-38885465a7af,trening,S3500,0,130559,
label_test_3,2,nie,tak,tae1105,25,doktorant,,,2f9b2510-f7a9-4359-9242-38885465a7af,trening,S10000,100,130559,
label_test_3,2,nie,tak,tae1105,25,doktorant,,,2f9b2510-f7a9-4359-9242-38885465a7af,trening,S4000,26,130559,
label_test_3,2,nie,tak,tae1105,25,doktorant,,,2f9b2510-f7a9-4359-9242-38885465a7af,trening,reference,100,130559,
label_test_3,2,nie,tak,tae1105,25,doktorant,,,2f9b2510-f7a9-4359-9242-38885465a7af,trening,S5500,46,130559,
label_test_3,2,nie,tak,tae1105,25,doktorant,,,2f9b2510-f7a9-4359-9242-38885465a7af,lq_no_label,S3500,61,83611,
label_test_3,2,nie,tak,tae1105,25,doktorant,,,2f9b2510-f7a9-4359-9242-38885465a7af,lq_no_label,S5000,22,83611,
label_test_3,2,nie,tak,tae1105,25,doktorant,,,2f9b2510-f7a9-4359-9242-38885465a7af,lq_no_label,S6500,83,83611,
label_test_3,2,nie,tak,tae1105,25,doktorant,,,2f9b2510-f7a9-4359-9242-38885465a7af,lq_no_label,S4500,63,83611,
label_test_3,2,nie,tak,tae1105,25,doktorant,,,2f9b2510-f7a9-4359-9242-38885465a7af,lq_no_label,S7000,81,83611,
label_test_3,2,nie,tak,tae1105,25,doktorant,,,2f9b2510-f7a9-4359-9242-38885465a7af,lq_no_label,S10000,81,83611,
label_test_3,2,nie,tak,tae1105,25,doktorant,,,2f9b2510-f7a9-4359-9242-38885465a7af,lq_no_label,S4000,57,83611,
label_test_3,2,nie,tak,tae1105,25,doktorant,,,2f9b2510-f7a9-4359-9242-38885465a7af,lq_no_label,S8000,79,83611,
label_test_3,2,nie,tak,tae1105,25,doktorant,,,2f9b2510-f7a9-4359-9242-38885465a7af,lq_no_label,reference,100,83611,
label_test_3,2,nie,tak,tae1105,25,doktorant,,,2f9b2510-f7a9-4359-9242-38885465a7af,lq_no_label,S5500,26,83611,
label_test_3,2,nie,tak,tae1105,25,doktorant,,,2f9b2510-f7a9-4359-9242-38885465a7af,lq_no_label,S6000,57,83611,
label_test_3,2,nie,tak,tae1105,25,doktorant,,,2f9b2510-f7a9-4359-9242-38885465a7af,lq_no_label,S8000,82,72923,
label_test_3,2,nie,tak,tae1105,25,doktorant,,,2f9b2510-f7a9-4359-9242-38885465a7af,lq_no_label,S10000,78,72923,
label_test_3,2,nie,tak,tae1105,25,doktorant,,,2f9b2510-f7a9-4359-9242-38885465a7af,lq_no_label,S6500,63,72923,
label_test_3,2,nie,tak,tae1105,25,doktorant,,,2f9b2510-f7a9-4359-9242-38885465a7af,lq_no_label,S6000,62,72923,
label_test_3,2,nie,tak,tae1105,25,doktorant,,,2f9b2510-f7a9-4359-9242-38885465a7af,lq_no_label,S4000,0,72923,
label_test_3,2,nie,tak,tae1105,25,doktorant,,,2f9b2510-f7a9-4359-9242-38885465a7af,lq_no_label,S5500,0,72923,
label_test_3,2,nie,tak,tae1105,25,doktorant,,,2f9b2510-f7a9-4359-9242-38885465a7af,lq_no_label,S7000,81,72923,
label_test_3,2,nie,tak,tae1105,25,doktorant,,,2f9b2510-f7a9-4359-9242-38885465a7af,lq_no_label,reference,100,72923,
label_test_3,2,nie,tak,tae1105,25,doktorant,,,2f9b2510-f7a9-4359-9242-38885465a7af,lq_no_label,S3500,0,72923,
label_test_3,2,nie,tak,tae1105,25,doktorant,,,2f9b2510-f7a9-4359-9242-38885465a7af,lq_no_label,S5000,62,72923,
label_test_3,2,nie,tak,tae1105,25,doktorant,,,2f9b2510-f7a9-4359-9242-38885465a7af,lq_no_label,S4500,57,72923,
label_test_3,,,,test,,,test,test,428d38b6-9806-47ba-b80e-c2d46f5a0d2d,trening,S7000,100,1705,
label_test_3,,,,test,,,test,test,428d38b6-9806-47ba-b80e-c2d46f5a0d2d,trening,reference,100,1705,
label_test_3,,,,test,,,test,test,428d38b6-9806-47ba-b80e-c2d46f5a0d2d,trening,S8000,100,1705,
label_test_3,,,,test,,,test,test,428d38b6-9806-47ba-b80e-c2d46f5a0d2d,trening,S9300,100,1705,
label_test_3,,,,test,,,test,test,428d38b6-9806-47ba-b80e-c2d46f5a0d2d,trening,S3500,100,1705,
label_test_3,,,,test,,,test,test,428d38b6-9806-47ba-b80e-c2d46f5a0d2d,trening,S5500,100,1705,
label_test_3,,,,test,,,test,test,428d38b6-9806-47ba-b80e-c2d46f5a0d2d,trening,S12000,100,1705,
label_test_3,,,,test,,,test,test,428d38b6-9806-47ba-b80e-c2d46f5a0d2d,trening,S10000,100,1705,
label_test_3,,,,test,,,test,test,428d38b6-9806-47ba-b80e-c2d46f5a0d2d,trening,S11300,100,1705,
label_test_3,,,,test,,,test,test,428d38b6-9806-47ba-b80e-c2d46f5a0d2d,trening,S10700,100,1705,
label_test_3,,,,test,,,test,test,428d38b6-9806-47ba-b80e-c2d46f5a0d2d,trening,S8700,100,1705,
label_test_3,,,,test,,,test,test,428d38b6-9806-47ba-b80e-c2d46f5a0d2d,hq_no_label,S7000,100,882,
label_test_3,,,,test,,,test,test,428d38b6-9806-47ba-b80e-c2d46f5a0d2d,hq_no_label,reference,100,882,
label_test_3,,,,test,,,test,test,428d38b6-9806-47ba-b80e-c2d46f5a0d2d,hq_no_label,S10700,100,882,
label_test_3,,,,test,,,test,test,428d38b6-9806-47ba-b80e-c2d46f5a0d2d,hq_no_label,S3500,100,882,
label_test_3,,,,test,,,test,test,428d38b6-9806-47ba-b80e-c2d46f5a0d2d,hq_no_label,S9300,100,882,
label_test_3,,,,test,,,test,test,428d38b6-9806-47ba-b80e-c2d46f5a0d2d,hq_no_label,S5500,100,882,
label_test_3,,,,test,,,test,test,428d38b6-9806-47ba-b80e-c2d46f5a0d2d,hq_no_label,S8000,100,882,
label_test_3,,,,test,,,test,test,428d38b6-9806-47ba-b80e-c2d46f5a0d2d,hq_no_label,S10000,100,882,
label_test_3,,,,test,,,test,test,428d38b6-9806-47ba-b80e-c2d46f5a0d2d,hq_no_label,S12000,100,882,
label_test_3,,,,test,,,test,test,428d38b6-9806-47ba-b80e-c2d46f5a0d2d,hq_no_label,S11300,100,882,
label_test_3,,,,test,,,test,test,428d38b6-9806-47ba-b80e-c2d46f5a0d2d,hq_no_label,S8700,100,882,
label_test_3,,,,test,,,test,test,428d38b6-9806-47ba-b80e-c2d46f5a0d2d,hq_no_label,S9300,100,975,
label_test_3,,,,test,,,test,test,428d38b6-9806-47ba-b80e-c2d46f5a0d2d,hq_no_label,reference,100,975,
label_test_3,,,,test,,,test,test,428d38b6-9806-47ba-b80e-c2d46f5a0d2d,hq_no_label,S12000,100,975,
label_test_3,,,,test,,,test,test,428d38b6-9806-47ba-b80e-c2d46f5a0d2d,hq_no_label,S10700,100,975,
label_test_3,,,,test,,,test,test,428d38b6-9806-47ba-b80e-c2d46f5a0d2d,hq_no_label,S7000,100,975,
label_test_3,,,,test,,,test,test,428d38b6-9806-47ba-b80e-c2d46f5a0d2d,hq_no_label,S3500,100,975,
label_test_3,,,,test,,,test,test,428d38b6-9806-47ba-b80e-c2d46f5a0d2d,hq_no_label,S11300,100,975,
label_test_3,,,,test,,,test,test,428d38b6-9806-47ba-b80e-c2d46f5a0d2d,hq_no_label,S10000,100,975,
label_test_3,,,,test,,,test,test,428d38b6-9806-47ba-b80e-c2d46f5a0d2d,hq_no_label,S5500,100,975,
label_test_3,,,,test,,,test,test,428d38b6-9806-47ba-b80e-c2d46f5a0d2d,hq_no_label,S8700,100,975,
label_test_3,,,,test,,,test,test,428d38b6-9806-47ba-b80e-c2d46f5a0d2d,hq_no_label,S8000,100,975,
label_test_3,,,,"To był test działania ankiety - S. Zieliński",,,"To był test działania ankiety - S. Zieliński","To był test działania ankiety - S. Zieliński",7f1e3dde-c933-4e93-b457-9c9bfdc6cf4b,trening,S11300,100,12538,
label_test_3,,,,"To był test działania ankiety - S. Zieliński",,,"To był test działania ankiety - S. Zieliński","To był test działania ankiety - S. Zieliński",7f1e3dde-c933-4e93-b457-9c9bfdc6cf4b,trening,S7000,100,12538,
label_test_3,,,,"To był test działania ankiety - S. Zieliński",,,"To był test działania ankiety - S. Zieliński","To był test działania ankiety - S. Zieliński",7f1e3dde-c933-4e93-b457-9c9bfdc6cf4b,trening,S10000,100,12538,
label_test_3,,,,"To był test działania ankiety - S. Zieliński",,,"To był test działania ankiety - S. Zieliński","To był test działania ankiety - S. Zieliński",7f1e3dde-c933-4e93-b457-9c9bfdc6cf4b,trening,S8000,100,12538,
label_test_3,,,,"To był test działania ankiety - S. Zieliński",,,"To był test działania ankiety - S. Zieliński","To był test działania ankiety - S. Zieliński",7f1e3dde-c933-4e93-b457-9c9bfdc6cf4b,trening,S9300,100,12538,
label_test_3,,,,"To był test działania ankiety - S. Zieliński",,,"To był test działania ankiety - S. Zieliński","To był test działania ankiety - S. Zieliński",7f1e3dde-c933-4e93-b457-9c9bfdc6cf4b,trening,S12000,100,12538,
label_test_3,,,,"To był test działania ankiety - S. Zieliński",,,"To był test działania ankiety - S. Zieliński","To był test działania ankiety - S. Zieliński",7f1e3dde-c933-4e93-b457-9c9bfdc6cf4b,trening,S5500,100,12538,
label_test_3,,,,"To był test działania ankiety - S. Zieliński",,,"To był test działania ankiety - S. Zieliński","To był test działania ankiety - S. Zieliński",7f1e3dde-c933-4e93-b457-9c9bfdc6cf4b,trening,S3500,100,12538,
label_test_3,,,,"To był test działania ankiety - S. Zieliński",,,"To był test działania ankiety - S. Zieliński","To był test działania ankiety - S. Zieliński",7f1e3dde-c933-4e93-b457-9c9bfdc6cf4b,trening,S8700,100,12538,
label_test_3,,,,"To był test działania ankiety - S. Zieliński",,,"To był test działania ankiety - S. Zieliński","To był test działania ankiety - S. Zieliński",7f1e3dde-c933-4e93-b457-9c9bfdc6cf4b,trening,S10700,100,12538,
label_test_3,,,,"To był test działania ankiety - S. Zieliński",,,"To był test działania ankiety - S. Zieliński","To był test działania ankiety - S. Zieliński",7f1e3dde-c933-4e93-b457-9c9bfdc6cf4b,trening,reference,100,12538,
label_test_3,,,,"To był test działania ankiety - S. Zieliński",,,"To był test działania ankiety - S. Zieliński","To był test działania ankiety - S. Zieliński",7f1e3dde-c933-4e93-b457-9c9bfdc6cf4b,hq_label,S12000,100,5778,
label_test_3,,,,"To był test działania ankiety - S. Zieliński",,,"To był test działania ankiety - S. Zieliński","To był test działania ankiety - S. Zieliński",7f1e3dde-c933-4e93-b457-9c9bfdc6cf4b,hq_label,S9300,100,5778,
label_test_3,,,,"To był test działania ankiety - S. Zieliński",,,"To był test działania ankiety - S. Zieliński","To był test działania ankiety - S. Zieliński",7f1e3dde-c933-4e93-b457-9c9bfdc6cf4b,hq_label,S8000,100,5778,
label_test_3,,,,"To był test działania ankiety - S. Zieliński",,,"To był test działania ankiety - S. Zieliński","To był test działania ankiety - S. Zieliński",7f1e3dde-c933-4e93-b457-9c9bfdc6cf4b,hq_label,S3500,100,5778,
label_test_3,,,,"To był test działania ankiety - S. Zieliński",,,"To był test działania ankiety - S. Zieliński","To był test działania ankiety - S. Zieliński",7f1e3dde-c933-4e93-b457-9c9bfdc6cf4b,hq_label,S7000,100,5778,
label_test_3,,,,"To był test działania ankiety - S. Zieliński",,,"To był test działania ankiety - S. Zieliński","To był test działania ankiety - S. Zieliński",7f1e3dde-c933-4e93-b457-9c9bfdc6cf4b,hq_label,S10700,100,5778,
label_test_3,,,,"To był test działania ankiety - S. Zieliński",,,"To był test działania ankiety - S. Zieliński","To był test działania ankiety - S. Zieliński",7f1e3dde-c933-4e93-b457-9c9bfdc6cf4b,hq_label,S8700,100,5778,
label_test_3,,,,"To był test działania ankiety - S. Zieliński",,,"To był test działania ankiety - S. Zieliński","To był test działania ankiety - S. Zieliński",7f1e3dde-c933-4e93-b457-9c9bfdc6cf4b,hq_label,S10000,100,5778,
label_test_3,,,,"To był test działania ankiety - S. Zieliński",,,"To był test działania ankiety - S. Zieliński","To był test działania ankiety - S. Zieliński",7f1e3dde-c933-4e93-b457-9c9bfdc6cf4b,hq_label,S5500,100,5778,
label_test_3,,,,"To był test działania ankiety - S. Zieliński",,,"To był test działania ankiety - S. Zieliński","To był test działania ankiety - S. Zieliński",7f1e3dde-c933-4e93-b457-9c9bfdc6cf4b,hq_label,reference,100,5778,
label_test_3,,,,"To był test działania ankiety - S. Zieliński",,,"To był test działania ankiety - S. Zieliński","To był test działania ankiety - S. Zieliński",7f1e3dde-c933-4e93-b457-9c9bfdc6cf4b,hq_label,S11300,100,5778,
label_test_3,,,,"To był test działania ankiety - S. Zieliński",,,"To był test działania ankiety - S. Zieliński","To był test działania ankiety - S. Zieliński",7f1e3dde-c933-4e93-b457-9c9bfdc6cf4b,hq_label,S7000,100,5369,
label_test_3,,,,"To był test działania ankiety - S. Zieliński",,,"To był test działania ankiety - S. Zieliński","To był test działania ankiety - S. Zieliński",7f1e3dde-c933-4e93-b457-9c9bfdc6cf4b,hq_label,S10000,100,5369,
label_test_3,,,,"To był test działania ankiety - S. Zieliński",,,"To był test działania ankiety - S. Zieliński","To był test działania ankiety - S. Zieliński",7f1e3dde-c933-4e93-b457-9c9bfdc6cf4b,hq_label,reference,100,5369,
label_test_3,,,,"To był test działania ankiety - S. Zieliński",,,"To był test działania ankiety - S. Zieliński","To był test działania ankiety - S. Zieliński",7f1e3dde-c933-4e93-b457-9c9bfdc6cf4b,hq_label,S11300,100,5369,
label_test_3,,,,"To był test działania ankiety - S. Zieliński",,,"To był test działania ankiety - S. Zieliński","To był test działania ankiety - S. Zieliński",7f1e3dde-c933-4e93-b457-9c9bfdc6cf4b,hq_label,S3500,100,5369,
label_test_3,,,,"To był test działania ankiety - S. Zieliński",,,"To był test działania ankiety - S. Zieliński","To był test działania ankiety - S. Zieliński",7f1e3dde-c933-4e93-b457-9c9bfdc6cf4b,hq_label,S10700,100,5369,
label_test_3,,,,"To był test działania ankiety - S. Zieliński",,,"To był test działania ankiety - S. Zieliński","To był test działania ankiety - S. Zieliński",7f1e3dde-c933-4e93-b457-9c9bfdc6cf4b,hq_label,S8000,100,5369,
label_test_3,,,,"To był test działania ankiety - S. Zieliński",,,"To był test działania ankiety - S. Zieliński","To był test działania ankiety - S. Zieliński",7f1e3dde-c933-4e93-b457-9c9bfdc6cf4b,hq_label,S12000,100,5369,
label_test_3,,,,"To był test działania ankiety - S. Zieliński",,,"To był test działania ankiety - S. Zieliński","To był test działania ankiety - S. Zieliński",7f1e3dde-c933-4e93-b457-9c9bfdc6cf4b,hq_label,S9300,100,5369,
label_test_3,,,,"To był test działania ankiety - S. Zieliński",,,"To był test działania ankiety - S. Zieliński","To był test działania ankiety - S. Zieliński",7f1e3dde-c933-4e93-b457-9c9bfdc6cf4b,hq_label,S5500,100,5369,
label_test_3,,,,"To był test działania ankiety - S. Zieliński",,,"To był test działania ankiety - S. Zieliński","To był test działania ankiety - S. Zieliński",7f1e3dde-c933-4e93-b457-9c9bfdc6cf4b,hq_label,S8700,100,5369,
label_test_3,1,nie,tak,"PHILIPS TAE1105BK",25,doktorant,,,7bb830a4-8b32-42b2-b644-f639997af466,trening,S4500,0,170868,
label_test_3,1,nie,tak,"PHILIPS TAE1105BK",25,doktorant,,,7bb830a4-8b32-42b2-b644-f639997af466,trening,S6500,18,170868,
label_test_3,1,nie,tak,"PHILIPS TAE1105BK",25,doktorant,,,7bb830a4-8b32-42b2-b644-f639997af466,trening,S4000,3,170868,
label_test_3,1,nie,tak,"PHILIPS TAE1105BK",25,doktorant,,,7bb830a4-8b32-42b2-b644-f639997af466,trening,S10000,72,170868,
label_test_3,1,nie,tak,"PHILIPS TAE1105BK",25,doktorant,,,7bb830a4-8b32-42b2-b644-f639997af466,trening,S5500,0,170868,
label_test_3,1,nie,tak,"PHILIPS TAE1105BK",25,doktorant,,,7bb830a4-8b32-42b2-b644-f639997af466,trening,S7000,24,170868,
label_test_3,1,nie,tak,"PHILIPS TAE1105BK",25,doktorant,,,7bb830a4-8b32-42b2-b644-f639997af466,trening,reference,100,170868,
label_test_3,1,nie,tak,"PHILIPS TAE1105BK",25,doktorant,,,7bb830a4-8b32-42b2-b644-f639997af466,trening,S8000,54,170868,
label_test_3,1,nie,tak,"PHILIPS TAE1105BK",25,doktorant,,,7bb830a4-8b32-42b2-b644-f639997af466,trening,S3500,0,170868,
label_test_3,1,nie,tak,"PHILIPS TAE1105BK",25,doktorant,,,7bb830a4-8b32-42b2-b644-f639997af466,trening,S6000,1,170868,
label_test_3,1,nie,tak,"PHILIPS TAE1105BK",25,doktorant,,,7bb830a4-8b32-42b2-b644-f639997af466,trening,S5000,0,170868,
label_test_3,1,nie,tak,"PHILIPS TAE1105BK",25,doktorant,,,7bb830a4-8b32-42b2-b644-f639997af466,lq_no_label,S5000,0,72546,
label_test_3,1,nie,tak,"PHILIPS TAE1105BK",25,doktorant,,,7bb830a4-8b32-42b2-b644-f639997af466,lq_no_label,S6000,26,72546,
label_test_3,1,nie,tak,"PHILIPS TAE1105BK",25,doktorant,,,7bb830a4-8b32-42b2-b644-f639997af466,lq_no_label,S3500,0,72546,
label_test_3,1,nie,tak,"PHILIPS TAE1105BK",25,doktorant,,,7bb830a4-8b32-42b2-b644-f639997af466,lq_no_label,S8000,44,72546,
label_test_3,1,nie,tak,"PHILIPS TAE1105BK",25,doktorant,,,7bb830a4-8b32-42b2-b644-f639997af466,lq_no_label,S5500,17,72546,
label_test_3,1,nie,tak,"PHILIPS TAE1105BK",25,doktorant,,,7bb830a4-8b32-42b2-b644-f639997af466,lq_no_label,reference,100,72546,
label_test_3,1,nie,tak,"PHILIPS TAE1105BK",25,doktorant,,,7bb830a4-8b32-42b2-b644-f639997af466,lq_no_label,S6500,20,72546,
label_test_3,1,nie,tak,"PHILIPS TAE1105BK",25,doktorant,,,7bb830a4-8b32-42b2-b644-f639997af466,lq_no_label,S4000,0,72546,
label_test_3,1,nie,tak,"PHILIPS TAE1105BK",25,doktorant,,,7bb830a4-8b32-42b2-b644-f639997af466,lq_no_label,S4500,5,72546,
label_test_3,1,nie,tak,"PHILIPS TAE1105BK",25,doktorant,,,7bb830a4-8b32-42b2-b644-f639997af466,lq_no_label,S7000,23,72546,
label_test_3,1,nie,tak,"PHILIPS TAE1105BK",25,doktorant,,,7bb830a4-8b32-42b2-b644-f639997af466,lq_no_label,S10000,59,72546,
label_test_3,1,nie,tak,"PHILIPS TAE1105BK",25,doktorant,,,7bb830a4-8b32-42b2-b644-f639997af466,lq_no_label,S5500,0,73104,
label_test_3,1,nie,tak,"PHILIPS TAE1105BK",25,doktorant,,,7bb830a4-8b32-42b2-b644-f639997af466,lq_no_label,S3500,0,73104,
label_test_3,1,nie,tak,"PHILIPS TAE1105BK",25,doktorant,,,7bb830a4-8b32-42b2-b644-f639997af466,lq_no_label,S8000,44,73104,
label_test_3,1,nie,tak,"PHILIPS TAE1105BK",25,doktorant,,,7bb830a4-8b32-42b2-b644-f639997af466,lq_no_label,S6000,20,73104,
label_test_3,1,nie,tak,"PHILIPS TAE1105BK",25,doktorant,,,7bb830a4-8b32-42b2-b644-f639997af466,lq_no_label,S6500,20,73104,
label_test_3,1,nie,tak,"PHILIPS TAE1105BK",25,doktorant,,,7bb830a4-8b32-42b2-b644-f639997af466,lq_no_label,S5000,0,73104,
label_test_3,1,nie,tak,"PHILIPS TAE1105BK",25,doktorant,,,7bb830a4-8b32-42b2-b644-f639997af466,lq_no_label,S10000,77,73104,
label_test_3,1,nie,tak,"PHILIPS TAE1105BK",25,doktorant,,,7bb830a4-8b32-42b2-b644-f639997af466,lq_no_label,S4000,0,73104,
label_test_3,1,nie,tak,"PHILIPS TAE1105BK",25,doktorant,,,7bb830a4-8b32-42b2-b644-f639997af466,lq_no_label,reference,100,73104,
label_test_3,1,nie,tak,"PHILIPS TAE1105BK",25,doktorant,,,7bb830a4-8b32-42b2-b644-f639997af466,lq_no_label,S4500,0,73104,
label_test_3,1,nie,tak,"PHILIPS TAE1105BK",25,doktorant,,,7bb830a4-8b32-42b2-b644-f639997af466,lq_no_label,S7000,45,73104,
label_test_3,4,nie,tak,"Pioneer DJ HDJ-X5-K",18,inny,"student informatyki","warto by zbadać innego rodzaju zniekształcenia w sygnale dźwiękowym jak szumy, ale poza tym brak.",3735f16b-eb5c-46f8-a523-53c122c9a50f,trening,S9300,56,178488,
label_test_3,4,nie,tak,"Pioneer DJ HDJ-X5-K",18,inny,"student informatyki","warto by zbadać innego rodzaju zniekształcenia w sygnale dźwiękowym jak szumy, ale poza tym brak.",3735f16b-eb5c-46f8-a523-53c122c9a50f,trening,reference,100,178488,
label_test_3,4,nie,tak,"Pioneer DJ HDJ-X5-K",18,inny,"student informatyki","warto by zbadać innego rodzaju zniekształcenia w sygnale dźwiękowym jak szumy, ale poza tym brak.",3735f16b-eb5c-46f8-a523-53c122c9a50f,trening,S8700,65,178488,
label_test_3,4,nie,tak,"Pioneer DJ HDJ-X5-K",18,inny,"student informatyki","warto by zbadać innego rodzaju zniekształcenia w sygnale dźwiękowym jak szumy, ale poza tym brak.",3735f16b-eb5c-46f8-a523-53c122c9a50f,trening,S3500,15,178488,
label_test_3,4,nie,tak,"Pioneer DJ HDJ-X5-K",18,inny,"student informatyki","warto by zbadać innego rodzaju zniekształcenia w sygnale dźwiękowym jak szumy, ale poza tym brak.",3735f16b-eb5c-46f8-a523-53c122c9a50f,trening,S8000,44,178488,
label_test_3,4,nie,tak,"Pioneer DJ HDJ-X5-K",18,inny,"student informatyki","warto by zbadać innego rodzaju zniekształcenia w sygnale dźwiękowym jak szumy, ale poza tym brak.",3735f16b-eb5c-46f8-a523-53c122c9a50f,trening,S10700,67,178488,
label_test_3,4,nie,tak,"Pioneer DJ HDJ-X5-K",18,inny,"student informatyki","warto by zbadać innego rodzaju zniekształcenia w sygnale dźwiękowym jak szumy, ale poza tym brak.",3735f16b-eb5c-46f8-a523-53c122c9a50f,trening,S12000,85,178488,
label_test_3,4,nie,tak,"Pioneer DJ HDJ-X5-K",18,inny,"student informatyki","warto by zbadać innego rodzaju zniekształcenia w sygnale dźwiękowym jak szumy, ale poza tym brak.",3735f16b-eb5c-46f8-a523-53c122c9a50f,trening,S10000,75,178488,
label_test_3,4,nie,tak,"Pioneer DJ HDJ-X5-K",18,inny,"student informatyki","warto by zbadać innego rodzaju zniekształcenia w sygnale dźwiękowym jak szumy, ale poza tym brak.",3735f16b-eb5c-46f8-a523-53c122c9a50f,trening,S7000,26,178488,
label_test_3,4,nie,tak,"Pioneer DJ HDJ-X5-K",18,inny,"student informatyki","warto by zbadać innego rodzaju zniekształcenia w sygnale dźwiękowym jak szumy, ale poza tym brak.",3735f16b-eb5c-46f8-a523-53c122c9a50f,trening,S5500,5,178488,
label_test_3,4,nie,tak,"Pioneer DJ HDJ-X5-K",18,inny,"student informatyki","warto by zbadać innego rodzaju zniekształcenia w sygnale dźwiękowym jak szumy, ale poza tym brak.",3735f16b-eb5c-46f8-a523-53c122c9a50f,trening,S11300,90,178488,
label_test_3,4,nie,tak,"Pioneer DJ HDJ-X5-K",18,inny,"student informatyki","warto by zbadać innego rodzaju zniekształcenia w sygnale dźwiękowym jak szumy, ale poza tym brak.",3735f16b-eb5c-46f8-a523-53c122c9a50f,hq_no_label,S3500,17,96728,
label_test_3,4,nie,tak,"Pioneer DJ HDJ-X5-K",18,inny,"student informatyki","warto by zbadać innego rodzaju zniekształcenia w sygnale dźwiękowym jak szumy, ale poza tym brak.",3735f16b-eb5c-46f8-a523-53c122c9a50f,hq_no_label,S5500,32,96728,
label_test_3,4,nie,tak,"Pioneer DJ HDJ-X5-K",18,inny,"student informatyki","warto by zbadać innego rodzaju zniekształcenia w sygnale dźwiękowym jak szumy, ale poza tym brak.",3735f16b-eb5c-46f8-a523-53c122c9a50f,hq_no_label,S7000,45,96728,
label_test_3,4,nie,tak,"Pioneer DJ HDJ-X5-K",18,inny,"student informatyki","warto by zbadać innego rodzaju zniekształcenia w sygnale dźwiękowym jak szumy, ale poza tym brak.",3735f16b-eb5c-46f8-a523-53c122c9a50f,hq_no_label,S8700,55,96728,
label_test_3,4,nie,tak,"Pioneer DJ HDJ-X5-K",18,inny,"student informatyki","warto by zbadać innego rodzaju zniekształcenia w sygnale dźwiękowym jak szumy, ale poza tym brak.",3735f16b-eb5c-46f8-a523-53c122c9a50f,hq_no_label,S11300,80,96728,
label_test_3,4,nie,tak,"Pioneer DJ HDJ-X5-K",18,inny,"student informatyki","warto by zbadać innego rodzaju zniekształcenia w sygnale dźwiękowym jak szumy, ale poza tym brak.",3735f16b-eb5c-46f8-a523-53c122c9a50f,hq_no_label,S10700,87,96728,
label_test_3,4,nie,tak,"Pioneer DJ HDJ-X5-K",18,inny,"student informatyki","warto by zbadać innego rodzaju zniekształcenia w sygnale dźwiękowym jak szumy, ale poza tym brak.",3735f16b-eb5c-46f8-a523-53c122c9a50f,hq_no_label,S12000,93,96728,
label_test_3,4,nie,tak,"Pioneer DJ HDJ-X5-K",18,inny,"student informatyki","warto by zbadać innego rodzaju zniekształcenia w sygnale dźwiękowym jak szumy, ale poza tym brak.",3735f16b-eb5c-46f8-a523-53c122c9a50f,hq_no_label,S9300,60,96728,
label_test_3,4,nie,tak,"Pioneer DJ HDJ-X5-K",18,inny,"student informatyki","warto by zbadać innego rodzaju zniekształcenia w sygnale dźwiękowym jak szumy, ale poza tym brak.",3735f16b-eb5c-46f8-a523-53c122c9a50f,hq_no_label,S8000,81,96728,
label_test_3,4,nie,tak,"Pioneer DJ HDJ-X5-K",18,inny,"student informatyki","warto by zbadać innego rodzaju zniekształcenia w sygnale dźwiękowym jak szumy, ale poza tym brak.",3735f16b-eb5c-46f8-a523-53c122c9a50f,hq_no_label,S10000,62,96728,
label_test_3,4,nie,tak,"Pioneer DJ HDJ-X5-K",18,inny,"student informatyki","warto by zbadać innego rodzaju zniekształcenia w sygnale dźwiękowym jak szumy, ale poza tym brak.",3735f16b-eb5c-46f8-a523-53c122c9a50f,hq_no_label,reference,100,96728,
label_test_3,4,nie,tak,"Pioneer DJ HDJ-X5-K",18,inny,"student informatyki","warto by zbadać innego rodzaju zniekształcenia w sygnale dźwiękowym jak szumy, ale poza tym brak.",3735f16b-eb5c-46f8-a523-53c122c9a50f,hq_no_label,S12000,79,75740,
label_test_3,4,nie,tak,"Pioneer DJ HDJ-X5-K",18,inny,"student informatyki","warto by zbadać innego rodzaju zniekształcenia w sygnale dźwiękowym jak szumy, ale poza tym brak.",3735f16b-eb5c-46f8-a523-53c122c9a50f,hq_no_label,S11300,90,75740,
label_test_3,4,nie,tak,"Pioneer DJ HDJ-X5-K",18,inny,"student informatyki","warto by zbadać innego rodzaju zniekształcenia w sygnale dźwiękowym jak szumy, ale poza tym brak.",3735f16b-eb5c-46f8-a523-53c122c9a50f,hq_no_label,S8700,39,75740,
label_test_3,4,nie,tak,"Pioneer DJ HDJ-X5-K",18,inny,"student informatyki","warto by zbadać innego rodzaju zniekształcenia w sygnale dźwiękowym jak szumy, ale poza tym brak.",3735f16b-eb5c-46f8-a523-53c122c9a50f,hq_no_label,reference,100,75740,
label_test_3,4,nie,tak,"Pioneer DJ HDJ-X5-K",18,inny,"student informatyki","warto by zbadać innego rodzaju zniekształcenia w sygnale dźwiękowym jak szumy, ale poza tym brak.",3735f16b-eb5c-46f8-a523-53c122c9a50f,hq_no_label,S10000,84,75740,
label_test_3,4,nie,tak,"Pioneer DJ HDJ-X5-K",18,inny,"student informatyki","warto by zbadać innego rodzaju zniekształcenia w sygnale dźwiękowym jak szumy, ale poza tym brak.",3735f16b-eb5c-46f8-a523-53c122c9a50f,hq_no_label,S9300,58,75740,
label_test_3,4,nie,tak,"Pioneer DJ HDJ-X5-K",18,inny,"student informatyki","warto by zbadać innego rodzaju zniekształcenia w sygnale dźwiękowym jak szumy, ale poza tym brak.",3735f16b-eb5c-46f8-a523-53c122c9a50f,hq_no_label,S3500,1,75740,
label_test_3,4,nie,tak,"Pioneer DJ HDJ-X5-K",18,inny,"student informatyki","warto by zbadać innego rodzaju zniekształcenia w sygnale dźwiękowym jak szumy, ale poza tym brak.",3735f16b-eb5c-46f8-a523-53c122c9a50f,hq_no_label,S8000,68,75740,
label_test_3,4,nie,tak,"Pioneer DJ HDJ-X5-K",18,inny,"student informatyki","warto by zbadać innego rodzaju zniekształcenia w sygnale dźwiękowym jak szumy, ale poza tym brak.",3735f16b-eb5c-46f8-a523-53c122c9a50f,hq_no_label,S5500,17,75740,
label_test_3,4,nie,tak,"Pioneer DJ HDJ-X5-K",18,inny,"student informatyki","warto by zbadać innego rodzaju zniekształcenia w sygnale dźwiękowym jak szumy, ale poza tym brak.",3735f16b-eb5c-46f8-a523-53c122c9a50f,hq_no_label,S10700,84,75740,
label_test_3,4,nie,tak,"Pioneer DJ HDJ-X5-K",18,inny,"student informatyki","warto by zbadać innego rodzaju zniekształcenia w sygnale dźwiękowym jak szumy, ale poza tym brak.",3735f16b-eb5c-46f8-a523-53c122c9a50f,hq_no_label,S7000,36,75740,
label_test_3,5,nie,nie,"Sony WH-XB900N",35,doktorant,,,7916b124-4f17-426d-bd56-7dfd3b99c678,trening,S6500,30,123399,
label_test_3,5,nie,nie,"Sony WH-XB900N",35,doktorant,,,7916b124-4f17-426d-bd56-7dfd3b99c678,trening,S8000,52,123399,
label_test_3,5,nie,nie,"Sony WH-XB900N",35,doktorant,,,7916b124-4f17-426d-bd56-7dfd3b99c678,trening,S10000,71,123399,
label_test_3,5,nie,nie,"Sony WH-XB900N",35,doktorant,,,7916b124-4f17-426d-bd56-7dfd3b99c678,trening,S4500,7,123399,
label_test_3,5,nie,nie,"Sony WH-XB900N",35,doktorant,,,7916b124-4f17-426d-bd56-7dfd3b99c678,trening,S5500,18,123399,
label_test_3,5,nie,nie,"Sony WH-XB900N",35,doktorant,,,7916b124-4f17-426d-bd56-7dfd3b99c678,trening,S4000,24,123399,
label_test_3,5,nie,nie,"Sony WH-XB900N",35,doktorant,,,7916b124-4f17-426d-bd56-7dfd3b99c678,trening,S7000,56,123399,
label_test_3,5,nie,nie,"Sony WH-XB900N",35,doktorant,,,7916b124-4f17-426d-bd56-7dfd3b99c678,trening,S3500,14,123399,
label_test_3,5,nie,nie,"Sony WH-XB900N",35,doktorant,,,7916b124-4f17-426d-bd56-7dfd3b99c678,trening,S6000,35,123399,
label_test_3,5,nie,nie,"Sony WH-XB900N",35,doktorant,,,7916b124-4f17-426d-bd56-7dfd3b99c678,trening,S5000,33,123399,
label_test_3,5,nie,nie,"Sony WH-XB900N",35,doktorant,,,7916b124-4f17-426d-bd56-7dfd3b99c678,trening,reference,100,123399,
label_test_3,5,nie,nie,"Sony WH-XB900N",35,doktorant,,,7916b124-4f17-426d-bd56-7dfd3b99c678,lq_label,S4500,13,151765,
label_test_3,5,nie,nie,"Sony WH-XB900N",35,doktorant,,,7916b124-4f17-426d-bd56-7dfd3b99c678,lq_label,S3500,6,151765,
label_test_3,5,nie,nie,"Sony WH-XB900N",35,doktorant,,,7916b124-4f17-426d-bd56-7dfd3b99c678,lq_label,reference,100,151765,
label_test_3,5,nie,nie,"Sony WH-XB900N",35,doktorant,,,7916b124-4f17-426d-bd56-7dfd3b99c678,lq_label,S7000,42,151765,
label_test_3,5,nie,nie,"Sony WH-XB900N",35,doktorant,,,7916b124-4f17-426d-bd56-7dfd3b99c678,lq_label,S4000,13,151765,
label_test_3,5,nie,nie,"Sony WH-XB900N",35,doktorant,,,7916b124-4f17-426d-bd56-7dfd3b99c678,lq_label,S5000,20,151765,
label_test_3,5,nie,nie,"Sony WH-XB900N",35,doktorant,,,7916b124-4f17-426d-bd56-7dfd3b99c678,lq_label,S6000,36,151765,
label_test_3,5,nie,nie,"Sony WH-XB900N",35,doktorant,,,7916b124-4f17-426d-bd56-7dfd3b99c678,lq_label,S5500,31,151765,
label_test_3,5,nie,nie,"Sony WH-XB900N",35,doktorant,,,7916b124-4f17-426d-bd56-7dfd3b99c678,lq_label,S6500,37,151765,
label_test_3,5,nie,nie,"Sony WH-XB900N",35,doktorant,,,7916b124-4f17-426d-bd56-7dfd3b99c678,lq_label,S10000,82,151765,
label_test_3,5,nie,nie,"Sony WH-XB900N",35,doktorant,,,7916b124-4f17-426d-bd56-7dfd3b99c678,lq_label,S8000,60,151765,
label_test_3,5,nie,nie,"Sony WH-XB900N",35,doktorant,,,7916b124-4f17-426d-bd56-7dfd3b99c678,lq_label,S6500,48,254299,
label_test_3,5,nie,nie,"Sony WH-XB900N",35,doktorant,,,7916b124-4f17-426d-bd56-7dfd3b99c678,lq_label,S4000,20,254299,
label_test_3,5,nie,nie,"Sony WH-XB900N",35,doktorant,,,7916b124-4f17-426d-bd56-7dfd3b99c678,lq_label,S5000,37,254299,
label_test_3,5,nie,nie,"Sony WH-XB900N",35,doktorant,,,7916b124-4f17-426d-bd56-7dfd3b99c678,lq_label,S6000,45,254299,
label_test_3,5,nie,nie,"Sony WH-XB900N",35,doktorant,,,7916b124-4f17-426d-bd56-7dfd3b99c678,lq_label,S5500,41,254299,
label_test_3,5,nie,nie,"Sony WH-XB900N",35,doktorant,,,7916b124-4f17-426d-bd56-7dfd3b99c678,lq_label,S10000,75,254299,
label_test_3,5,nie,nie,"Sony WH-XB900N",35,doktorant,,,7916b124-4f17-426d-bd56-7dfd3b99c678,lq_label,reference,100,254299,
label_test_3,5,nie,nie,"Sony WH-XB900N",35,doktorant,,,7916b124-4f17-426d-bd56-7dfd3b99c678,lq_label,S3500,13,254299,
label_test_3,5,nie,nie,"Sony WH-XB900N",35,doktorant,,,7916b124-4f17-426d-bd56-7dfd3b99c678,lq_label,S7000,36,254299,
label_test_3,5,nie,nie,"Sony WH-XB900N",35,doktorant,,,7916b124-4f17-426d-bd56-7dfd3b99c678,lq_label,S4500,19,254299,
label_test_3,5,nie,nie,"Sony WH-XB900N",35,doktorant,,,7916b124-4f17-426d-bd56-7dfd3b99c678,lq_label,S8000,78,254299,
label_test_3,4,nie,tak,"audeze mm-100",35,realizator,,"w trakcie odwtarzania było słychać minimalne zniekształcenia sygnału wynikające prawdopodobnie z pracy przeglądarki i synchronizacji odtwarzania próbek między sobą",66c338fe-bdcd-4a54-a04d-94364e56dc69,trening,S8700,24,148526,
label_test_3,4,nie,tak,"audeze mm-100",35,realizator,,"w trakcie odwtarzania było słychać minimalne zniekształcenia sygnału wynikające prawdopodobnie z pracy przeglądarki i synchronizacji odtwarzania próbek między sobą",66c338fe-bdcd-4a54-a04d-94364e56dc69,trening,S10700,42,148526,
label_test_3,4,nie,tak,"audeze mm-100",35,realizator,,"w trakcie odwtarzania było słychać minimalne zniekształcenia sygnału wynikające prawdopodobnie z pracy przeglądarki i synchronizacji odtwarzania próbek między sobą",66c338fe-bdcd-4a54-a04d-94364e56dc69,trening,S10000,53,148526,
label_test_3,4,nie,tak,"audeze mm-100",35,realizator,,"w trakcie odwtarzania było słychać minimalne zniekształcenia sygnału wynikające prawdopodobnie z pracy przeglądarki i synchronizacji odtwarzania próbek między sobą",66c338fe-bdcd-4a54-a04d-94364e56dc69,trening,S7000,20,148526,
label_test_3,4,nie,tak,"audeze mm-100",35,realizator,,"w trakcie odwtarzania było słychać minimalne zniekształcenia sygnału wynikające prawdopodobnie z pracy przeglądarki i synchronizacji odtwarzania próbek między sobą",66c338fe-bdcd-4a54-a04d-94364e56dc69,trening,S3500,12,148526,
label_test_3,4,nie,tak,"audeze mm-100",35,realizator,,"w trakcie odwtarzania było słychać minimalne zniekształcenia sygnału wynikające prawdopodobnie z pracy przeglądarki i synchronizacji odtwarzania próbek między sobą",66c338fe-bdcd-4a54-a04d-94364e56dc69,trening,S11300,62,148526,
label_test_3,4,nie,tak,"audeze mm-100",35,realizator,,"w trakcie odwtarzania było słychać minimalne zniekształcenia sygnału wynikające prawdopodobnie z pracy przeglądarki i synchronizacji odtwarzania próbek między sobą",66c338fe-bdcd-4a54-a04d-94364e56dc69,trening,S12000,78,148526,
label_test_3,4,nie,tak,"audeze mm-100",35,realizator,,"w trakcie odwtarzania było słychać minimalne zniekształcenia sygnału wynikające prawdopodobnie z pracy przeglądarki i synchronizacji odtwarzania próbek między sobą",66c338fe-bdcd-4a54-a04d-94364e56dc69,trening,S9300,33,148526,
label_test_3,4,nie,tak,"audeze mm-100",35,realizator,,"w trakcie odwtarzania było słychać minimalne zniekształcenia sygnału wynikające prawdopodobnie z pracy przeglądarki i synchronizacji odtwarzania próbek między sobą",66c338fe-bdcd-4a54-a04d-94364e56dc69,trening,reference,100,148526,
label_test_3,4,nie,tak,"audeze mm-100",35,realizator,,"w trakcie odwtarzania było słychać minimalne zniekształcenia sygnału wynikające prawdopodobnie z pracy przeglądarki i synchronizacji odtwarzania próbek między sobą",66c338fe-bdcd-4a54-a04d-94364e56dc69,trening,S5500,25,148526,
label_test_3,4,nie,tak,"audeze mm-100",35,realizator,,"w trakcie odwtarzania było słychać minimalne zniekształcenia sygnału wynikające prawdopodobnie z pracy przeglądarki i synchronizacji odtwarzania próbek między sobą",66c338fe-bdcd-4a54-a04d-94364e56dc69,trening,S8000,44,148526,
label_test_3,4,nie,tak,"audeze mm-100",35,realizator,,"w trakcie odwtarzania było słychać minimalne zniekształcenia sygnału wynikające prawdopodobnie z pracy przeglądarki i synchronizacji odtwarzania próbek między sobą",66c338fe-bdcd-4a54-a04d-94364e56dc69,hq_no_label,S9300,45,109090,
label_test_3,4,nie,tak,"audeze mm-100",35,realizator,,"w trakcie odwtarzania było słychać minimalne zniekształcenia sygnału wynikające prawdopodobnie z pracy przeglądarki i synchronizacji odtwarzania próbek między sobą",66c338fe-bdcd-4a54-a04d-94364e56dc69,hq_no_label,S11300,67,109090,
label_test_3,4,nie,tak,"audeze mm-100",35,realizator,,"w trakcie odwtarzania było słychać minimalne zniekształcenia sygnału wynikające prawdopodobnie z pracy przeglądarki i synchronizacji odtwarzania próbek między sobą",66c338fe-bdcd-4a54-a04d-94364e56dc69,hq_no_label,S8000,25,109090,
label_test_3,4,nie,tak,"audeze mm-100",35,realizator,,"w trakcie odwtarzania było słychać minimalne zniekształcenia sygnału wynikające prawdopodobnie z pracy przeglądarki i synchronizacji odtwarzania próbek między sobą",66c338fe-bdcd-4a54-a04d-94364e56dc69,hq_no_label,S5500,12,109090,
label_test_3,4,nie,tak,"audeze mm-100",35,realizator,,"w trakcie odwtarzania było słychać minimalne zniekształcenia sygnału wynikające prawdopodobnie z pracy przeglądarki i synchronizacji odtwarzania próbek między sobą",66c338fe-bdcd-4a54-a04d-94364e56dc69,hq_no_label,S7000,26,109090,
label_test_3,4,nie,tak,"audeze mm-100",35,realizator,,"w trakcie odwtarzania było słychać minimalne zniekształcenia sygnału wynikające prawdopodobnie z pracy przeglądarki i synchronizacji odtwarzania próbek między sobą",66c338fe-bdcd-4a54-a04d-94364e56dc69,hq_no_label,S8700,42,109090,
label_test_3,4,nie,tak,"audeze mm-100",35,realizator,,"w trakcie odwtarzania było słychać minimalne zniekształcenia sygnału wynikające prawdopodobnie z pracy przeglądarki i synchronizacji odtwarzania próbek między sobą",66c338fe-bdcd-4a54-a04d-94364e56dc69,hq_no_label,S10000,54,109090,
label_test_3,4,nie,tak,"audeze mm-100",35,realizator,,"w trakcie odwtarzania było słychać minimalne zniekształcenia sygnału wynikające prawdopodobnie z pracy przeglądarki i synchronizacji odtwarzania próbek między sobą",66c338fe-bdcd-4a54-a04d-94364e56dc69,hq_no_label,S3500,20,109090,
label_test_3,4,nie,tak,"audeze mm-100",35,realizator,,"w trakcie odwtarzania było słychać minimalne zniekształcenia sygnału wynikające prawdopodobnie z pracy przeglądarki i synchronizacji odtwarzania próbek między sobą",66c338fe-bdcd-4a54-a04d-94364e56dc69,hq_no_label,S12000,85,109090,
label_test_3,4,nie,tak,"audeze mm-100",35,realizator,,"w trakcie odwtarzania było słychać minimalne zniekształcenia sygnału wynikające prawdopodobnie z pracy przeglądarki i synchronizacji odtwarzania próbek między sobą",66c338fe-bdcd-4a54-a04d-94364e56dc69,hq_no_label,S10700,59,109090,
label_test_3,4,nie,tak,"audeze mm-100",35,realizator,,"w trakcie odwtarzania było słychać minimalne zniekształcenia sygnału wynikające prawdopodobnie z pracy przeglądarki i synchronizacji odtwarzania próbek między sobą",66c338fe-bdcd-4a54-a04d-94364e56dc69,hq_no_label,reference,100,109090,
label_test_3,4,nie,tak,"audeze mm-100",35,realizator,,"w trakcie odwtarzania było słychać minimalne zniekształcenia sygnału wynikające prawdopodobnie z pracy przeglądarki i synchronizacji odtwarzania próbek między sobą",66c338fe-bdcd-4a54-a04d-94364e56dc69,hq_no_label,S12000,86,69806,
label_test_3,4,nie,tak,"audeze mm-100",35,realizator,,"w trakcie odwtarzania było słychać minimalne zniekształcenia sygnału wynikające prawdopodobnie z pracy przeglądarki i synchronizacji odtwarzania próbek między sobą",66c338fe-bdcd-4a54-a04d-94364e56dc69,hq_no_label,S9300,47,69806,
label_test_3,4,nie,tak,"audeze mm-100",35,realizator,,"w trakcie odwtarzania było słychać minimalne zniekształcenia sygnału wynikające prawdopodobnie z pracy przeglądarki i synchronizacji odtwarzania próbek między sobą",66c338fe-bdcd-4a54-a04d-94364e56dc69,hq_no_label,S7000,23,69806,
label_test_3,4,nie,tak,"audeze mm-100",35,realizator,,"w trakcie odwtarzania było słychać minimalne zniekształcenia sygnału wynikające prawdopodobnie z pracy przeglądarki i synchronizacji odtwarzania próbek między sobą",66c338fe-bdcd-4a54-a04d-94364e56dc69,hq_no_label,S10000,59,69806,
label_test_3,4,nie,tak,"audeze mm-100",35,realizator,,"w trakcie odwtarzania było słychać minimalne zniekształcenia sygnału wynikające prawdopodobnie z pracy przeglądarki i synchronizacji odtwarzania próbek między sobą",66c338fe-bdcd-4a54-a04d-94364e56dc69,hq_no_label,S5500,19,69806,
label_test_3,4,nie,tak,"audeze mm-100",35,realizator,,"w trakcie odwtarzania było słychać minimalne zniekształcenia sygnału wynikające prawdopodobnie z pracy przeglądarki i synchronizacji odtwarzania próbek między sobą",66c338fe-bdcd-4a54-a04d-94364e56dc69,hq_no_label,S3500,21,69806,
label_test_3,4,nie,tak,"audeze mm-100",35,realizator,,"w trakcie odwtarzania było słychać minimalne zniekształcenia sygnału wynikające prawdopodobnie z pracy przeglądarki i synchronizacji odtwarzania próbek między sobą",66c338fe-bdcd-4a54-a04d-94364e56dc69,hq_no_label,reference,100,69806,
label_test_3,4,nie,tak,"audeze mm-100",35,realizator,,"w trakcie odwtarzania było słychać minimalne zniekształcenia sygnału wynikające prawdopodobnie z pracy przeglądarki i synchronizacji odtwarzania próbek między sobą",66c338fe-bdcd-4a54-a04d-94364e56dc69,hq_no_label,S10700,66,69806,
label_test_3,4,nie,tak,"audeze mm-100",35,realizator,,"w trakcie odwtarzania było słychać minimalne zniekształcenia sygnału wynikające prawdopodobnie z pracy przeglądarki i synchronizacji odtwarzania próbek między sobą",66c338fe-bdcd-4a54-a04d-94364e56dc69,hq_no_label,S8700,45,69806,
label_test_3,4,nie,tak,"audeze mm-100",35,realizator,,"w trakcie odwtarzania było słychać minimalne zniekształcenia sygnału wynikające prawdopodobnie z pracy przeglądarki i synchronizacji odtwarzania próbek między sobą",66c338fe-bdcd-4a54-a04d-94364e56dc69,hq_no_label,S8000,36,69806,
label_test_3,4,nie,tak,"audeze mm-100",35,realizator,,"w trakcie odwtarzania było słychać minimalne zniekształcenia sygnału wynikające prawdopodobnie z pracy przeglądarki i synchronizacji odtwarzania próbek między sobą",66c338fe-bdcd-4a54-a04d-94364e56dc69,hq_no_label,S11300,79,69806,
label_test_3,3,nie,nie,"Soundcore space One",25,doktorant,,,b213fc54-07b3-46b0-9172-3f9a276fd63f,trening,S11300,75,162184,
label_test_3,3,nie,nie,"Soundcore space One",25,doktorant,,,b213fc54-07b3-46b0-9172-3f9a276fd63f,trening,S9300,31,162184,
label_test_3,3,nie,nie,"Soundcore space One",25,doktorant,,,b213fc54-07b3-46b0-9172-3f9a276fd63f,trening,S8700,22,162184,
label_test_3,3,nie,nie,"Soundcore space One",25,doktorant,,,b213fc54-07b3-46b0-9172-3f9a276fd63f,trening,S8000,25,162184,
label_test_3,3,nie,nie,"Soundcore space One",25,doktorant,,,b213fc54-07b3-46b0-9172-3f9a276fd63f,trening,reference,91,162184,
label_test_3,3,nie,nie,"Soundcore space One",25,doktorant,,,b213fc54-07b3-46b0-9172-3f9a276fd63f,trening,S12000,81,162184,
label_test_3,3,nie,nie,"Soundcore space One",25,doktorant,,,b213fc54-07b3-46b0-9172-3f9a276fd63f,trening,S7000,28,162184,
label_test_3,3,nie,nie,"Soundcore space One",25,doktorant,,,b213fc54-07b3-46b0-9172-3f9a276fd63f,trening,S10700,69,162184,
label_test_3,3,nie,nie,"Soundcore space One",25,doktorant,,,b213fc54-07b3-46b0-9172-3f9a276fd63f,trening,S3500,11,162184,
label_test_3,3,nie,nie,"Soundcore space One",25,doktorant,,,b213fc54-07b3-46b0-9172-3f9a276fd63f,trening,S5500,13,162184,
label_test_3,3,nie,nie,"Soundcore space One",25,doktorant,,,b213fc54-07b3-46b0-9172-3f9a276fd63f,trening,S10000,66,162184,
label_test_3,3,nie,nie,"Soundcore space One",25,doktorant,,,b213fc54-07b3-46b0-9172-3f9a276fd63f,hq_no_label,S12000,73,73510,
label_test_3,3,nie,nie,"Soundcore space One",25,doktorant,,,b213fc54-07b3-46b0-9172-3f9a276fd63f,hq_no_label,S8000,19,73510,
label_test_3,3,nie,nie,"Soundcore space One",25,doktorant,,,b213fc54-07b3-46b0-9172-3f9a276fd63f,hq_no_label,S7000,23,73510,
label_test_3,3,nie,nie,"Soundcore space One",25,doktorant,,,b213fc54-07b3-46b0-9172-3f9a276fd63f,hq_no_label,S5500,12,73510,
label_test_3,3,nie,nie,"Soundcore space One",25,doktorant,,,b213fc54-07b3-46b0-9172-3f9a276fd63f,hq_no_label,S3500,7,73510,
label_test_3,3,nie,nie,"Soundcore space One",25,doktorant,,,b213fc54-07b3-46b0-9172-3f9a276fd63f,hq_no_label,S9300,54,73510,
label_test_3,3,nie,nie,"Soundcore space One",25,doktorant,,,b213fc54-07b3-46b0-9172-3f9a276fd63f,hq_no_label,S11300,74,73510,
label_test_3,3,nie,nie,"Soundcore space One",25,doktorant,,,b213fc54-07b3-46b0-9172-3f9a276fd63f,hq_no_label,S8700,48,73510,
label_test_3,3,nie,nie,"Soundcore space One",25,doktorant,,,b213fc54-07b3-46b0-9172-3f9a276fd63f,hq_no_label,reference,100,73510,
label_test_3,3,nie,nie,"Soundcore space One",25,doktorant,,,b213fc54-07b3-46b0-9172-3f9a276fd63f,hq_no_label,S10000,71,73510,
label_test_3,3,nie,nie,"Soundcore space One",25,doktorant,,,b213fc54-07b3-46b0-9172-3f9a276fd63f,hq_no_label,S10700,73,73510,
label_test_3,3,nie,nie,"Soundcore space One",25,doktorant,,,b213fc54-07b3-46b0-9172-3f9a276fd63f,hq_no_label,reference,100,3961,
label_test_3,3,nie,nie,"Soundcore space One",25,doktorant,,,b213fc54-07b3-46b0-9172-3f9a276fd63f,hq_no_label,S10000,100,3961,
label_test_3,3,nie,nie,"Soundcore space One",25,doktorant,,,b213fc54-07b3-46b0-9172-3f9a276fd63f,hq_no_label,S7000,100,3961,
label_test_3,3,nie,nie,"Soundcore space One",25,doktorant,,,b213fc54-07b3-46b0-9172-3f9a276fd63f,hq_no_label,S8700,100,3961,
label_test_3,3,nie,nie,"Soundcore space One",25,doktorant,,,b213fc54-07b3-46b0-9172-3f9a276fd63f,hq_no_label,S12000,100,3961,
label_test_3,3,nie,nie,"Soundcore space One",25,doktorant,,,b213fc54-07b3-46b0-9172-3f9a276fd63f,hq_no_label,S5500,100,3961,
label_test_3,3,nie,nie,"Soundcore space One",25,doktorant,,,b213fc54-07b3-46b0-9172-3f9a276fd63f,hq_no_label,S11300,100,3961,
label_test_3,3,nie,nie,"Soundcore space One",25,doktorant,,,b213fc54-07b3-46b0-9172-3f9a276fd63f,hq_no_label,S8000,100,3961,
label_test_3,3,nie,nie,"Soundcore space One",25,doktorant,,,b213fc54-07b3-46b0-9172-3f9a276fd63f,hq_no_label,S3500,100,3961,
label_test_3,3,nie,nie,"Soundcore space One",25,doktorant,,,b213fc54-07b3-46b0-9172-3f9a276fd63f,hq_no_label,S10700,100,3961,
label_test_3,3,nie,nie,"Soundcore space One",25,doktorant,,,b213fc54-07b3-46b0-9172-3f9a276fd63f,hq_no_label,S9300,100,3961,
label_test_3,,,,test,,,test,test,284745d2-6758-49e5-ae8a-2d97032a05d3,trening,S5500,100,1828,
label_test_3,,,,test,,,test,test,284745d2-6758-49e5-ae8a-2d97032a05d3,trening,S4000,100,1828,
label_test_3,,,,test,,,test,test,284745d2-6758-49e5-ae8a-2d97032a05d3,trening,reference,100,1828,
label_test_3,,,,test,,,test,test,284745d2-6758-49e5-ae8a-2d97032a05d3,trening,S7000,100,1828,
label_test_3,,,,test,,,test,test,284745d2-6758-49e5-ae8a-2d97032a05d3,trening,S6500,100,1828,
label_test_3,,,,test,,,test,test,284745d2-6758-49e5-ae8a-2d97032a05d3,trening,S5000,100,1828,
label_test_3,,,,test,,,test,test,284745d2-6758-49e5-ae8a-2d97032a05d3,trening,S6000,100,1828,
label_test_3,,,,test,,,test,test,284745d2-6758-49e5-ae8a-2d97032a05d3,trening,S3500,100,1828,
label_test_3,,,,test,,,test,test,284745d2-6758-49e5-ae8a-2d97032a05d3,trening,S10000,100,1828,
label_test_3,,,,test,,,test,test,284745d2-6758-49e5-ae8a-2d97032a05d3,trening,S8000,100,1828,
label_test_3,,,,test,,,test,test,284745d2-6758-49e5-ae8a-2d97032a05d3,trening,S4500,100,1828,
label_test_3,,,,test,,,test,test,284745d2-6758-49e5-ae8a-2d97032a05d3,lq_label,S7000,100,975,
label_test_3,,,,test,,,test,test,284745d2-6758-49e5-ae8a-2d97032a05d3,lq_label,S6000,100,975,
label_test_3,,,,test,,,test,test,284745d2-6758-49e5-ae8a-2d97032a05d3,lq_label,S3500,100,975,
label_test_3,,,,test,,,test,test,284745d2-6758-49e5-ae8a-2d97032a05d3,lq_label,S5000,100,975,
label_test_3,,,,test,,,test,test,284745d2-6758-49e5-ae8a-2d97032a05d3,lq_label,S6500,100,975,
label_test_3,,,,test,,,test,test,284745d2-6758-49e5-ae8a-2d97032a05d3,lq_label,S5500,100,975,
label_test_3,,,,test,,,test,test,284745d2-6758-49e5-ae8a-2d97032a05d3,lq_label,S10000,100,975,
label_test_3,,,,test,,,test,test,284745d2-6758-49e5-ae8a-2d97032a05d3,lq_label,S4000,100,975,
label_test_3,,,,test,,,test,test,284745d2-6758-49e5-ae8a-2d97032a05d3,lq_label,S4500,100,975,
label_test_3,,,,test,,,test,test,284745d2-6758-49e5-ae8a-2d97032a05d3,lq_label,S8000,100,975,
label_test_3,,,,test,,,test,test,284745d2-6758-49e5-ae8a-2d97032a05d3,lq_label,reference,100,975,
label_test_3,,,,test,,,test,test,284745d2-6758-49e5-ae8a-2d97032a05d3,lq_label,S5000,100,977,
label_test_3,,,,test,,,test,test,284745d2-6758-49e5-ae8a-2d97032a05d3,lq_label,S6000,100,977,
label_test_3,,,,test,,,test,test,284745d2-6758-49e5-ae8a-2d97032a05d3,lq_label,S6500,100,977,
label_test_3,,,,test,,,test,test,284745d2-6758-49e5-ae8a-2d97032a05d3,lq_label,S5500,100,977,
label_test_3,,,,test,,,test,test,284745d2-6758-49e5-ae8a-2d97032a05d3,lq_label,S10000,100,977,
label_test_3,,,,test,,,test,test,284745d2-6758-49e5-ae8a-2d97032a05d3,lq_label,S7000,100,977,
label_test_3,,,,test,,,test,test,284745d2-6758-49e5-ae8a-2d97032a05d3,lq_label,S4000,100,977,
label_test_3,,,,test,,,test,test,284745d2-6758-49e5-ae8a-2d97032a05d3,lq_label,S4500,100,977,
label_test_3,,,,test,,,test,test,284745d2-6758-49e5-ae8a-2d97032a05d3,lq_label,reference,100,977,
label_test_3,,,,test,,,test,test,284745d2-6758-49e5-ae8a-2d97032a05d3,lq_label,S8000,100,977,
label_test_3,,,,test,,,test,test,284745d2-6758-49e5-ae8a-2d97032a05d3,lq_label,S3500,100,977,
label_test_3,5,nie,tak,"Beyerdynamic DT770 PRO 250 ohm",45,realizator,,,7ef14c07-c0e7-4304-8fdc-0f1fe507aab1,trening,S10700,65,254009,
label_test_3,5,nie,tak,"Beyerdynamic DT770 PRO 250 ohm",45,realizator,,,7ef14c07-c0e7-4304-8fdc-0f1fe507aab1,trening,S12000,95,254009,
label_test_3,5,nie,tak,"Beyerdynamic DT770 PRO 250 ohm",45,realizator,,,7ef14c07-c0e7-4304-8fdc-0f1fe507aab1,trening,S7000,41,254009,
label_test_3,5,nie,tak,"Beyerdynamic DT770 PRO 250 ohm",45,realizator,,,7ef14c07-c0e7-4304-8fdc-0f1fe507aab1,trening,S11300,86,254009,
label_test_3,5,nie,tak,"Beyerdynamic DT770 PRO 250 ohm",45,realizator,,,7ef14c07-c0e7-4304-8fdc-0f1fe507aab1,trening,reference,100,254009,
label_test_3,5,nie,tak,"Beyerdynamic DT770 PRO 250 ohm",45,realizator,,,7ef14c07-c0e7-4304-8fdc-0f1fe507aab1,trening,S10000,53,254009,
label_test_3,5,nie,tak,"Beyerdynamic DT770 PRO 250 ohm",45,realizator,,,7ef14c07-c0e7-4304-8fdc-0f1fe507aab1,trening,S8700,48,254009,
label_test_3,5,nie,tak,"Beyerdynamic DT770 PRO 250 ohm",45,realizator,,,7ef14c07-c0e7-4304-8fdc-0f1fe507aab1,trening,S9300,50,254009,
label_test_3,5,nie,tak,"Beyerdynamic DT770 PRO 250 ohm",45,realizator,,,7ef14c07-c0e7-4304-8fdc-0f1fe507aab1,trening,S3500,7,254009,
label_test_3,5,nie,tak,"Beyerdynamic DT770 PRO 250 ohm",45,realizator,,,7ef14c07-c0e7-4304-8fdc-0f1fe507aab1,trening,S5500,30,254009,
label_test_3,5,nie,tak,"Beyerdynamic DT770 PRO 250 ohm",45,realizator,,,7ef14c07-c0e7-4304-8fdc-0f1fe507aab1,trening,S8000,45,254009,
label_test_3,5,nie,tak,"Beyerdynamic DT770 PRO 250 ohm",45,realizator,,,7ef14c07-c0e7-4304-8fdc-0f1fe507aab1,hq_no_label,S11300,89,164422,
label_test_3,5,nie,tak,"Beyerdynamic DT770 PRO 250 ohm",45,realizator,,,7ef14c07-c0e7-4304-8fdc-0f1fe507aab1,hq_no_label,S5500,24,164422,
label_test_3,5,nie,tak,"Beyerdynamic DT770 PRO 250 ohm",45,realizator,,,7ef14c07-c0e7-4304-8fdc-0f1fe507aab1,hq_no_label,S9300,61,164422,
label_test_3,5,nie,tak,"Beyerdynamic DT770 PRO 250 ohm",45,realizator,,,7ef14c07-c0e7-4304-8fdc-0f1fe507aab1,hq_no_label,S10000,65,164422,
label_test_3,5,nie,tak,"Beyerdynamic DT770 PRO 250 ohm",45,realizator,,,7ef14c07-c0e7-4304-8fdc-0f1fe507aab1,hq_no_label,S8000,45,164422,
label_test_3,5,nie,tak,"Beyerdynamic DT770 PRO 250 ohm",45,realizator,,,7ef14c07-c0e7-4304-8fdc-0f1fe507aab1,hq_no_label,reference,100,164422,
label_test_3,5,nie,tak,"Beyerdynamic DT770 PRO 250 ohm",45,realizator,,,7ef14c07-c0e7-4304-8fdc-0f1fe507aab1,hq_no_label,S10700,89,164422,
label_test_3,5,nie,tak,"Beyerdynamic DT770 PRO 250 ohm",45,realizator,,,7ef14c07-c0e7-4304-8fdc-0f1fe507aab1,hq_no_label,S3500,5,164422,
label_test_3,5,nie,tak,"Beyerdynamic DT770 PRO 250 ohm",45,realizator,,,7ef14c07-c0e7-4304-8fdc-0f1fe507aab1,hq_no_label,S12000,95,164422,
label_test_3,5,nie,tak,"Beyerdynamic DT770 PRO 250 ohm",45,realizator,,,7ef14c07-c0e7-4304-8fdc-0f1fe507aab1,hq_no_label,S8700,54,164422,
label_test_3,5,nie,tak,"Beyerdynamic DT770 PRO 250 ohm",45,realizator,,,7ef14c07-c0e7-4304-8fdc-0f1fe507aab1,hq_no_label,S7000,39,164422,
label_test_3,5,nie,tak,"Beyerdynamic DT770 PRO 250 ohm",45,realizator,,,7ef14c07-c0e7-4304-8fdc-0f1fe507aab1,hq_no_label,S5500,10,187974,
label_test_3,5,nie,tak,"Beyerdynamic DT770 PRO 250 ohm",45,realizator,,,7ef14c07-c0e7-4304-8fdc-0f1fe507aab1,hq_no_label,S10000,70,187974,
label_test_3,5,nie,tak,"Beyerdynamic DT770 PRO 250 ohm",45,realizator,,,7ef14c07-c0e7-4304-8fdc-0f1fe507aab1,hq_no_label,S9300,62,187974,
label_test_3,5,nie,tak,"Beyerdynamic DT770 PRO 250 ohm",45,realizator,,,7ef14c07-c0e7-4304-8fdc-0f1fe507aab1,hq_no_label,S8700,60,187974,
label_test_3,5,nie,tak,"Beyerdynamic DT770 PRO 250 ohm",45,realizator,,,7ef14c07-c0e7-4304-8fdc-0f1fe507aab1,hq_no_label,S10700,75,187974,
label_test_3,5,nie,tak,"Beyerdynamic DT770 PRO 250 ohm",45,realizator,,,7ef14c07-c0e7-4304-8fdc-0f1fe507aab1,hq_no_label,S3500,5,187974,
label_test_3,5,nie,tak,"Beyerdynamic DT770 PRO 250 ohm",45,realizator,,,7ef14c07-c0e7-4304-8fdc-0f1fe507aab1,hq_no_label,S8000,63,187974,
label_test_3,5,nie,tak,"Beyerdynamic DT770 PRO 250 ohm",45,realizator,,,7ef14c07-c0e7-4304-8fdc-0f1fe507aab1,hq_no_label,S11300,95,187974,
label_test_3,5,nie,tak,"Beyerdynamic DT770 PRO 250 ohm",45,realizator,,,7ef14c07-c0e7-4304-8fdc-0f1fe507aab1,hq_no_label,S12000,100,187974,
label_test_3,5,nie,tak,"Beyerdynamic DT770 PRO 250 ohm",45,realizator,,,7ef14c07-c0e7-4304-8fdc-0f1fe507aab1,hq_no_label,reference,100,187974,
label_test_3,5,nie,tak,"Beyerdynamic DT770 PRO 250 ohm",45,realizator,,,7ef14c07-c0e7-4304-8fdc-0f1fe507aab1,hq_no_label,S7000,47,187974,
label_test_3,3,nie,tak,"Beyerdynamic DT990 Pro (250 Ohm)",18,student,,,879e7c5d-9e1e-4842-909f-51f38790b0f2,trening,S12000,50,321679,
label_test_3,3,nie,tak,"Beyerdynamic DT990 Pro (250 Ohm)",18,student,,,879e7c5d-9e1e-4842-909f-51f38790b0f2,trening,S5500,17,321679,
label_test_3,3,nie,tak,"Beyerdynamic DT990 Pro (250 Ohm)",18,student,,,879e7c5d-9e1e-4842-909f-51f38790b0f2,trening,S10000,42,321679,
label_test_3,3,nie,tak,"Beyerdynamic DT990 Pro (250 Ohm)",18,student,,,879e7c5d-9e1e-4842-909f-51f38790b0f2,trening,S9300,32,321679,
label_test_3,3,nie,tak,"Beyerdynamic DT990 Pro (250 Ohm)",18,student,,,879e7c5d-9e1e-4842-909f-51f38790b0f2,trening,S8700,24,321679,
label_test_3,3,nie,tak,"Beyerdynamic DT990 Pro (250 Ohm)",18,student,,,879e7c5d-9e1e-4842-909f-51f38790b0f2,trening,S3500,10,321679,
label_test_3,3,nie,tak,"Beyerdynamic DT990 Pro (250 Ohm)",18,student,,,879e7c5d-9e1e-4842-909f-51f38790b0f2,trening,reference,100,321679,
label_test_3,3,nie,tak,"Beyerdynamic DT990 Pro (250 Ohm)",18,student,,,879e7c5d-9e1e-4842-909f-51f38790b0f2,trening,S8000,22,321679,
label_test_3,3,nie,tak,"Beyerdynamic DT990 Pro (250 Ohm)",18,student,,,879e7c5d-9e1e-4842-909f-51f38790b0f2,trening,S7000,21,321679,
label_test_3,3,nie,tak,"Beyerdynamic DT990 Pro (250 Ohm)",18,student,,,879e7c5d-9e1e-4842-909f-51f38790b0f2,trening,S10700,44,321679,
label_test_3,3,nie,tak,"Beyerdynamic DT990 Pro (250 Ohm)",18,student,,,879e7c5d-9e1e-4842-909f-51f38790b0f2,trening,S11300,45,321679,
label_test_3,3,nie,tak,"Beyerdynamic DT990 Pro (250 Ohm)",18,student,,,879e7c5d-9e1e-4842-909f-51f38790b0f2,hq_label,S10700,51,167176,
label_test_3,3,nie,tak,"Beyerdynamic DT990 Pro (250 Ohm)",18,student,,,879e7c5d-9e1e-4842-909f-51f38790b0f2,hq_label,S12000,60,167176,
label_test_3,3,nie,tak,"Beyerdynamic DT990 Pro (250 Ohm)",18,student,,,879e7c5d-9e1e-4842-909f-51f38790b0f2,hq_label,S9300,40,167176,
label_test_3,3,nie,tak,"Beyerdynamic DT990 Pro (250 Ohm)",18,student,,,879e7c5d-9e1e-4842-909f-51f38790b0f2,hq_label,S7000,28,167176,
label_test_3,3,nie,tak,"Beyerdynamic DT990 Pro (250 Ohm)",18,student,,,879e7c5d-9e1e-4842-909f-51f38790b0f2,hq_label,S10000,46,167176,
label_test_3,3,nie,tak,"Beyerdynamic DT990 Pro (250 Ohm)",18,student,,,879e7c5d-9e1e-4842-909f-51f38790b0f2,hq_label,S3500,15,167176,
label_test_3,3,nie,tak,"Beyerdynamic DT990 Pro (250 Ohm)",18,student,,,879e7c5d-9e1e-4842-909f-51f38790b0f2,hq_label,S11300,56,167176,
label_test_3,3,nie,tak,"Beyerdynamic DT990 Pro (250 Ohm)",18,student,,,879e7c5d-9e1e-4842-909f-51f38790b0f2,hq_label,S8700,34,167176,
label_test_3,3,nie,tak,"Beyerdynamic DT990 Pro (250 Ohm)",18,student,,,879e7c5d-9e1e-4842-909f-51f38790b0f2,hq_label,S8000,31,167176,
label_test_3,3,nie,tak,"Beyerdynamic DT990 Pro (250 Ohm)",18,student,,,879e7c5d-9e1e-4842-909f-51f38790b0f2,hq_label,S5500,20,167176,
label_test_3,3,nie,tak,"Beyerdynamic DT990 Pro (250 Ohm)",18,student,,,879e7c5d-9e1e-4842-909f-51f38790b0f2,hq_label,reference,100,167176,
label_test_3,3,nie,tak,"Beyerdynamic DT990 Pro (250 Ohm)",18,student,,,879e7c5d-9e1e-4842-909f-51f38790b0f2,hq_label,S5500,30,94808,
label_test_3,3,nie,tak,"Beyerdynamic DT990 Pro (250 Ohm)",18,student,,,879e7c5d-9e1e-4842-909f-51f38790b0f2,hq_label,S10000,40,94808,
label_test_3,3,nie,tak,"Beyerdynamic DT990 Pro (250 Ohm)",18,student,,,879e7c5d-9e1e-4842-909f-51f38790b0f2,hq_label,S12000,65,94808,
label_test_3,3,nie,tak,"Beyerdynamic DT990 Pro (250 Ohm)",18,student,,,879e7c5d-9e1e-4842-909f-51f38790b0f2,hq_label,S9300,32,94808,
label_test_3,3,nie,tak,"Beyerdynamic DT990 Pro (250 Ohm)",18,student,,,879e7c5d-9e1e-4842-909f-51f38790b0f2,hq_label,S8700,27,94808,
label_test_3,3,nie,tak,"Beyerdynamic DT990 Pro (250 Ohm)",18,student,,,879e7c5d-9e1e-4842-909f-51f38790b0f2,hq_label,reference,100,94808,
label_test_3,3,nie,tak,"Beyerdynamic DT990 Pro (250 Ohm)",18,student,,,879e7c5d-9e1e-4842-909f-51f38790b0f2,hq_label,S3500,15,94808,
label_test_3,3,nie,tak,"Beyerdynamic DT990 Pro (250 Ohm)",18,student,,,879e7c5d-9e1e-4842-909f-51f38790b0f2,hq_label,S7000,23,94808,
label_test_3,3,nie,tak,"Beyerdynamic DT990 Pro (250 Ohm)",18,student,,,879e7c5d-9e1e-4842-909f-51f38790b0f2,hq_label,S8000,24,94808,
label_test_3,3,nie,tak,"Beyerdynamic DT990 Pro (250 Ohm)",18,student,,,879e7c5d-9e1e-4842-909f-51f38790b0f2,hq_label,S10700,50,94808,
label_test_3,3,nie,tak,"Beyerdynamic DT990 Pro (250 Ohm)",18,student,,,879e7c5d-9e1e-4842-909f-51f38790b0f2,hq_label,S11300,54,94808,
label_test_3,5,nie,tak,"DT990 pro 250ohm",45,realizator,,"Test jest powtórzeniem eksperymentów historycznych sprzed kilkudziesięciu lat. Praca doktorska, z tego co wiem, wymaga odkrycia czegoś nowego, rozwinięcia wiedzy, a nie powtarzania starych obserwacji.",80cdc65d-d6f2-4bd2-8829-fefe7cc325e1,trening,S10700,72,178319,
label_test_3,5,nie,tak,"DT990 pro 250ohm",45,realizator,,"Test jest powtórzeniem eksperymentów historycznych sprzed kilkudziesięciu lat. Praca doktorska, z tego co wiem, wymaga odkrycia czegoś nowego, rozwinięcia wiedzy, a nie powtarzania starych obserwacji.",80cdc65d-d6f2-4bd2-8829-fefe7cc325e1,trening,S7000,49,178319,
label_test_3,5,nie,tak,"DT990 pro 250ohm",45,realizator,,"Test jest powtórzeniem eksperymentów historycznych sprzed kilkudziesięciu lat. Praca doktorska, z tego co wiem, wymaga odkrycia czegoś nowego, rozwinięcia wiedzy, a nie powtarzania starych obserwacji.",80cdc65d-d6f2-4bd2-8829-fefe7cc325e1,trening,S3500,29,178319,
label_test_3,5,nie,tak,"DT990 pro 250ohm",45,realizator,,"Test jest powtórzeniem eksperymentów historycznych sprzed kilkudziesięciu lat. Praca doktorska, z tego co wiem, wymaga odkrycia czegoś nowego, rozwinięcia wiedzy, a nie powtarzania starych obserwacji.",80cdc65d-d6f2-4bd2-8829-fefe7cc325e1,trening,S8700,68,178319,
label_test_3,5,nie,tak,"DT990 pro 250ohm",45,realizator,,"Test jest powtórzeniem eksperymentów historycznych sprzed kilkudziesięciu lat. Praca doktorska, z tego co wiem, wymaga odkrycia czegoś nowego, rozwinięcia wiedzy, a nie powtarzania starych obserwacji.",80cdc65d-d6f2-4bd2-8829-fefe7cc325e1,trening,S9300,75,178319,
label_test_3,5,nie,tak,"DT990 pro 250ohm",45,realizator,,"Test jest powtórzeniem eksperymentów historycznych sprzed kilkudziesięciu lat. Praca doktorska, z tego co wiem, wymaga odkrycia czegoś nowego, rozwinięcia wiedzy, a nie powtarzania starych obserwacji.",80cdc65d-d6f2-4bd2-8829-fefe7cc325e1,trening,S12000,93,178319,
label_test_3,5,nie,tak,"DT990 pro 250ohm",45,realizator,,"Test jest powtórzeniem eksperymentów historycznych sprzed kilkudziesięciu lat. Praca doktorska, z tego co wiem, wymaga odkrycia czegoś nowego, rozwinięcia wiedzy, a nie powtarzania starych obserwacji.",80cdc65d-d6f2-4bd2-8829-fefe7cc325e1,trening,S11300,89,178319,
label_test_3,5,nie,tak,"DT990 pro 250ohm",45,realizator,,"Test jest powtórzeniem eksperymentów historycznych sprzed kilkudziesięciu lat. Praca doktorska, z tego co wiem, wymaga odkrycia czegoś nowego, rozwinięcia wiedzy, a nie powtarzania starych obserwacji.",80cdc65d-d6f2-4bd2-8829-fefe7cc325e1,trening,S10000,83,178319,
label_test_3,5,nie,tak,"DT990 pro 250ohm",45,realizator,,"Test jest powtórzeniem eksperymentów historycznych sprzed kilkudziesięciu lat. Praca doktorska, z tego co wiem, wymaga odkrycia czegoś nowego, rozwinięcia wiedzy, a nie powtarzania starych obserwacji.",80cdc65d-d6f2-4bd2-8829-fefe7cc325e1,trening,S8000,57,178319,
label_test_3,5,nie,tak,"DT990 pro 250ohm",45,realizator,,"Test jest powtórzeniem eksperymentów historycznych sprzed kilkudziesięciu lat. Praca doktorska, z tego co wiem, wymaga odkrycia czegoś nowego, rozwinięcia wiedzy, a nie powtarzania starych obserwacji.",80cdc65d-d6f2-4bd2-8829-fefe7cc325e1,trening,S5500,43,178319,
label_test_3,5,nie,tak,"DT990 pro 250ohm",45,realizator,,"Test jest powtórzeniem eksperymentów historycznych sprzed kilkudziesięciu lat. Praca doktorska, z tego co wiem, wymaga odkrycia czegoś nowego, rozwinięcia wiedzy, a nie powtarzania starych obserwacji.",80cdc65d-d6f2-4bd2-8829-fefe7cc325e1,trening,reference,100,178319,
label_test_3,5,nie,tak,"DT990 pro 250ohm",45,realizator,,"Test jest powtórzeniem eksperymentów historycznych sprzed kilkudziesięciu lat. Praca doktorska, z tego co wiem, wymaga odkrycia czegoś nowego, rozwinięcia wiedzy, a nie powtarzania starych obserwacji.",80cdc65d-d6f2-4bd2-8829-fefe7cc325e1,hq_no_label,S5500,29,154767,
label_test_3,5,nie,tak,"DT990 pro 250ohm",45,realizator,,"Test jest powtórzeniem eksperymentów historycznych sprzed kilkudziesięciu lat. Praca doktorska, z tego co wiem, wymaga odkrycia czegoś nowego, rozwinięcia wiedzy, a nie powtarzania starych obserwacji.",80cdc65d-d6f2-4bd2-8829-fefe7cc325e1,hq_no_label,S12000,96,154767,
label_test_3,5,nie,tak,"DT990 pro 250ohm",45,realizator,,"Test jest powtórzeniem eksperymentów historycznych sprzed kilkudziesięciu lat. Praca doktorska, z tego co wiem, wymaga odkrycia czegoś nowego, rozwinięcia wiedzy, a nie powtarzania starych obserwacji.",80cdc65d-d6f2-4bd2-8829-fefe7cc325e1,hq_no_label,S11300,88,154767,
label_test_3,5,nie,tak,"DT990 pro 250ohm",45,realizator,,"Test jest powtórzeniem eksperymentów historycznych sprzed kilkudziesięciu lat. Praca doktorska, z tego co wiem, wymaga odkrycia czegoś nowego, rozwinięcia wiedzy, a nie powtarzania starych obserwacji.",80cdc65d-d6f2-4bd2-8829-fefe7cc325e1,hq_no_label,S7000,40,154767,
label_test_3,5,nie,tak,"DT990 pro 250ohm",45,realizator,,"Test jest powtórzeniem eksperymentów historycznych sprzed kilkudziesięciu lat. Praca doktorska, z tego co wiem, wymaga odkrycia czegoś nowego, rozwinięcia wiedzy, a nie powtarzania starych obserwacji.",80cdc65d-d6f2-4bd2-8829-fefe7cc325e1,hq_no_label,S10700,83,154767,
label_test_3,5,nie,tak,"DT990 pro 250ohm",45,realizator,,"Test jest powtórzeniem eksperymentów historycznych sprzed kilkudziesięciu lat. Praca doktorska, z tego co wiem, wymaga odkrycia czegoś nowego, rozwinięcia wiedzy, a nie powtarzania starych obserwacji.",80cdc65d-d6f2-4bd2-8829-fefe7cc325e1,hq_no_label,S9300,67,154767,
label_test_3,5,nie,tak,"DT990 pro 250ohm",45,realizator,,"Test jest powtórzeniem eksperymentów historycznych sprzed kilkudziesięciu lat. Praca doktorska, z tego co wiem, wymaga odkrycia czegoś nowego, rozwinięcia wiedzy, a nie powtarzania starych obserwacji.",80cdc65d-d6f2-4bd2-8829-fefe7cc325e1,hq_no_label,S10000,78,154767,
label_test_3,5,nie,tak,"DT990 pro 250ohm",45,realizator,,"Test jest powtórzeniem eksperymentów historycznych sprzed kilkudziesięciu lat. Praca doktorska, z tego co wiem, wymaga odkrycia czegoś nowego, rozwinięcia wiedzy, a nie powtarzania starych obserwacji.",80cdc65d-d6f2-4bd2-8829-fefe7cc325e1,hq_no_label,S8700,59,154767,
label_test_3,5,nie,tak,"DT990 pro 250ohm",45,realizator,,"Test jest powtórzeniem eksperymentów historycznych sprzed kilkudziesięciu lat. Praca doktorska, z tego co wiem, wymaga odkrycia czegoś nowego, rozwinięcia wiedzy, a nie powtarzania starych obserwacji.",80cdc65d-d6f2-4bd2-8829-fefe7cc325e1,hq_no_label,reference,100,154767,
label_test_3,5,nie,tak,"DT990 pro 250ohm",45,realizator,,"Test jest powtórzeniem eksperymentów historycznych sprzed kilkudziesięciu lat. Praca doktorska, z tego co wiem, wymaga odkrycia czegoś nowego, rozwinięcia wiedzy, a nie powtarzania starych obserwacji.",80cdc65d-d6f2-4bd2-8829-fefe7cc325e1,hq_no_label,S3500,20,154767,
label_test_3,5,nie,tak,"DT990 pro 250ohm",45,realizator,,"Test jest powtórzeniem eksperymentów historycznych sprzed kilkudziesięciu lat. Praca doktorska, z tego co wiem, wymaga odkrycia czegoś nowego, rozwinięcia wiedzy, a nie powtarzania starych obserwacji.",80cdc65d-d6f2-4bd2-8829-fefe7cc325e1,hq_no_label,S8000,49,154767,
label_test_3,5,nie,tak,"DT990 pro 250ohm",45,realizator,,"Test jest powtórzeniem eksperymentów historycznych sprzed kilkudziesięciu lat. Praca doktorska, z tego co wiem, wymaga odkrycia czegoś nowego, rozwinięcia wiedzy, a nie powtarzania starych obserwacji.",80cdc65d-d6f2-4bd2-8829-fefe7cc325e1,hq_no_label,S11300,87,136256,
label_test_3,5,nie,tak,"DT990 pro 250ohm",45,realizator,,"Test jest powtórzeniem eksperymentów historycznych sprzed kilkudziesięciu lat. Praca doktorska, z tego co wiem, wymaga odkrycia czegoś nowego, rozwinięcia wiedzy, a nie powtarzania starych obserwacji.",80cdc65d-d6f2-4bd2-8829-fefe7cc325e1,hq_no_label,S3500,18,136256,
label_test_3,5,nie,tak,"DT990 pro 250ohm",45,realizator,,"Test jest powtórzeniem eksperymentów historycznych sprzed kilkudziesięciu lat. Praca doktorska, z tego co wiem, wymaga odkrycia czegoś nowego, rozwinięcia wiedzy, a nie powtarzania starych obserwacji.",80cdc65d-d6f2-4bd2-8829-fefe7cc325e1,hq_no_label,S10000,69,136256,
label_test_3,5,nie,tak,"DT990 pro 250ohm",45,realizator,,"Test jest powtórzeniem eksperymentów historycznych sprzed kilkudziesięciu lat. Praca doktorska, z tego co wiem, wymaga odkrycia czegoś nowego, rozwinięcia wiedzy, a nie powtarzania starych obserwacji.",80cdc65d-d6f2-4bd2-8829-fefe7cc325e1,hq_no_label,S5500,26,136256,
label_test_3,5,nie,tak,"DT990 pro 250ohm",45,realizator,,"Test jest powtórzeniem eksperymentów historycznych sprzed kilkudziesięciu lat. Praca doktorska, z tego co wiem, wymaga odkrycia czegoś nowego, rozwinięcia wiedzy, a nie powtarzania starych obserwacji.",80cdc65d-d6f2-4bd2-8829-fefe7cc325e1,hq_no_label,S8000,41,136256,
label_test_3,5,nie,tak,"DT990 pro 250ohm",45,realizator,,"Test jest powtórzeniem eksperymentów historycznych sprzed kilkudziesięciu lat. Praca doktorska, z tego co wiem, wymaga odkrycia czegoś nowego, rozwinięcia wiedzy, a nie powtarzania starych obserwacji.",80cdc65d-d6f2-4bd2-8829-fefe7cc325e1,hq_no_label,S9300,59,136256,
label_test_3,5,nie,tak,"DT990 pro 250ohm",45,realizator,,"Test jest powtórzeniem eksperymentów historycznych sprzed kilkudziesięciu lat. Praca doktorska, z tego co wiem, wymaga odkrycia czegoś nowego, rozwinięcia wiedzy, a nie powtarzania starych obserwacji.",80cdc65d-d6f2-4bd2-8829-fefe7cc325e1,hq_no_label,S10700,77,136256,
label_test_3,5,nie,tak,"DT990 pro 250ohm",45,realizator,,"Test jest powtórzeniem eksperymentów historycznych sprzed kilkudziesięciu lat. Praca doktorska, z tego co wiem, wymaga odkrycia czegoś nowego, rozwinięcia wiedzy, a nie powtarzania starych obserwacji.",80cdc65d-d6f2-4bd2-8829-fefe7cc325e1,hq_no_label,reference,96,136256,
label_test_3,5,nie,tak,"DT990 pro 250ohm",45,realizator,,"Test jest powtórzeniem eksperymentów historycznych sprzed kilkudziesięciu lat. Praca doktorska, z tego co wiem, wymaga odkrycia czegoś nowego, rozwinięcia wiedzy, a nie powtarzania starych obserwacji.",80cdc65d-d6f2-4bd2-8829-fefe7cc325e1,hq_no_label,S8700,52,136256,
label_test_3,5,nie,tak,"DT990 pro 250ohm",45,realizator,,"Test jest powtórzeniem eksperymentów historycznych sprzed kilkudziesięciu lat. Praca doktorska, z tego co wiem, wymaga odkrycia czegoś nowego, rozwinięcia wiedzy, a nie powtarzania starych obserwacji.",80cdc65d-d6f2-4bd2-8829-fefe7cc325e1,hq_no_label,S7000,33,136256,
label_test_3,5,nie,tak,"DT990 pro 250ohm",45,realizator,,"Test jest powtórzeniem eksperymentów historycznych sprzed kilkudziesięciu lat. Praca doktorska, z tego co wiem, wymaga odkrycia czegoś nowego, rozwinięcia wiedzy, a nie powtarzania starych obserwacji.",80cdc65d-d6f2-4bd2-8829-fefe7cc325e1,hq_no_label,S12000,100,136256,
label_test_3,4,nie,tak,"AKG K612 PRO",55,inny,muzyk,"Wprowadzen ie do testu zawiera dużo tekstu czytanego , można by było to zrobić krótkim wideo, Inna kwestia Co oznacza jakośc dzwieku - Mam dylemat:  czy jak słyszę więcej wysokich tonów przy słabym sygnale to jakość jest lepsza czy gorsza? zazwyczaj ucinanie wysokich tonów oznacza pogorszenie dzwieku, ale zniekszałcone wysokie też nie są komfortowe.",5579a32a-42bb-4efe-965a-e2b118bf30a4,trening,S8000,100,133474,
label_test_3,4,nie,tak,"AKG K612 PRO",55,inny,muzyk,"Wprowadzen ie do testu zawiera dużo tekstu czytanego , można by było to zrobić krótkim wideo, Inna kwestia Co oznacza jakośc dzwieku - Mam dylemat:  czy jak słyszę więcej wysokich tonów przy słabym sygnale to jakość jest lepsza czy gorsza? zazwyczaj ucinanie wysokich tonów oznacza pogorszenie dzwieku, ale zniekszałcone wysokie też nie są komfortowe.",5579a32a-42bb-4efe-965a-e2b118bf30a4,trening,S6000,19,133474,
label_test_3,4,nie,tak,"AKG K612 PRO",55,inny,muzyk,"Wprowadzen ie do testu zawiera dużo tekstu czytanego , można by było to zrobić krótkim wideo, Inna kwestia Co oznacza jakośc dzwieku - Mam dylemat:  czy jak słyszę więcej wysokich tonów przy słabym sygnale to jakość jest lepsza czy gorsza? zazwyczaj ucinanie wysokich tonów oznacza pogorszenie dzwieku, ale zniekszałcone wysokie też nie są komfortowe.",5579a32a-42bb-4efe-965a-e2b118bf30a4,trening,S4500,13,133474,
label_test_3,4,nie,tak,"AKG K612 PRO",55,inny,muzyk,"Wprowadzen ie do testu zawiera dużo tekstu czytanego , można by było to zrobić krótkim wideo, Inna kwestia Co oznacza jakośc dzwieku - Mam dylemat:  czy jak słyszę więcej wysokich tonów przy słabym sygnale to jakość jest lepsza czy gorsza? zazwyczaj ucinanie wysokich tonów oznacza pogorszenie dzwieku, ale zniekszałcone wysokie też nie są komfortowe.",5579a32a-42bb-4efe-965a-e2b118bf30a4,trening,S10000,100,133474,
label_test_3,4,nie,tak,"AKG K612 PRO",55,inny,muzyk,"Wprowadzen ie do testu zawiera dużo tekstu czytanego , można by było to zrobić krótkim wideo, Inna kwestia Co oznacza jakośc dzwieku - Mam dylemat:  czy jak słyszę więcej wysokich tonów przy słabym sygnale to jakość jest lepsza czy gorsza? zazwyczaj ucinanie wysokich tonów oznacza pogorszenie dzwieku, ale zniekszałcone wysokie też nie są komfortowe.",5579a32a-42bb-4efe-965a-e2b118bf30a4,trening,S5500,39,133474,
label_test_3,4,nie,tak,"AKG K612 PRO",55,inny,muzyk,"Wprowadzen ie do testu zawiera dużo tekstu czytanego , można by było to zrobić krótkim wideo, Inna kwestia Co oznacza jakośc dzwieku - Mam dylemat:  czy jak słyszę więcej wysokich tonów przy słabym sygnale to jakość jest lepsza czy gorsza? zazwyczaj ucinanie wysokich tonów oznacza pogorszenie dzwieku, ale zniekszałcone wysokie też nie są komfortowe.",5579a32a-42bb-4efe-965a-e2b118bf30a4,trening,S6500,73,133474,
label_test_3,4,nie,tak,"AKG K612 PRO",55,inny,muzyk,"Wprowadzen ie do testu zawiera dużo tekstu czytanego , można by było to zrobić krótkim wideo, Inna kwestia Co oznacza jakośc dzwieku - Mam dylemat:  czy jak słyszę więcej wysokich tonów przy słabym sygnale to jakość jest lepsza czy gorsza? zazwyczaj ucinanie wysokich tonów oznacza pogorszenie dzwieku, ale zniekszałcone wysokie też nie są komfortowe.",5579a32a-42bb-4efe-965a-e2b118bf30a4,trening,S5000,27,133474,
label_test_3,4,nie,tak,"AKG K612 PRO",55,inny,muzyk,"Wprowadzen ie do testu zawiera dużo tekstu czytanego , można by było to zrobić krótkim wideo, Inna kwestia Co oznacza jakośc dzwieku - Mam dylemat:  czy jak słyszę więcej wysokich tonów przy słabym sygnale to jakość jest lepsza czy gorsza? zazwyczaj ucinanie wysokich tonów oznacza pogorszenie dzwieku, ale zniekszałcone wysokie też nie są komfortowe.",5579a32a-42bb-4efe-965a-e2b118bf30a4,trening,S4000,12,133474,
label_test_3,4,nie,tak,"AKG K612 PRO",55,inny,muzyk,"Wprowadzen ie do testu zawiera dużo tekstu czytanego , można by było to zrobić krótkim wideo, Inna kwestia Co oznacza jakośc dzwieku - Mam dylemat:  czy jak słyszę więcej wysokich tonów przy słabym sygnale to jakość jest lepsza czy gorsza? zazwyczaj ucinanie wysokich tonów oznacza pogorszenie dzwieku, ale zniekszałcone wysokie też nie są komfortowe.",5579a32a-42bb-4efe-965a-e2b118bf30a4,trening,reference,100,133474,
label_test_3,4,nie,tak,"AKG K612 PRO",55,inny,muzyk,"Wprowadzen ie do testu zawiera dużo tekstu czytanego , można by było to zrobić krótkim wideo, Inna kwestia Co oznacza jakośc dzwieku - Mam dylemat:  czy jak słyszę więcej wysokich tonów przy słabym sygnale to jakość jest lepsza czy gorsza? zazwyczaj ucinanie wysokich tonów oznacza pogorszenie dzwieku, ale zniekszałcone wysokie też nie są komfortowe.",5579a32a-42bb-4efe-965a-e2b118bf30a4,trening,S3500,12,133474,
label_test_3,4,nie,tak,"AKG K612 PRO",55,inny,muzyk,"Wprowadzen ie do testu zawiera dużo tekstu czytanego , można by było to zrobić krótkim wideo, Inna kwestia Co oznacza jakośc dzwieku - Mam dylemat:  czy jak słyszę więcej wysokich tonów przy słabym sygnale to jakość jest lepsza czy gorsza? zazwyczaj ucinanie wysokich tonów oznacza pogorszenie dzwieku, ale zniekszałcone wysokie też nie są komfortowe.",5579a32a-42bb-4efe-965a-e2b118bf30a4,trening,S7000,81,133474,
label_test_3,4,nie,tak,"AKG K612 PRO",55,inny,muzyk,"Wprowadzen ie do testu zawiera dużo tekstu czytanego , można by było to zrobić krótkim wideo, Inna kwestia Co oznacza jakośc dzwieku - Mam dylemat:  czy jak słyszę więcej wysokich tonów przy słabym sygnale to jakość jest lepsza czy gorsza? zazwyczaj ucinanie wysokich tonów oznacza pogorszenie dzwieku, ale zniekszałcone wysokie też nie są komfortowe.",5579a32a-42bb-4efe-965a-e2b118bf30a4,lq_label,S4500,39,127825,
label_test_3,4,nie,tak,"AKG K612 PRO",55,inny,muzyk,"Wprowadzen ie do testu zawiera dużo tekstu czytanego , można by było to zrobić krótkim wideo, Inna kwestia Co oznacza jakośc dzwieku - Mam dylemat:  czy jak słyszę więcej wysokich tonów przy słabym sygnale to jakość jest lepsza czy gorsza? zazwyczaj ucinanie wysokich tonów oznacza pogorszenie dzwieku, ale zniekszałcone wysokie też nie są komfortowe.",5579a32a-42bb-4efe-965a-e2b118bf30a4,lq_label,S10000,100,127825,
label_test_3,4,nie,tak,"AKG K612 PRO",55,inny,muzyk,"Wprowadzen ie do testu zawiera dużo tekstu czytanego , można by było to zrobić krótkim wideo, Inna kwestia Co oznacza jakośc dzwieku - Mam dylemat:  czy jak słyszę więcej wysokich tonów przy słabym sygnale to jakość jest lepsza czy gorsza? zazwyczaj ucinanie wysokich tonów oznacza pogorszenie dzwieku, ale zniekszałcone wysokie też nie są komfortowe.",5579a32a-42bb-4efe-965a-e2b118bf30a4,lq_label,S4000,25,127825,
label_test_3,4,nie,tak,"AKG K612 PRO",55,inny,muzyk,"Wprowadzen ie do testu zawiera dużo tekstu czytanego , można by było to zrobić krótkim wideo, Inna kwestia Co oznacza jakośc dzwieku - Mam dylemat:  czy jak słyszę więcej wysokich tonów przy słabym sygnale to jakość jest lepsza czy gorsza? zazwyczaj ucinanie wysokich tonów oznacza pogorszenie dzwieku, ale zniekszałcone wysokie też nie są komfortowe.",5579a32a-42bb-4efe-965a-e2b118bf30a4,lq_label,S5000,31,127825,
label_test_3,4,nie,tak,"AKG K612 PRO",55,inny,muzyk,"Wprowadzen ie do testu zawiera dużo tekstu czytanego , można by było to zrobić krótkim wideo, Inna kwestia Co oznacza jakośc dzwieku - Mam dylemat:  czy jak słyszę więcej wysokich tonów przy słabym sygnale to jakość jest lepsza czy gorsza? zazwyczaj ucinanie wysokich tonów oznacza pogorszenie dzwieku, ale zniekszałcone wysokie też nie są komfortowe.",5579a32a-42bb-4efe-965a-e2b118bf30a4,lq_label,S8000,100,127825,
label_test_3,4,nie,tak,"AKG K612 PRO",55,inny,muzyk,"Wprowadzen ie do testu zawiera dużo tekstu czytanego , można by było to zrobić krótkim wideo, Inna kwestia Co oznacza jakośc dzwieku - Mam dylemat:  czy jak słyszę więcej wysokich tonów przy słabym sygnale to jakość jest lepsza czy gorsza? zazwyczaj ucinanie wysokich tonów oznacza pogorszenie dzwieku, ale zniekszałcone wysokie też nie są komfortowe.",5579a32a-42bb-4efe-965a-e2b118bf30a4,lq_label,S3500,23,127825,
label_test_3,4,nie,tak,"AKG K612 PRO",55,inny,muzyk,"Wprowadzen ie do testu zawiera dużo tekstu czytanego , można by było to zrobić krótkim wideo, Inna kwestia Co oznacza jakośc dzwieku - Mam dylemat:  czy jak słyszę więcej wysokich tonów przy słabym sygnale to jakość jest lepsza czy gorsza? zazwyczaj ucinanie wysokich tonów oznacza pogorszenie dzwieku, ale zniekszałcone wysokie też nie są komfortowe.",5579a32a-42bb-4efe-965a-e2b118bf30a4,lq_label,S6500,43,127825,
label_test_3,4,nie,tak,"AKG K612 PRO",55,inny,muzyk,"Wprowadzen ie do testu zawiera dużo tekstu czytanego , można by było to zrobić krótkim wideo, Inna kwestia Co oznacza jakośc dzwieku - Mam dylemat:  czy jak słyszę więcej wysokich tonów przy słabym sygnale to jakość jest lepsza czy gorsza? zazwyczaj ucinanie wysokich tonów oznacza pogorszenie dzwieku, ale zniekszałcone wysokie też nie są komfortowe.",5579a32a-42bb-4efe-965a-e2b118bf30a4,lq_label,reference,100,127825,
label_test_3,4,nie,tak,"AKG K612 PRO",55,inny,muzyk,"Wprowadzen ie do testu zawiera dużo tekstu czytanego , można by było to zrobić krótkim wideo, Inna kwestia Co oznacza jakośc dzwieku - Mam dylemat:  czy jak słyszę więcej wysokich tonów przy słabym sygnale to jakość jest lepsza czy gorsza? zazwyczaj ucinanie wysokich tonów oznacza pogorszenie dzwieku, ale zniekszałcone wysokie też nie są komfortowe.",5579a32a-42bb-4efe-965a-e2b118bf30a4,lq_label,S6000,33,127825,
label_test_3,4,nie,tak,"AKG K612 PRO",55,inny,muzyk,"Wprowadzen ie do testu zawiera dużo tekstu czytanego , można by było to zrobić krótkim wideo, Inna kwestia Co oznacza jakośc dzwieku - Mam dylemat:  czy jak słyszę więcej wysokich tonów przy słabym sygnale to jakość jest lepsza czy gorsza? zazwyczaj ucinanie wysokich tonów oznacza pogorszenie dzwieku, ale zniekszałcone wysokie też nie są komfortowe.",5579a32a-42bb-4efe-965a-e2b118bf30a4,lq_label,S7000,65,127825,
label_test_3,4,nie,tak,"AKG K612 PRO",55,inny,muzyk,"Wprowadzen ie do testu zawiera dużo tekstu czytanego , można by było to zrobić krótkim wideo, Inna kwestia Co oznacza jakośc dzwieku - Mam dylemat:  czy jak słyszę więcej wysokich tonów przy słabym sygnale to jakość jest lepsza czy gorsza? zazwyczaj ucinanie wysokich tonów oznacza pogorszenie dzwieku, ale zniekszałcone wysokie też nie są komfortowe.",5579a32a-42bb-4efe-965a-e2b118bf30a4,lq_label,S5500,29,127825,
label_test_3,4,nie,tak,"AKG K612 PRO",55,inny,muzyk,"Wprowadzen ie do testu zawiera dużo tekstu czytanego , można by było to zrobić krótkim wideo, Inna kwestia Co oznacza jakośc dzwieku - Mam dylemat:  czy jak słyszę więcej wysokich tonów przy słabym sygnale to jakość jest lepsza czy gorsza? zazwyczaj ucinanie wysokich tonów oznacza pogorszenie dzwieku, ale zniekszałcone wysokie też nie są komfortowe.",5579a32a-42bb-4efe-965a-e2b118bf30a4,lq_label,S3500,26,87703,
label_test_3,4,nie,tak,"AKG K612 PRO",55,inny,muzyk,"Wprowadzen ie do testu zawiera dużo tekstu czytanego , można by było to zrobić krótkim wideo, Inna kwestia Co oznacza jakośc dzwieku - Mam dylemat:  czy jak słyszę więcej wysokich tonów przy słabym sygnale to jakość jest lepsza czy gorsza? zazwyczaj ucinanie wysokich tonów oznacza pogorszenie dzwieku, ale zniekszałcone wysokie też nie są komfortowe.",5579a32a-42bb-4efe-965a-e2b118bf30a4,lq_label,S6000,33,87703,
label_test_3,4,nie,tak,"AKG K612 PRO",55,inny,muzyk,"Wprowadzen ie do testu zawiera dużo tekstu czytanego , można by było to zrobić krótkim wideo, Inna kwestia Co oznacza jakośc dzwieku - Mam dylemat:  czy jak słyszę więcej wysokich tonów przy słabym sygnale to jakość jest lepsza czy gorsza? zazwyczaj ucinanie wysokich tonów oznacza pogorszenie dzwieku, ale zniekszałcone wysokie też nie są komfortowe.",5579a32a-42bb-4efe-965a-e2b118bf30a4,lq_label,S4500,26,87703,
label_test_3,4,nie,tak,"AKG K612 PRO",55,inny,muzyk,"Wprowadzen ie do testu zawiera dużo tekstu czytanego , można by było to zrobić krótkim wideo, Inna kwestia Co oznacza jakośc dzwieku - Mam dylemat:  czy jak słyszę więcej wysokich tonów przy słabym sygnale to jakość jest lepsza czy gorsza? zazwyczaj ucinanie wysokich tonów oznacza pogorszenie dzwieku, ale zniekszałcone wysokie też nie są komfortowe.",5579a32a-42bb-4efe-965a-e2b118bf30a4,lq_label,reference,100,87703,
label_test_3,4,nie,tak,"AKG K612 PRO",55,inny,muzyk,"Wprowadzen ie do testu zawiera dużo tekstu czytanego , można by było to zrobić krótkim wideo, Inna kwestia Co oznacza jakośc dzwieku - Mam dylemat:  czy jak słyszę więcej wysokich tonów przy słabym sygnale to jakość jest lepsza czy gorsza? zazwyczaj ucinanie wysokich tonów oznacza pogorszenie dzwieku, ale zniekszałcone wysokie też nie są komfortowe.",5579a32a-42bb-4efe-965a-e2b118bf30a4,lq_label,S7000,64,87703,
label_test_3,4,nie,tak,"AKG K612 PRO",55,inny,muzyk,"Wprowadzen ie do testu zawiera dużo tekstu czytanego , można by było to zrobić krótkim wideo, Inna kwestia Co oznacza jakośc dzwieku - Mam dylemat:  czy jak słyszę więcej wysokich tonów przy słabym sygnale to jakość jest lepsza czy gorsza? zazwyczaj ucinanie wysokich tonów oznacza pogorszenie dzwieku, ale zniekszałcone wysokie też nie są komfortowe.",5579a32a-42bb-4efe-965a-e2b118bf30a4,lq_label,S10000,100,87703,
label_test_3,4,nie,tak,"AKG K612 PRO",55,inny,muzyk,"Wprowadzen ie do testu zawiera dużo tekstu czytanego , można by było to zrobić krótkim wideo, Inna kwestia Co oznacza jakośc dzwieku - Mam dylemat:  czy jak słyszę więcej wysokich tonów przy słabym sygnale to jakość jest lepsza czy gorsza? zazwyczaj ucinanie wysokich tonów oznacza pogorszenie dzwieku, ale zniekszałcone wysokie też nie są komfortowe.",5579a32a-42bb-4efe-965a-e2b118bf30a4,lq_label,S5500,28,87703,
label_test_3,4,nie,tak,"AKG K612 PRO",55,inny,muzyk,"Wprowadzen ie do testu zawiera dużo tekstu czytanego , można by było to zrobić krótkim wideo, Inna kwestia Co oznacza jakośc dzwieku - Mam dylemat:  czy jak słyszę więcej wysokich tonów przy słabym sygnale to jakość jest lepsza czy gorsza? zazwyczaj ucinanie wysokich tonów oznacza pogorszenie dzwieku, ale zniekszałcone wysokie też nie są komfortowe.",5579a32a-42bb-4efe-965a-e2b118bf30a4,lq_label,S6500,33,87703,
label_test_3,4,nie,tak,"AKG K612 PRO",55,inny,muzyk,"Wprowadzen ie do testu zawiera dużo tekstu czytanego , można by było to zrobić krótkim wideo, Inna kwestia Co oznacza jakośc dzwieku - Mam dylemat:  czy jak słyszę więcej wysokich tonów przy słabym sygnale to jakość jest lepsza czy gorsza? zazwyczaj ucinanie wysokich tonów oznacza pogorszenie dzwieku, ale zniekszałcone wysokie też nie są komfortowe.",5579a32a-42bb-4efe-965a-e2b118bf30a4,lq_label,S5000,28,87703,
label_test_3,4,nie,tak,"AKG K612 PRO",55,inny,muzyk,"Wprowadzen ie do testu zawiera dużo tekstu czytanego , można by było to zrobić krótkim wideo, Inna kwestia Co oznacza jakośc dzwieku - Mam dylemat:  czy jak słyszę więcej wysokich tonów przy słabym sygnale to jakość jest lepsza czy gorsza? zazwyczaj ucinanie wysokich tonów oznacza pogorszenie dzwieku, ale zniekszałcone wysokie też nie są komfortowe.",5579a32a-42bb-4efe-965a-e2b118bf30a4,lq_label,S4000,29,87703,
label_test_3,4,nie,tak,"AKG K612 PRO",55,inny,muzyk,"Wprowadzen ie do testu zawiera dużo tekstu czytanego , można by było to zrobić krótkim wideo, Inna kwestia Co oznacza jakośc dzwieku - Mam dylemat:  czy jak słyszę więcej wysokich tonów przy słabym sygnale to jakość jest lepsza czy gorsza? zazwyczaj ucinanie wysokich tonów oznacza pogorszenie dzwieku, ale zniekszałcone wysokie też nie są komfortowe.",5579a32a-42bb-4efe-965a-e2b118bf30a4,lq_label,S8000,100,87703,
label_test_3,1,tak,tak,"AKG K702",25,doktorant,,,707fc413-709e-4acb-a875-e82c91655f65,trening,S12000,82,262620,
label_test_3,1,tak,tak,"AKG K702",25,doktorant,,,707fc413-709e-4acb-a875-e82c91655f65,trening,S8000,85,262620,
label_test_3,1,tak,tak,"AKG K702",25,doktorant,,,707fc413-709e-4acb-a875-e82c91655f65,trening,S10000,63,262620,
label_test_3,1,tak,tak,"AKG K702",25,doktorant,,,707fc413-709e-4acb-a875-e82c91655f65,trening,S7000,87,262620,
label_test_3,1,tak,tak,"AKG K702",25,doktorant,,,707fc413-709e-4acb-a875-e82c91655f65,trening,S8700,95,262620,
label_test_3,1,tak,tak,"AKG K702",25,doktorant,,,707fc413-709e-4acb-a875-e82c91655f65,trening,S5500,51,262620,
label_test_3,1,tak,tak,"AKG K702",25,doktorant,,,707fc413-709e-4acb-a875-e82c91655f65,trening,reference,81,262620,
label_test_3,1,tak,tak,"AKG K702",25,doktorant,,,707fc413-709e-4acb-a875-e82c91655f65,trening,S10700,95,262620,
label_test_3,1,tak,tak,"AKG K702",25,doktorant,,,707fc413-709e-4acb-a875-e82c91655f65,trening,S11300,91,262620,
label_test_3,1,tak,tak,"AKG K702",25,doktorant,,,707fc413-709e-4acb-a875-e82c91655f65,trening,S9300,100,262620,
label_test_3,1,tak,tak,"AKG K702",25,doktorant,,,707fc413-709e-4acb-a875-e82c91655f65,trening,S3500,16,262620,
label_test_3,1,tak,tak,"AKG K702",25,doktorant,,,707fc413-709e-4acb-a875-e82c91655f65,hq_label,S9300,93,131861,
label_test_3,1,tak,tak,"AKG K702",25,doktorant,,,707fc413-709e-4acb-a875-e82c91655f65,hq_label,S10000,94,131861,
label_test_3,1,tak,tak,"AKG K702",25,doktorant,,,707fc413-709e-4acb-a875-e82c91655f65,hq_label,reference,85,131861,
label_test_3,1,tak,tak,"AKG K702",25,doktorant,,,707fc413-709e-4acb-a875-e82c91655f65,hq_label,S3500,24,131861,
label_test_3,1,tak,tak,"AKG K702",25,doktorant,,,707fc413-709e-4acb-a875-e82c91655f65,hq_label,S5500,90,131861,
label_test_3,1,tak,tak,"AKG K702",25,doktorant,,,707fc413-709e-4acb-a875-e82c91655f65,hq_label,S7000,75,131861,
label_test_3,1,tak,tak,"AKG K702",25,doktorant,,,707fc413-709e-4acb-a875-e82c91655f65,hq_label,S8700,96,131861,
label_test_3,1,tak,tak,"AKG K702",25,doktorant,,,707fc413-709e-4acb-a875-e82c91655f65,hq_label,S12000,87,131861,
label_test_3,1,tak,tak,"AKG K702",25,doktorant,,,707fc413-709e-4acb-a875-e82c91655f65,hq_label,S8000,86,131861,
label_test_3,1,tak,tak,"AKG K702",25,doktorant,,,707fc413-709e-4acb-a875-e82c91655f65,hq_label,S10700,90,131861,
label_test_3,1,tak,tak,"AKG K702",25,doktorant,,,707fc413-709e-4acb-a875-e82c91655f65,hq_label,S11300,100,131861,
label_test_3,1,tak,tak,"AKG K702",25,doktorant,,,707fc413-709e-4acb-a875-e82c91655f65,hq_label,S8000,84,114277,
label_test_3,1,tak,tak,"AKG K702",25,doktorant,,,707fc413-709e-4acb-a875-e82c91655f65,hq_label,S7000,86,114277,
label_test_3,1,tak,tak,"AKG K702",25,doktorant,,,707fc413-709e-4acb-a875-e82c91655f65,hq_label,S9300,93,114277,
label_test_3,1,tak,tak,"AKG K702",25,doktorant,,,707fc413-709e-4acb-a875-e82c91655f65,hq_label,S12000,93,114277,
label_test_3,1,tak,tak,"AKG K702",25,doktorant,,,707fc413-709e-4acb-a875-e82c91655f65,hq_label,reference,100,114277,
label_test_3,1,tak,tak,"AKG K702",25,doktorant,,,707fc413-709e-4acb-a875-e82c91655f65,hq_label,S3500,21,114277,
label_test_3,1,tak,tak,"AKG K702",25,doktorant,,,707fc413-709e-4acb-a875-e82c91655f65,hq_label,S11300,90,114277,
label_test_3,1,tak,tak,"AKG K702",25,doktorant,,,707fc413-709e-4acb-a875-e82c91655f65,hq_label,S10700,93,114277,
label_test_3,1,tak,tak,"AKG K702",25,doktorant,,,707fc413-709e-4acb-a875-e82c91655f65,hq_label,S8700,91,114277,
label_test_3,1,tak,tak,"AKG K702",25,doktorant,,,707fc413-709e-4acb-a875-e82c91655f65,hq_label,S5500,83,114277,
label_test_3,1,tak,tak,"AKG K702",25,doktorant,,,707fc413-709e-4acb-a875-e82c91655f65,hq_label,S10000,73,114277,
label_test_3,3,tak,tak,"Beyerdynamic DT 770",55,inny,"pracownik naukowo-dydaktyczny zwiazany z tematyka dzwiekowa","bardzo ladnie przygotowany test",4baa44d9-cbbb-473b-aac0-55fef4fdc08c,trening,S3500,30,256255,
label_test_3,3,tak,tak,"Beyerdynamic DT 770",55,inny,"pracownik naukowo-dydaktyczny zwiazany z tematyka dzwiekowa","bardzo ladnie przygotowany test",4baa44d9-cbbb-473b-aac0-55fef4fdc08c,trening,reference,100,256255,
label_test_3,3,tak,tak,"Beyerdynamic DT 770",55,inny,"pracownik naukowo-dydaktyczny zwiazany z tematyka dzwiekowa","bardzo ladnie przygotowany test",4baa44d9-cbbb-473b-aac0-55fef4fdc08c,trening,S7000,25,256255,
label_test_3,3,tak,tak,"Beyerdynamic DT 770",55,inny,"pracownik naukowo-dydaktyczny zwiazany z tematyka dzwiekowa","bardzo ladnie przygotowany test",4baa44d9-cbbb-473b-aac0-55fef4fdc08c,trening,S5500,25,256255,
label_test_3,3,tak,tak,"Beyerdynamic DT 770",55,inny,"pracownik naukowo-dydaktyczny zwiazany z tematyka dzwiekowa","bardzo ladnie przygotowany test",4baa44d9-cbbb-473b-aac0-55fef4fdc08c,trening,S10000,80,256255,
label_test_3,3,tak,tak,"Beyerdynamic DT 770",55,inny,"pracownik naukowo-dydaktyczny zwiazany z tematyka dzwiekowa","bardzo ladnie przygotowany test",4baa44d9-cbbb-473b-aac0-55fef4fdc08c,trening,S8000,50,256255,
label_test_3,3,tak,tak,"Beyerdynamic DT 770",55,inny,"pracownik naukowo-dydaktyczny zwiazany z tematyka dzwiekowa","bardzo ladnie przygotowany test",4baa44d9-cbbb-473b-aac0-55fef4fdc08c,trening,S6000,35,256255,
label_test_3,3,tak,tak,"Beyerdynamic DT 770",55,inny,"pracownik naukowo-dydaktyczny zwiazany z tematyka dzwiekowa","bardzo ladnie przygotowany test",4baa44d9-cbbb-473b-aac0-55fef4fdc08c,trening,S5000,25,256255,
label_test_3,3,tak,tak,"Beyerdynamic DT 770",55,inny,"pracownik naukowo-dydaktyczny zwiazany z tematyka dzwiekowa","bardzo ladnie przygotowany test",4baa44d9-cbbb-473b-aac0-55fef4fdc08c,trening,S6500,80,256255,
label_test_3,3,tak,tak,"Beyerdynamic DT 770",55,inny,"pracownik naukowo-dydaktyczny zwiazany z tematyka dzwiekowa","bardzo ladnie przygotowany test",4baa44d9-cbbb-473b-aac0-55fef4fdc08c,trening,S4000,20,256255,
label_test_3,3,tak,tak,"Beyerdynamic DT 770",55,inny,"pracownik naukowo-dydaktyczny zwiazany z tematyka dzwiekowa","bardzo ladnie przygotowany test",4baa44d9-cbbb-473b-aac0-55fef4fdc08c,trening,S4500,50,256255,
label_test_3,3,tak,tak,"Beyerdynamic DT 770",55,inny,"pracownik naukowo-dydaktyczny zwiazany z tematyka dzwiekowa","bardzo ladnie przygotowany test",4baa44d9-cbbb-473b-aac0-55fef4fdc08c,lq_label,S4500,33,315397,
label_test_3,3,tak,tak,"Beyerdynamic DT 770",55,inny,"pracownik naukowo-dydaktyczny zwiazany z tematyka dzwiekowa","bardzo ladnie przygotowany test",4baa44d9-cbbb-473b-aac0-55fef4fdc08c,lq_label,S8000,60,315397,
label_test_3,3,tak,tak,"Beyerdynamic DT 770",55,inny,"pracownik naukowo-dydaktyczny zwiazany z tematyka dzwiekowa","bardzo ladnie przygotowany test",4baa44d9-cbbb-473b-aac0-55fef4fdc08c,lq_label,S4000,25,315397,
label_test_3,3,tak,tak,"Beyerdynamic DT 770",55,inny,"pracownik naukowo-dydaktyczny zwiazany z tematyka dzwiekowa","bardzo ladnie przygotowany test",4baa44d9-cbbb-473b-aac0-55fef4fdc08c,lq_label,S7000,70,315397,
label_test_3,3,tak,tak,"Beyerdynamic DT 770",55,inny,"pracownik naukowo-dydaktyczny zwiazany z tematyka dzwiekowa","bardzo ladnie przygotowany test",4baa44d9-cbbb-473b-aac0-55fef4fdc08c,lq_label,S10000,95,315397,
label_test_3,3,tak,tak,"Beyerdynamic DT 770",55,inny,"pracownik naukowo-dydaktyczny zwiazany z tematyka dzwiekowa","bardzo ladnie przygotowany test",4baa44d9-cbbb-473b-aac0-55fef4fdc08c,lq_label,reference,100,315397,
label_test_3,3,tak,tak,"Beyerdynamic DT 770",55,inny,"pracownik naukowo-dydaktyczny zwiazany z tematyka dzwiekowa","bardzo ladnie przygotowany test",4baa44d9-cbbb-473b-aac0-55fef4fdc08c,lq_label,S5500,33,315397,
label_test_3,3,tak,tak,"Beyerdynamic DT 770",55,inny,"pracownik naukowo-dydaktyczny zwiazany z tematyka dzwiekowa","bardzo ladnie przygotowany test",4baa44d9-cbbb-473b-aac0-55fef4fdc08c,lq_label,S6000,25,315397,
label_test_3,3,tak,tak,"Beyerdynamic DT 770",55,inny,"pracownik naukowo-dydaktyczny zwiazany z tematyka dzwiekowa","bardzo ladnie przygotowany test",4baa44d9-cbbb-473b-aac0-55fef4fdc08c,lq_label,S3500,10,315397,
label_test_3,3,tak,tak,"Beyerdynamic DT 770",55,inny,"pracownik naukowo-dydaktyczny zwiazany z tematyka dzwiekowa","bardzo ladnie przygotowany test",4baa44d9-cbbb-473b-aac0-55fef4fdc08c,lq_label,S5000,60,315397,
label_test_3,3,tak,tak,"Beyerdynamic DT 770",55,inny,"pracownik naukowo-dydaktyczny zwiazany z tematyka dzwiekowa","bardzo ladnie przygotowany test",4baa44d9-cbbb-473b-aac0-55fef4fdc08c,lq_label,S6500,80,315397,
label_test_3,3,tak,tak,"Beyerdynamic DT 770",55,inny,"pracownik naukowo-dydaktyczny zwiazany z tematyka dzwiekowa","bardzo ladnie przygotowany test",4baa44d9-cbbb-473b-aac0-55fef4fdc08c,lq_label,S5500,60,213773,
label_test_3,3,tak,tak,"Beyerdynamic DT 770",55,inny,"pracownik naukowo-dydaktyczny zwiazany z tematyka dzwiekowa","bardzo ladnie przygotowany test",4baa44d9-cbbb-473b-aac0-55fef4fdc08c,lq_label,S7000,80,213773,
label_test_3,3,tak,tak,"Beyerdynamic DT 770",55,inny,"pracownik naukowo-dydaktyczny zwiazany z tematyka dzwiekowa","bardzo ladnie przygotowany test",4baa44d9-cbbb-473b-aac0-55fef4fdc08c,lq_label,S6000,70,213773,
label_test_3,3,tak,tak,"Beyerdynamic DT 770",55,inny,"pracownik naukowo-dydaktyczny zwiazany z tematyka dzwiekowa","bardzo ladnie przygotowany test",4baa44d9-cbbb-473b-aac0-55fef4fdc08c,lq_label,S8000,75,213773,
label_test_3,3,tak,tak,"Beyerdynamic DT 770",55,inny,"pracownik naukowo-dydaktyczny zwiazany z tematyka dzwiekowa","bardzo ladnie przygotowany test",4baa44d9-cbbb-473b-aac0-55fef4fdc08c,lq_label,S3500,20,213773,
label_test_3,3,tak,tak,"Beyerdynamic DT 770",55,inny,"pracownik naukowo-dydaktyczny zwiazany z tematyka dzwiekowa","bardzo ladnie przygotowany test",4baa44d9-cbbb-473b-aac0-55fef4fdc08c,lq_label,S4000,33,213773,
label_test_3,3,tak,tak,"Beyerdynamic DT 770",55,inny,"pracownik naukowo-dydaktyczny zwiazany z tematyka dzwiekowa","bardzo ladnie przygotowany test",4baa44d9-cbbb-473b-aac0-55fef4fdc08c,lq_label,S5000,67,213773,
label_test_3,3,tak,tak,"Beyerdynamic DT 770",55,inny,"pracownik naukowo-dydaktyczny zwiazany z tematyka dzwiekowa","bardzo ladnie przygotowany test",4baa44d9-cbbb-473b-aac0-55fef4fdc08c,lq_label,reference,100,213773,
label_test_3,3,tak,tak,"Beyerdynamic DT 770",55,inny,"pracownik naukowo-dydaktyczny zwiazany z tematyka dzwiekowa","bardzo ladnie przygotowany test",4baa44d9-cbbb-473b-aac0-55fef4fdc08c,lq_label,S6500,65,213773,
label_test_3,3,tak,tak,"Beyerdynamic DT 770",55,inny,"pracownik naukowo-dydaktyczny zwiazany z tematyka dzwiekowa","bardzo ladnie przygotowany test",4baa44d9-cbbb-473b-aac0-55fef4fdc08c,lq_label,S4500,45,213773,
label_test_3,3,tak,tak,"Beyerdynamic DT 770",55,inny,"pracownik naukowo-dydaktyczny zwiazany z tematyka dzwiekowa","bardzo ladnie przygotowany test",4baa44d9-cbbb-473b-aac0-55fef4fdc08c,lq_label,S10000,95,213773,
label_test_3,4,nie,nie,"Audeze LCD-2 Classic",18,student,,,c4b8afb9-38b6-4610-9fe1-7bcd69cae5b4,trening,S12000,87,503871,
label_test_3,4,nie,nie,"Audeze LCD-2 Classic",18,student,,,c4b8afb9-38b6-4610-9fe1-7bcd69cae5b4,trening,S8000,34,503871,
label_test_3,4,nie,nie,"Audeze LCD-2 Classic",18,student,,,c4b8afb9-38b6-4610-9fe1-7bcd69cae5b4,trening,S8700,55,503871,
label_test_3,4,nie,nie,"Audeze LCD-2 Classic",18,student,,,c4b8afb9-38b6-4610-9fe1-7bcd69cae5b4,trening,S10000,67,503871,
label_test_3,4,nie,nie,"Audeze LCD-2 Classic",18,student,,,c4b8afb9-38b6-4610-9fe1-7bcd69cae5b4,trening,S3500,10,503871,
label_test_3,4,nie,nie,"Audeze LCD-2 Classic",18,student,,,c4b8afb9-38b6-4610-9fe1-7bcd69cae5b4,trening,S9300,60,503871,
label_test_3,4,nie,nie,"Audeze LCD-2 Classic",18,student,,,c4b8afb9-38b6-4610-9fe1-7bcd69cae5b4,trening,S10700,72,503871,
label_test_3,4,nie,nie,"Audeze LCD-2 Classic",18,student,,,c4b8afb9-38b6-4610-9fe1-7bcd69cae5b4,trening,reference,100,503871,
label_test_3,4,nie,nie,"Audeze LCD-2 Classic",18,student,,,c4b8afb9-38b6-4610-9fe1-7bcd69cae5b4,trening,S5500,24,503871,
label_test_3,4,nie,nie,"Audeze LCD-2 Classic",18,student,,,c4b8afb9-38b6-4610-9fe1-7bcd69cae5b4,trening,S11300,77,503871,
label_test_3,4,nie,nie,"Audeze LCD-2 Classic",18,student,,,c4b8afb9-38b6-4610-9fe1-7bcd69cae5b4,trening,S7000,44,503871,
label_test_3,4,nie,nie,"Audeze LCD-2 Classic",18,student,,,c4b8afb9-38b6-4610-9fe1-7bcd69cae5b4,hq_no_label,S7000,20,700100,
label_test_3,4,nie,nie,"Audeze LCD-2 Classic",18,student,,,c4b8afb9-38b6-4610-9fe1-7bcd69cae5b4,hq_no_label,S10700,70,700100,
label_test_3,4,nie,nie,"Audeze LCD-2 Classic",18,student,,,c4b8afb9-38b6-4610-9fe1-7bcd69cae5b4,hq_no_label,S9300,40,700100,
label_test_3,4,nie,nie,"Audeze LCD-2 Classic",18,student,,,c4b8afb9-38b6-4610-9fe1-7bcd69cae5b4,hq_no_label,S8000,30,700100,
label_test_3,4,nie,nie,"Audeze LCD-2 Classic",18,student,,,c4b8afb9-38b6-4610-9fe1-7bcd69cae5b4,hq_no_label,S10000,60,700100,
label_test_3,4,nie,nie,"Audeze LCD-2 Classic",18,student,,,c4b8afb9-38b6-4610-9fe1-7bcd69cae5b4,hq_no_label,S8700,50,700100,
label_test_3,4,nie,nie,"Audeze LCD-2 Classic",18,student,,,c4b8afb9-38b6-4610-9fe1-7bcd69cae5b4,hq_no_label,S3500,0,700100,
label_test_3,4,nie,nie,"Audeze LCD-2 Classic",18,student,,,c4b8afb9-38b6-4610-9fe1-7bcd69cae5b4,hq_no_label,S5500,10,700100,
label_test_3,4,nie,nie,"Audeze LCD-2 Classic",18,student,,,c4b8afb9-38b6-4610-9fe1-7bcd69cae5b4,hq_no_label,reference,100,700100,
label_test_3,4,nie,nie,"Audeze LCD-2 Classic",18,student,,,c4b8afb9-38b6-4610-9fe1-7bcd69cae5b4,hq_no_label,S11300,80,700100,
label_test_3,4,nie,nie,"Audeze LCD-2 Classic",18,student,,,c4b8afb9-38b6-4610-9fe1-7bcd69cae5b4,hq_no_label,S12000,90,700100,
label_test_3,4,nie,nie,"Audeze LCD-2 Classic",18,student,,,c4b8afb9-38b6-4610-9fe1-7bcd69cae5b4,hq_no_label,S10000,60,467112,
label_test_3,4,nie,nie,"Audeze LCD-2 Classic",18,student,,,c4b8afb9-38b6-4610-9fe1-7bcd69cae5b4,hq_no_label,S3500,0,467112,
label_test_3,4,nie,nie,"Audeze LCD-2 Classic",18,student,,,c4b8afb9-38b6-4610-9fe1-7bcd69cae5b4,hq_no_label,S9300,50,467112,
label_test_3,4,nie,nie,"Audeze LCD-2 Classic",18,student,,,c4b8afb9-38b6-4610-9fe1-7bcd69cae5b4,hq_no_label,S12000,90,467112,
label_test_3,4,nie,nie,"Audeze LCD-2 Classic",18,student,,,c4b8afb9-38b6-4610-9fe1-7bcd69cae5b4,hq_no_label,reference,100,467112,
label_test_3,4,nie,nie,"Audeze LCD-2 Classic",18,student,,,c4b8afb9-38b6-4610-9fe1-7bcd69cae5b4,hq_no_label,S11300,80,467112,
label_test_3,4,nie,nie,"Audeze LCD-2 Classic",18,student,,,c4b8afb9-38b6-4610-9fe1-7bcd69cae5b4,hq_no_label,S8000,20,467112,
label_test_3,4,nie,nie,"Audeze LCD-2 Classic",18,student,,,c4b8afb9-38b6-4610-9fe1-7bcd69cae5b4,hq_no_label,S10700,70,467112,
label_test_3,4,nie,nie,"Audeze LCD-2 Classic",18,student,,,c4b8afb9-38b6-4610-9fe1-7bcd69cae5b4,hq_no_label,S5500,10,467112,
label_test_3,4,nie,nie,"Audeze LCD-2 Classic",18,student,,,c4b8afb9-38b6-4610-9fe1-7bcd69cae5b4,hq_no_label,S7000,30,467112,
label_test_3,4,nie,nie,"Audeze LCD-2 Classic",18,student,,,c4b8afb9-38b6-4610-9fe1-7bcd69cae5b4,hq_no_label,S8700,40,467112,
label_test_3,2,nie,tak,"Audiotechnika ATH-M20X podłączonych do interfejsu ",18,student,,,0a987831-1038-481b-aaa8-06d9efc19546,trening,S5500,38,79799,
label_test_3,2,nie,tak,"Audiotechnika ATH-M20X podłączonych do interfejsu ",18,student,,,0a987831-1038-481b-aaa8-06d9efc19546,trening,reference,99,79799,
label_test_3,2,nie,tak,"Audiotechnika ATH-M20X podłączonych do interfejsu ",18,student,,,0a987831-1038-481b-aaa8-06d9efc19546,trening,S4000,46,79799,
label_test_3,2,nie,tak,"Audiotechnika ATH-M20X podłączonych do interfejsu ",18,student,,,0a987831-1038-481b-aaa8-06d9efc19546,trening,S5000,44,79799,
label_test_3,2,nie,tak,"Audiotechnika ATH-M20X podłączonych do interfejsu ",18,student,,,0a987831-1038-481b-aaa8-06d9efc19546,trening,S6500,54,79799,
label_test_3,2,nie,tak,"Audiotechnika ATH-M20X podłączonych do interfejsu ",18,student,,,0a987831-1038-481b-aaa8-06d9efc19546,trening,S3500,17,79799,
label_test_3,2,nie,tak,"Audiotechnika ATH-M20X podłączonych do interfejsu ",18,student,,,0a987831-1038-481b-aaa8-06d9efc19546,trening,S6000,74,79799,
label_test_3,2,nie,tak,"Audiotechnika ATH-M20X podłączonych do interfejsu ",18,student,,,0a987831-1038-481b-aaa8-06d9efc19546,trening,S10000,93,79799,
label_test_3,2,nie,tak,"Audiotechnika ATH-M20X podłączonych do interfejsu ",18,student,,,0a987831-1038-481b-aaa8-06d9efc19546,trening,S4500,25,79799,
label_test_3,2,nie,tak,"Audiotechnika ATH-M20X podłączonych do interfejsu ",18,student,,,0a987831-1038-481b-aaa8-06d9efc19546,trening,S8000,67,79799,
label_test_3,2,nie,tak,"Audiotechnika ATH-M20X podłączonych do interfejsu ",18,student,,,0a987831-1038-481b-aaa8-06d9efc19546,trening,S7000,30,79799,
label_test_3,2,nie,tak,"Audiotechnika ATH-M20X podłączonych do interfejsu ",18,student,,,0a987831-1038-481b-aaa8-06d9efc19546,lq_label,S5500,17,68298,
label_test_3,2,nie,tak,"Audiotechnika ATH-M20X podłączonych do interfejsu ",18,student,,,0a987831-1038-481b-aaa8-06d9efc19546,lq_label,S6500,30,68298,
label_test_3,2,nie,tak,"Audiotechnika ATH-M20X podłączonych do interfejsu ",18,student,,,0a987831-1038-481b-aaa8-06d9efc19546,lq_label,reference,100,68298,
label_test_3,2,nie,tak,"Audiotechnika ATH-M20X podłączonych do interfejsu ",18,student,,,0a987831-1038-481b-aaa8-06d9efc19546,lq_label,S3500,9,68298,
label_test_3,2,nie,tak,"Audiotechnika ATH-M20X podłączonych do interfejsu ",18,student,,,0a987831-1038-481b-aaa8-06d9efc19546,lq_label,S4000,25,68298,
label_test_3,2,nie,tak,"Audiotechnika ATH-M20X podłączonych do interfejsu ",18,student,,,0a987831-1038-481b-aaa8-06d9efc19546,lq_label,S10000,70,68298,
label_test_3,2,nie,tak,"Audiotechnika ATH-M20X podłączonych do interfejsu ",18,student,,,0a987831-1038-481b-aaa8-06d9efc19546,lq_label,S8000,61,68298,
label_test_3,2,nie,tak,"Audiotechnika ATH-M20X podłączonych do interfejsu ",18,student,,,0a987831-1038-481b-aaa8-06d9efc19546,lq_label,S4500,44,68298,
label_test_3,2,nie,tak,"Audiotechnika ATH-M20X podłączonych do interfejsu ",18,student,,,0a987831-1038-481b-aaa8-06d9efc19546,lq_label,S6000,32,68298,
label_test_3,2,nie,tak,"Audiotechnika ATH-M20X podłączonych do interfejsu ",18,student,,,0a987831-1038-481b-aaa8-06d9efc19546,lq_label,S7000,23,68298,
label_test_3,2,nie,tak,"Audiotechnika ATH-M20X podłączonych do interfejsu ",18,student,,,0a987831-1038-481b-aaa8-06d9efc19546,lq_label,S5000,29,68298,
label_test_3,2,nie,tak,"Audiotechnika ATH-M20X podłączonych do interfejsu ",18,student,,,0a987831-1038-481b-aaa8-06d9efc19546,lq_label,S4000,100,2264,
label_test_3,2,nie,tak,"Audiotechnika ATH-M20X podłączonych do interfejsu ",18,student,,,0a987831-1038-481b-aaa8-06d9efc19546,lq_label,S5000,100,2264,
label_test_3,2,nie,tak,"Audiotechnika ATH-M20X podłączonych do interfejsu ",18,student,,,0a987831-1038-481b-aaa8-06d9efc19546,lq_label,S5500,100,2264,
label_test_3,2,nie,tak,"Audiotechnika ATH-M20X podłączonych do interfejsu ",18,student,,,0a987831-1038-481b-aaa8-06d9efc19546,lq_label,S4500,100,2264,
label_test_3,2,nie,tak,"Audiotechnika ATH-M20X podłączonych do interfejsu ",18,student,,,0a987831-1038-481b-aaa8-06d9efc19546,lq_label,reference,100,2264,
label_test_3,2,nie,tak,"Audiotechnika ATH-M20X podłączonych do interfejsu ",18,student,,,0a987831-1038-481b-aaa8-06d9efc19546,lq_label,S6000,100,2264,
label_test_3,2,nie,tak,"Audiotechnika ATH-M20X podłączonych do interfejsu ",18,student,,,0a987831-1038-481b-aaa8-06d9efc19546,lq_label,S6500,100,2264,
label_test_3,2,nie,tak,"Audiotechnika ATH-M20X podłączonych do interfejsu ",18,student,,,0a987831-1038-481b-aaa8-06d9efc19546,lq_label,S10000,100,2264,
label_test_3,2,nie,tak,"Audiotechnika ATH-M20X podłączonych do interfejsu ",18,student,,,0a987831-1038-481b-aaa8-06d9efc19546,lq_label,S8000,100,2264,
label_test_3,2,nie,tak,"Audiotechnika ATH-M20X podłączonych do interfejsu ",18,student,,,0a987831-1038-481b-aaa8-06d9efc19546,lq_label,S3500,100,2264,
label_test_3,2,nie,tak,"Audiotechnika ATH-M20X podłączonych do interfejsu ",18,student,,,0a987831-1038-481b-aaa8-06d9efc19546,lq_label,S7000,100,2264,
label_test_3,5,nie,tak,"Beyerdynamic DT 990",55,realizator,,"nie mam",66d7f62a-191f-410c-aa8e-471664974107,trening,S12000,78,85139,
label_test_3,5,nie,tak,"Beyerdynamic DT 990",55,realizator,,"nie mam",66d7f62a-191f-410c-aa8e-471664974107,trening,S8000,14,85139,
label_test_3,5,nie,tak,"Beyerdynamic DT 990",55,realizator,,"nie mam",66d7f62a-191f-410c-aa8e-471664974107,trening,reference,68,85139,
label_test_3,5,nie,tak,"Beyerdynamic DT 990",55,realizator,,"nie mam",66d7f62a-191f-410c-aa8e-471664974107,trening,S8700,37,85139,
label_test_3,5,nie,tak,"Beyerdynamic DT 990",55,realizator,,"nie mam",66d7f62a-191f-410c-aa8e-471664974107,trening,S10700,88,85139,
label_test_3,5,nie,tak,"Beyerdynamic DT 990",55,realizator,,"nie mam",66d7f62a-191f-410c-aa8e-471664974107,trening,S5500,2,85139,
label_test_3,5,nie,tak,"Beyerdynamic DT 990",55,realizator,,"nie mam",66d7f62a-191f-410c-aa8e-471664974107,trening,S7000,12,85139,
label_test_3,5,nie,tak,"Beyerdynamic DT 990",55,realizator,,"nie mam",66d7f62a-191f-410c-aa8e-471664974107,trening,S10000,90,85139,
label_test_3,5,nie,tak,"Beyerdynamic DT 990",55,realizator,,"nie mam",66d7f62a-191f-410c-aa8e-471664974107,trening,S9300,80,85139,
label_test_3,5,nie,tak,"Beyerdynamic DT 990",55,realizator,,"nie mam",66d7f62a-191f-410c-aa8e-471664974107,trening,S11300,90,85139,
label_test_3,5,nie,tak,"Beyerdynamic DT 990",55,realizator,,"nie mam",66d7f62a-191f-410c-aa8e-471664974107,trening,S3500,0,85139,
label_test_3,5,nie,tak,"Beyerdynamic DT 990",55,realizator,,"nie mam",66d7f62a-191f-410c-aa8e-471664974107,hq_no_label,reference,95,76265,
label_test_3,5,nie,tak,"Beyerdynamic DT 990",55,realizator,,"nie mam",66d7f62a-191f-410c-aa8e-471664974107,hq_no_label,S8000,32,76265,
label_test_3,5,nie,tak,"Beyerdynamic DT 990",55,realizator,,"nie mam",66d7f62a-191f-410c-aa8e-471664974107,hq_no_label,S10000,96,76265,
label_test_3,5,nie,tak,"Beyerdynamic DT 990",55,realizator,,"nie mam",66d7f62a-191f-410c-aa8e-471664974107,hq_no_label,S9300,47,76265,
label_test_3,5,nie,tak,"Beyerdynamic DT 990",55,realizator,,"nie mam",66d7f62a-191f-410c-aa8e-471664974107,hq_no_label,S10700,67,76265,
label_test_3,5,nie,tak,"Beyerdynamic DT 990",55,realizator,,"nie mam",66d7f62a-191f-410c-aa8e-471664974107,hq_no_label,S11300,100,76265,
label_test_3,5,nie,tak,"Beyerdynamic DT 990",55,realizator,,"nie mam",66d7f62a-191f-410c-aa8e-471664974107,hq_no_label,S8700,38,76265,
label_test_3,5,nie,tak,"Beyerdynamic DT 990",55,realizator,,"nie mam",66d7f62a-191f-410c-aa8e-471664974107,hq_no_label,S3500,1,76265,
label_test_3,5,nie,tak,"Beyerdynamic DT 990",55,realizator,,"nie mam",66d7f62a-191f-410c-aa8e-471664974107,hq_no_label,S12000,96,76265,
label_test_3,5,nie,tak,"Beyerdynamic DT 990",55,realizator,,"nie mam",66d7f62a-191f-410c-aa8e-471664974107,hq_no_label,S5500,21,76265,
label_test_3,5,nie,tak,"Beyerdynamic DT 990",55,realizator,,"nie mam",66d7f62a-191f-410c-aa8e-471664974107,hq_no_label,S7000,30,76265,
label_test_3,5,nie,tak,"Beyerdynamic DT 990",55,realizator,,"nie mam",66d7f62a-191f-410c-aa8e-471664974107,hq_no_label,S12000,96,62763,
label_test_3,5,nie,tak,"Beyerdynamic DT 990",55,realizator,,"nie mam",66d7f62a-191f-410c-aa8e-471664974107,hq_no_label,S8700,61,62763,
label_test_3,5,nie,tak,"Beyerdynamic DT 990",55,realizator,,"nie mam",66d7f62a-191f-410c-aa8e-471664974107,hq_no_label,reference,88,62763,
label_test_3,5,nie,tak,"Beyerdynamic DT 990",55,realizator,,"nie mam",66d7f62a-191f-410c-aa8e-471664974107,hq_no_label,S7000,32,62763,
label_test_3,5,nie,tak,"Beyerdynamic DT 990",55,realizator,,"nie mam",66d7f62a-191f-410c-aa8e-471664974107,hq_no_label,S8000,36,62763,
label_test_3,5,nie,tak,"Beyerdynamic DT 990",55,realizator,,"nie mam",66d7f62a-191f-410c-aa8e-471664974107,hq_no_label,S9300,96,62763,
label_test_3,5,nie,tak,"Beyerdynamic DT 990",55,realizator,,"nie mam",66d7f62a-191f-410c-aa8e-471664974107,hq_no_label,S10700,96,62763,
label_test_3,5,nie,tak,"Beyerdynamic DT 990",55,realizator,,"nie mam",66d7f62a-191f-410c-aa8e-471664974107,hq_no_label,S11300,93,62763,
label_test_3,5,nie,tak,"Beyerdynamic DT 990",55,realizator,,"nie mam",66d7f62a-191f-410c-aa8e-471664974107,hq_no_label,S5500,22,62763,
label_test_3,5,nie,tak,"Beyerdynamic DT 990",55,realizator,,"nie mam",66d7f62a-191f-410c-aa8e-471664974107,hq_no_label,S10000,100,62763,
label_test_3,5,nie,tak,"Beyerdynamic DT 990",55,realizator,,"nie mam",66d7f62a-191f-410c-aa8e-471664974107,hq_no_label,S3500,1,62763,
label_test_3,3,nie,tak,"beyerdynamic dt770",18,student,,,ef8cf13d-0987-4e7e-86be-ae7a0c5db436,trening,S8700,10,159313,
label_test_3,3,nie,tak,"beyerdynamic dt770",18,student,,,ef8cf13d-0987-4e7e-86be-ae7a0c5db436,trening,S8000,5,159313,
label_test_3,3,nie,tak,"beyerdynamic dt770",18,student,,,ef8cf13d-0987-4e7e-86be-ae7a0c5db436,trening,S10700,55,159313,
label_test_3,3,nie,tak,"beyerdynamic dt770",18,student,,,ef8cf13d-0987-4e7e-86be-ae7a0c5db436,trening,reference,100,159313,
label_test_3,3,nie,tak,"beyerdynamic dt770",18,student,,,ef8cf13d-0987-4e7e-86be-ae7a0c5db436,trening,S3500,0,159313,
label_test_3,3,nie,tak,"beyerdynamic dt770",18,student,,,ef8cf13d-0987-4e7e-86be-ae7a0c5db436,trening,S10000,75,159313,
label_test_3,3,nie,tak,"beyerdynamic dt770",18,student,,,ef8cf13d-0987-4e7e-86be-ae7a0c5db436,trening,S5500,0,159313,
label_test_3,3,nie,tak,"beyerdynamic dt770",18,student,,,ef8cf13d-0987-4e7e-86be-ae7a0c5db436,trening,S12000,90,159313,
label_test_3,3,nie,tak,"beyerdynamic dt770",18,student,,,ef8cf13d-0987-4e7e-86be-ae7a0c5db436,trening,S7000,20,159313,
label_test_3,3,nie,tak,"beyerdynamic dt770",18,student,,,ef8cf13d-0987-4e7e-86be-ae7a0c5db436,trening,S11300,81,159313,
label_test_3,3,nie,tak,"beyerdynamic dt770",18,student,,,ef8cf13d-0987-4e7e-86be-ae7a0c5db436,trening,S9300,30,159313,
label_test_3,3,nie,tak,"beyerdynamic dt770",18,student,,,ef8cf13d-0987-4e7e-86be-ae7a0c5db436,hq_no_label,S10000,100,53489,
label_test_3,3,nie,tak,"beyerdynamic dt770",18,student,,,ef8cf13d-0987-4e7e-86be-ae7a0c5db436,hq_no_label,S3500,19,53489,
label_test_3,3,nie,tak,"beyerdynamic dt770",18,student,,,ef8cf13d-0987-4e7e-86be-ae7a0c5db436,hq_no_label,S12000,83,53489,
label_test_3,3,nie,tak,"beyerdynamic dt770",18,student,,,ef8cf13d-0987-4e7e-86be-ae7a0c5db436,hq_no_label,S8700,46,53489,
label_test_3,3,nie,tak,"beyerdynamic dt770",18,student,,,ef8cf13d-0987-4e7e-86be-ae7a0c5db436,hq_no_label,S8000,30,53489,
label_test_3,3,nie,tak,"beyerdynamic dt770",18,student,,,ef8cf13d-0987-4e7e-86be-ae7a0c5db436,hq_no_label,S5500,15,53489,
label_test_3,3,nie,tak,"beyerdynamic dt770",18,student,,,ef8cf13d-0987-4e7e-86be-ae7a0c5db436,hq_no_label,reference,88,53489,
label_test_3,3,nie,tak,"beyerdynamic dt770",18,student,,,ef8cf13d-0987-4e7e-86be-ae7a0c5db436,hq_no_label,S11300,76,53489,
label_test_3,3,nie,tak,"beyerdynamic dt770",18,student,,,ef8cf13d-0987-4e7e-86be-ae7a0c5db436,hq_no_label,S7000,32,53489,
label_test_3,3,nie,tak,"beyerdynamic dt770",18,student,,,ef8cf13d-0987-4e7e-86be-ae7a0c5db436,hq_no_label,S10700,54,53489,
label_test_3,3,nie,tak,"beyerdynamic dt770",18,student,,,ef8cf13d-0987-4e7e-86be-ae7a0c5db436,hq_no_label,S9300,48,53489,
label_test_3,3,nie,tak,"beyerdynamic dt770",18,student,,,ef8cf13d-0987-4e7e-86be-ae7a0c5db436,hq_no_label,S8000,44,59202,
label_test_3,3,nie,tak,"beyerdynamic dt770",18,student,,,ef8cf13d-0987-4e7e-86be-ae7a0c5db436,hq_no_label,S11300,81,59202,
label_test_3,3,nie,tak,"beyerdynamic dt770",18,student,,,ef8cf13d-0987-4e7e-86be-ae7a0c5db436,hq_no_label,S12000,95,59202,
label_test_3,3,nie,tak,"beyerdynamic dt770",18,student,,,ef8cf13d-0987-4e7e-86be-ae7a0c5db436,hq_no_label,S8700,48,59202,
label_test_3,3,nie,tak,"beyerdynamic dt770",18,student,,,ef8cf13d-0987-4e7e-86be-ae7a0c5db436,hq_no_label,S5500,14,59202,
label_test_3,3,nie,tak,"beyerdynamic dt770",18,student,,,ef8cf13d-0987-4e7e-86be-ae7a0c5db436,hq_no_label,S3500,10,59202,
label_test_3,3,nie,tak,"beyerdynamic dt770",18,student,,,ef8cf13d-0987-4e7e-86be-ae7a0c5db436,hq_no_label,reference,100,59202,
label_test_3,3,nie,tak,"beyerdynamic dt770",18,student,,,ef8cf13d-0987-4e7e-86be-ae7a0c5db436,hq_no_label,S9300,44,59202,
label_test_3,3,nie,tak,"beyerdynamic dt770",18,student,,,ef8cf13d-0987-4e7e-86be-ae7a0c5db436,hq_no_label,S7000,31,59202,
label_test_3,3,nie,tak,"beyerdynamic dt770",18,student,,,ef8cf13d-0987-4e7e-86be-ae7a0c5db436,hq_no_label,S10700,57,59202,
label_test_3,3,nie,tak,"beyerdynamic dt770",18,student,,,ef8cf13d-0987-4e7e-86be-ae7a0c5db436,hq_no_label,S10000,40,59202,
label_test_3,2,nie,tak,"HUAWEI FreeBuds SE 3",18,student,,,666903d4-0c3d-469b-ad9e-021d0332a357,trening,S7000,15,326625,
label_test_3,2,nie,tak,"HUAWEI FreeBuds SE 3",18,student,,,666903d4-0c3d-469b-ad9e-021d0332a357,trening,S10700,63,326625,
label_test_3,2,nie,tak,"HUAWEI FreeBuds SE 3",18,student,,,666903d4-0c3d-469b-ad9e-021d0332a357,trening,S8000,29,326625,
label_test_3,2,nie,tak,"HUAWEI FreeBuds SE 3",18,student,,,666903d4-0c3d-469b-ad9e-021d0332a357,trening,S9300,43,326625,
label_test_3,2,nie,tak,"HUAWEI FreeBuds SE 3",18,student,,,666903d4-0c3d-469b-ad9e-021d0332a357,trening,S5500,10,326625,
label_test_3,2,nie,tak,"HUAWEI FreeBuds SE 3",18,student,,,666903d4-0c3d-469b-ad9e-021d0332a357,trening,reference,100,326625,
label_test_3,2,nie,tak,"HUAWEI FreeBuds SE 3",18,student,,,666903d4-0c3d-469b-ad9e-021d0332a357,trening,S3500,0,326625,
label_test_3,2,nie,tak,"HUAWEI FreeBuds SE 3",18,student,,,666903d4-0c3d-469b-ad9e-021d0332a357,trening,S10000,51,326625,
label_test_3,2,nie,tak,"HUAWEI FreeBuds SE 3",18,student,,,666903d4-0c3d-469b-ad9e-021d0332a357,trening,S12000,88,326625,
label_test_3,2,nie,tak,"HUAWEI FreeBuds SE 3",18,student,,,666903d4-0c3d-469b-ad9e-021d0332a357,trening,S11300,86,326625,
label_test_3,2,nie,tak,"HUAWEI FreeBuds SE 3",18,student,,,666903d4-0c3d-469b-ad9e-021d0332a357,trening,S8700,29,326625,
label_test_3,2,nie,tak,"HUAWEI FreeBuds SE 3",18,student,,,666903d4-0c3d-469b-ad9e-021d0332a357,hq_label,S11300,71,285580,
label_test_3,2,nie,tak,"HUAWEI FreeBuds SE 3",18,student,,,666903d4-0c3d-469b-ad9e-021d0332a357,hq_label,S3500,0,285580,
label_test_3,2,nie,tak,"HUAWEI FreeBuds SE 3",18,student,,,666903d4-0c3d-469b-ad9e-021d0332a357,hq_label,S8700,48,285580,
label_test_3,2,nie,tak,"HUAWEI FreeBuds SE 3",18,student,,,666903d4-0c3d-469b-ad9e-021d0332a357,hq_label,reference,100,285580,
label_test_3,2,nie,tak,"HUAWEI FreeBuds SE 3",18,student,,,666903d4-0c3d-469b-ad9e-021d0332a357,hq_label,S8000,31,285580,
label_test_3,2,nie,tak,"HUAWEI FreeBuds SE 3",18,student,,,666903d4-0c3d-469b-ad9e-021d0332a357,hq_label,S10700,72,285580,
label_test_3,2,nie,tak,"HUAWEI FreeBuds SE 3",18,student,,,666903d4-0c3d-469b-ad9e-021d0332a357,hq_label,S5500,7,285580,
label_test_3,2,nie,tak,"HUAWEI FreeBuds SE 3",18,student,,,666903d4-0c3d-469b-ad9e-021d0332a357,hq_label,S10000,53,285580,
label_test_3,2,nie,tak,"HUAWEI FreeBuds SE 3",18,student,,,666903d4-0c3d-469b-ad9e-021d0332a357,hq_label,S7000,16,285580,
label_test_3,2,nie,tak,"HUAWEI FreeBuds SE 3",18,student,,,666903d4-0c3d-469b-ad9e-021d0332a357,hq_label,S9300,50,285580,
label_test_3,2,nie,tak,"HUAWEI FreeBuds SE 3",18,student,,,666903d4-0c3d-469b-ad9e-021d0332a357,hq_label,S12000,95,285580,
label_test_3,2,nie,tak,"HUAWEI FreeBuds SE 3",18,student,,,666903d4-0c3d-469b-ad9e-021d0332a357,hq_label,reference,100,368700,
label_test_3,2,nie,tak,"HUAWEI FreeBuds SE 3",18,student,,,666903d4-0c3d-469b-ad9e-021d0332a357,hq_label,S9300,31,368700,
label_test_3,2,nie,tak,"HUAWEI FreeBuds SE 3",18,student,,,666903d4-0c3d-469b-ad9e-021d0332a357,hq_label,S10000,56,368700,
label_test_3,2,nie,tak,"HUAWEI FreeBuds SE 3",18,student,,,666903d4-0c3d-469b-ad9e-021d0332a357,hq_label,S3500,0,368700,
label_test_3,2,nie,tak,"HUAWEI FreeBuds SE 3",18,student,,,666903d4-0c3d-469b-ad9e-021d0332a357,hq_label,S12000,87,368700,
label_test_3,2,nie,tak,"HUAWEI FreeBuds SE 3",18,student,,,666903d4-0c3d-469b-ad9e-021d0332a357,hq_label,S10700,65,368700,
label_test_3,2,nie,tak,"HUAWEI FreeBuds SE 3",18,student,,,666903d4-0c3d-469b-ad9e-021d0332a357,hq_label,S7000,32,368700,
label_test_3,2,nie,tak,"HUAWEI FreeBuds SE 3",18,student,,,666903d4-0c3d-469b-ad9e-021d0332a357,hq_label,S8700,42,368700,
label_test_3,2,nie,tak,"HUAWEI FreeBuds SE 3",18,student,,,666903d4-0c3d-469b-ad9e-021d0332a357,hq_label,S8000,31,368700,
label_test_3,2,nie,tak,"HUAWEI FreeBuds SE 3",18,student,,,666903d4-0c3d-469b-ad9e-021d0332a357,hq_label,S11300,78,368700,
label_test_3,2,nie,tak,"HUAWEI FreeBuds SE 3",18,student,,,666903d4-0c3d-469b-ad9e-021d0332a357,hq_label,S5500,9,368700,
label_test_3,3,nie,nie,"Audio Technica m40x",18,student,,,4e5be111-4ba7-4bf3-8047-002c3c8c6083,trening,S12000,79,141539,
label_test_3,3,nie,nie,"Audio Technica m40x",18,student,,,4e5be111-4ba7-4bf3-8047-002c3c8c6083,trening,S10700,80,141539,
label_test_3,3,nie,nie,"Audio Technica m40x",18,student,,,4e5be111-4ba7-4bf3-8047-002c3c8c6083,trening,S9300,40,141539,
label_test_3,3,nie,nie,"Audio Technica m40x",18,student,,,4e5be111-4ba7-4bf3-8047-002c3c8c6083,trening,reference,100,141539,
label_test_3,3,nie,nie,"Audio Technica m40x",18,student,,,4e5be111-4ba7-4bf3-8047-002c3c8c6083,trening,S8000,21,141539,
label_test_3,3,nie,nie,"Audio Technica m40x",18,student,,,4e5be111-4ba7-4bf3-8047-002c3c8c6083,trening,S3500,0,141539,
label_test_3,3,nie,nie,"Audio Technica m40x",18,student,,,4e5be111-4ba7-4bf3-8047-002c3c8c6083,trening,S7000,37,141539,
label_test_3,3,nie,nie,"Audio Technica m40x",18,student,,,4e5be111-4ba7-4bf3-8047-002c3c8c6083,trening,S8700,21,141539,
label_test_3,3,nie,nie,"Audio Technica m40x",18,student,,,4e5be111-4ba7-4bf3-8047-002c3c8c6083,trening,S5500,0,141539,
label_test_3,3,nie,nie,"Audio Technica m40x",18,student,,,4e5be111-4ba7-4bf3-8047-002c3c8c6083,trening,S10000,78,141539,
label_test_3,3,nie,nie,"Audio Technica m40x",18,student,,,4e5be111-4ba7-4bf3-8047-002c3c8c6083,trening,S11300,39,141539,
label_test_3,3,nie,nie,"Audio Technica m40x",18,student,,,4e5be111-4ba7-4bf3-8047-002c3c8c6083,hq_label,S3500,0,133256,
label_test_3,3,nie,nie,"Audio Technica m40x",18,student,,,4e5be111-4ba7-4bf3-8047-002c3c8c6083,hq_label,S10700,71,133256,
label_test_3,3,nie,nie,"Audio Technica m40x",18,student,,,4e5be111-4ba7-4bf3-8047-002c3c8c6083,hq_label,S12000,80,133256,
label_test_3,3,nie,nie,"Audio Technica m40x",18,student,,,4e5be111-4ba7-4bf3-8047-002c3c8c6083,hq_label,S8700,27,133256,
label_test_3,3,nie,nie,"Audio Technica m40x",18,student,,,4e5be111-4ba7-4bf3-8047-002c3c8c6083,hq_label,S5500,40,133256,
label_test_3,3,nie,nie,"Audio Technica m40x",18,student,,,4e5be111-4ba7-4bf3-8047-002c3c8c6083,hq_label,reference,100,133256,
label_test_3,3,nie,nie,"Audio Technica m40x",18,student,,,4e5be111-4ba7-4bf3-8047-002c3c8c6083,hq_label,S10000,50,133256,
label_test_3,3,nie,nie,"Audio Technica m40x",18,student,,,4e5be111-4ba7-4bf3-8047-002c3c8c6083,hq_label,S8000,43,133256,
label_test_3,3,nie,nie,"Audio Technica m40x",18,student,,,4e5be111-4ba7-4bf3-8047-002c3c8c6083,hq_label,S7000,61,133256,
label_test_3,3,nie,nie,"Audio Technica m40x",18,student,,,4e5be111-4ba7-4bf3-8047-002c3c8c6083,hq_label,S9300,80,133256,
label_test_3,3,nie,nie,"Audio Technica m40x",18,student,,,4e5be111-4ba7-4bf3-8047-002c3c8c6083,hq_label,S11300,83,133256,
label_test_3,3,nie,nie,"Audio Technica m40x",18,student,,,4e5be111-4ba7-4bf3-8047-002c3c8c6083,hq_label,S10700,63,81487,
label_test_3,3,nie,nie,"Audio Technica m40x",18,student,,,4e5be111-4ba7-4bf3-8047-002c3c8c6083,hq_label,reference,100,81487,
label_test_3,3,nie,nie,"Audio Technica m40x",18,student,,,4e5be111-4ba7-4bf3-8047-002c3c8c6083,hq_label,S3500,1,81487,
label_test_3,3,nie,nie,"Audio Technica m40x",18,student,,,4e5be111-4ba7-4bf3-8047-002c3c8c6083,hq_label,S7000,20,81487,
label_test_3,3,nie,nie,"Audio Technica m40x",18,student,,,4e5be111-4ba7-4bf3-8047-002c3c8c6083,hq_label,S12000,81,81487,
label_test_3,3,nie,nie,"Audio Technica m40x",18,student,,,4e5be111-4ba7-4bf3-8047-002c3c8c6083,hq_label,S5500,40,81487,
label_test_3,3,nie,nie,"Audio Technica m40x",18,student,,,4e5be111-4ba7-4bf3-8047-002c3c8c6083,hq_label,S8700,81,81487,
label_test_3,3,nie,nie,"Audio Technica m40x",18,student,,,4e5be111-4ba7-4bf3-8047-002c3c8c6083,hq_label,S8000,50,81487,
label_test_3,3,nie,nie,"Audio Technica m40x",18,student,,,4e5be111-4ba7-4bf3-8047-002c3c8c6083,hq_label,S10000,59,81487,
label_test_3,3,nie,nie,"Audio Technica m40x",18,student,,,4e5be111-4ba7-4bf3-8047-002c3c8c6083,hq_label,S9300,70,81487,
label_test_3,3,nie,nie,"Audio Technica m40x",18,student,,,4e5be111-4ba7-4bf3-8047-002c3c8c6083,hq_label,S11300,79,81487,
label_test_3,5,nie,tak,"DT990 Pro 250Ohm",18,student,"technik realizacji nagrań","mogło by być możliwe przesuwanie suwaków innych niż aktualnie odsłuchiwany - przesuwanie wszystkich suwaków niezależnie od tego której próbki słucham",42ba706d-1e05-435e-a5fa-e1e10ca8fbb7,trening,S5500,44,174868,
label_test_3,5,nie,tak,"DT990 Pro 250Ohm",18,student,"technik realizacji nagrań","mogło by być możliwe przesuwanie suwaków innych niż aktualnie odsłuchiwany - przesuwanie wszystkich suwaków niezależnie od tego której próbki słucham",42ba706d-1e05-435e-a5fa-e1e10ca8fbb7,trening,S4500,18,174868,
label_test_3,5,nie,tak,"DT990 Pro 250Ohm",18,student,"technik realizacji nagrań","mogło by być możliwe przesuwanie suwaków innych niż aktualnie odsłuchiwany - przesuwanie wszystkich suwaków niezależnie od tego której próbki słucham",42ba706d-1e05-435e-a5fa-e1e10ca8fbb7,trening,S10000,59,174868,
label_test_3,5,nie,tak,"DT990 Pro 250Ohm",18,student,"technik realizacji nagrań","mogło by być możliwe przesuwanie suwaków innych niż aktualnie odsłuchiwany - przesuwanie wszystkich suwaków niezależnie od tego której próbki słucham",42ba706d-1e05-435e-a5fa-e1e10ca8fbb7,trening,S5000,22,174868,
label_test_3,5,nie,tak,"DT990 Pro 250Ohm",18,student,"technik realizacji nagrań","mogło by być możliwe przesuwanie suwaków innych niż aktualnie odsłuchiwany - przesuwanie wszystkich suwaków niezależnie od tego której próbki słucham",42ba706d-1e05-435e-a5fa-e1e10ca8fbb7,trening,S6500,43,174868,
label_test_3,5,nie,tak,"DT990 Pro 250Ohm",18,student,"technik realizacji nagrań","mogło by być możliwe przesuwanie suwaków innych niż aktualnie odsłuchiwany - przesuwanie wszystkich suwaków niezależnie od tego której próbki słucham",42ba706d-1e05-435e-a5fa-e1e10ca8fbb7,trening,S4000,15,174868,
label_test_3,5,nie,tak,"DT990 Pro 250Ohm",18,student,"technik realizacji nagrań","mogło by być możliwe przesuwanie suwaków innych niż aktualnie odsłuchiwany - przesuwanie wszystkich suwaków niezależnie od tego której próbki słucham",42ba706d-1e05-435e-a5fa-e1e10ca8fbb7,trening,S8000,48,174868,
label_test_3,5,nie,tak,"DT990 Pro 250Ohm",18,student,"technik realizacji nagrań","mogło by być możliwe przesuwanie suwaków innych niż aktualnie odsłuchiwany - przesuwanie wszystkich suwaków niezależnie od tego której próbki słucham",42ba706d-1e05-435e-a5fa-e1e10ca8fbb7,trening,reference,100,174868,
label_test_3,5,nie,tak,"DT990 Pro 250Ohm",18,student,"technik realizacji nagrań","mogło by być możliwe przesuwanie suwaków innych niż aktualnie odsłuchiwany - przesuwanie wszystkich suwaków niezależnie od tego której próbki słucham",42ba706d-1e05-435e-a5fa-e1e10ca8fbb7,trening,S3500,0,174868,
label_test_3,5,nie,tak,"DT990 Pro 250Ohm",18,student,"technik realizacji nagrań","mogło by być możliwe przesuwanie suwaków innych niż aktualnie odsłuchiwany - przesuwanie wszystkich suwaków niezależnie od tego której próbki słucham",42ba706d-1e05-435e-a5fa-e1e10ca8fbb7,trening,S6000,41,174868,
label_test_3,5,nie,tak,"DT990 Pro 250Ohm",18,student,"technik realizacji nagrań","mogło by być możliwe przesuwanie suwaków innych niż aktualnie odsłuchiwany - przesuwanie wszystkich suwaków niezależnie od tego której próbki słucham",42ba706d-1e05-435e-a5fa-e1e10ca8fbb7,trening,S7000,48,174868,
label_test_3,5,nie,tak,"DT990 Pro 250Ohm",18,student,"technik realizacji nagrań","mogło by być możliwe przesuwanie suwaków innych niż aktualnie odsłuchiwany - przesuwanie wszystkich suwaków niezależnie od tego której próbki słucham",42ba706d-1e05-435e-a5fa-e1e10ca8fbb7,lq_no_label,S4000,0,273343,
label_test_3,5,nie,tak,"DT990 Pro 250Ohm",18,student,"technik realizacji nagrań","mogło by być możliwe przesuwanie suwaków innych niż aktualnie odsłuchiwany - przesuwanie wszystkich suwaków niezależnie od tego której próbki słucham",42ba706d-1e05-435e-a5fa-e1e10ca8fbb7,lq_no_label,S6500,50,273343,
label_test_3,5,nie,tak,"DT990 Pro 250Ohm",18,student,"technik realizacji nagrań","mogło by być możliwe przesuwanie suwaków innych niż aktualnie odsłuchiwany - przesuwanie wszystkich suwaków niezależnie od tego której próbki słucham",42ba706d-1e05-435e-a5fa-e1e10ca8fbb7,lq_no_label,S7000,54,273343,
label_test_3,5,nie,tak,"DT990 Pro 250Ohm",18,student,"technik realizacji nagrań","mogło by być możliwe przesuwanie suwaków innych niż aktualnie odsłuchiwany - przesuwanie wszystkich suwaków niezależnie od tego której próbki słucham",42ba706d-1e05-435e-a5fa-e1e10ca8fbb7,lq_no_label,S5000,20,273343,
label_test_3,5,nie,tak,"DT990 Pro 250Ohm",18,student,"technik realizacji nagrań","mogło by być możliwe przesuwanie suwaków innych niż aktualnie odsłuchiwany - przesuwanie wszystkich suwaków niezależnie od tego której próbki słucham",42ba706d-1e05-435e-a5fa-e1e10ca8fbb7,lq_no_label,S8000,81,273343,
label_test_3,5,nie,tak,"DT990 Pro 250Ohm",18,student,"technik realizacji nagrań","mogło by być możliwe przesuwanie suwaków innych niż aktualnie odsłuchiwany - przesuwanie wszystkich suwaków niezależnie od tego której próbki słucham",42ba706d-1e05-435e-a5fa-e1e10ca8fbb7,lq_no_label,reference,100,273343,
label_test_3,5,nie,tak,"DT990 Pro 250Ohm",18,student,"technik realizacji nagrań","mogło by być możliwe przesuwanie suwaków innych niż aktualnie odsłuchiwany - przesuwanie wszystkich suwaków niezależnie od tego której próbki słucham",42ba706d-1e05-435e-a5fa-e1e10ca8fbb7,lq_no_label,S4500,9,273343,
label_test_3,5,nie,tak,"DT990 Pro 250Ohm",18,student,"technik realizacji nagrań","mogło by być możliwe przesuwanie suwaków innych niż aktualnie odsłuchiwany - przesuwanie wszystkich suwaków niezależnie od tego której próbki słucham",42ba706d-1e05-435e-a5fa-e1e10ca8fbb7,lq_no_label,S5500,30,273343,
label_test_3,5,nie,tak,"DT990 Pro 250Ohm",18,student,"technik realizacji nagrań","mogło by być możliwe przesuwanie suwaków innych niż aktualnie odsłuchiwany - przesuwanie wszystkich suwaków niezależnie od tego której próbki słucham",42ba706d-1e05-435e-a5fa-e1e10ca8fbb7,lq_no_label,S3500,0,273343,
label_test_3,5,nie,tak,"DT990 Pro 250Ohm",18,student,"technik realizacji nagrań","mogło by być możliwe przesuwanie suwaków innych niż aktualnie odsłuchiwany - przesuwanie wszystkich suwaków niezależnie od tego której próbki słucham",42ba706d-1e05-435e-a5fa-e1e10ca8fbb7,lq_no_label,S10000,90,273343,
label_test_3,5,nie,tak,"DT990 Pro 250Ohm",18,student,"technik realizacji nagrań","mogło by być możliwe przesuwanie suwaków innych niż aktualnie odsłuchiwany - przesuwanie wszystkich suwaków niezależnie od tego której próbki słucham",42ba706d-1e05-435e-a5fa-e1e10ca8fbb7,lq_no_label,S6000,45,273343,
label_test_3,5,nie,tak,"DT990 Pro 250Ohm",18,student,"technik realizacji nagrań","mogło by być możliwe przesuwanie suwaków innych niż aktualnie odsłuchiwany - przesuwanie wszystkich suwaków niezależnie od tego której próbki słucham",42ba706d-1e05-435e-a5fa-e1e10ca8fbb7,lq_no_label,S6500,45,252559,
label_test_3,5,nie,tak,"DT990 Pro 250Ohm",18,student,"technik realizacji nagrań","mogło by być możliwe przesuwanie suwaków innych niż aktualnie odsłuchiwany - przesuwanie wszystkich suwaków niezależnie od tego której próbki słucham",42ba706d-1e05-435e-a5fa-e1e10ca8fbb7,lq_no_label,S8000,50,252559,
label_test_3,5,nie,tak,"DT990 Pro 250Ohm",18,student,"technik realizacji nagrań","mogło by być możliwe przesuwanie suwaków innych niż aktualnie odsłuchiwany - przesuwanie wszystkich suwaków niezależnie od tego której próbki słucham",42ba706d-1e05-435e-a5fa-e1e10ca8fbb7,lq_no_label,S5500,30,252559,
label_test_3,5,nie,tak,"DT990 Pro 250Ohm",18,student,"technik realizacji nagrań","mogło by być możliwe przesuwanie suwaków innych niż aktualnie odsłuchiwany - przesuwanie wszystkich suwaków niezależnie od tego której próbki słucham",42ba706d-1e05-435e-a5fa-e1e10ca8fbb7,lq_no_label,S6000,35,252559,
label_test_3,5,nie,tak,"DT990 Pro 250Ohm",18,student,"technik realizacji nagrań","mogło by być możliwe przesuwanie suwaków innych niż aktualnie odsłuchiwany - przesuwanie wszystkich suwaków niezależnie od tego której próbki słucham",42ba706d-1e05-435e-a5fa-e1e10ca8fbb7,lq_no_label,S10000,81,252559,
label_test_3,5,nie,tak,"DT990 Pro 250Ohm",18,student,"technik realizacji nagrań","mogło by być możliwe przesuwanie suwaków innych niż aktualnie odsłuchiwany - przesuwanie wszystkich suwaków niezależnie od tego której próbki słucham",42ba706d-1e05-435e-a5fa-e1e10ca8fbb7,lq_no_label,S5000,20,252559,
label_test_3,5,nie,tak,"DT990 Pro 250Ohm",18,student,"technik realizacji nagrań","mogło by być możliwe przesuwanie suwaków innych niż aktualnie odsłuchiwany - przesuwanie wszystkich suwaków niezależnie od tego której próbki słucham",42ba706d-1e05-435e-a5fa-e1e10ca8fbb7,lq_no_label,S4500,15,252559,
label_test_3,5,nie,tak,"DT990 Pro 250Ohm",18,student,"technik realizacji nagrań","mogło by być możliwe przesuwanie suwaków innych niż aktualnie odsłuchiwany - przesuwanie wszystkich suwaków niezależnie od tego której próbki słucham",42ba706d-1e05-435e-a5fa-e1e10ca8fbb7,lq_no_label,S3500,0,252559,
label_test_3,5,nie,tak,"DT990 Pro 250Ohm",18,student,"technik realizacji nagrań","mogło by być możliwe przesuwanie suwaków innych niż aktualnie odsłuchiwany - przesuwanie wszystkich suwaków niezależnie od tego której próbki słucham",42ba706d-1e05-435e-a5fa-e1e10ca8fbb7,lq_no_label,S7000,47,252559,
label_test_3,5,nie,tak,"DT990 Pro 250Ohm",18,student,"technik realizacji nagrań","mogło by być możliwe przesuwanie suwaków innych niż aktualnie odsłuchiwany - przesuwanie wszystkich suwaków niezależnie od tego której próbki słucham",42ba706d-1e05-435e-a5fa-e1e10ca8fbb7,lq_no_label,S4000,10,252559,
label_test_3,5,nie,tak,"DT990 Pro 250Ohm",18,student,"technik realizacji nagrań","mogło by być możliwe przesuwanie suwaków innych niż aktualnie odsłuchiwany - przesuwanie wszystkich suwaków niezależnie od tego której próbki słucham",42ba706d-1e05-435e-a5fa-e1e10ca8fbb7,lq_no_label,reference,100,252559,
label_test_3,5,nie,tak,"Bayerdynamic DT 770 PRO 80 Ohm",18,student,,,35362ab5-25a0-4b8e-bbfa-8fd014c430c1,trening,S4000,10,68914,
label_test_3,5,nie,tak,"Bayerdynamic DT 770 PRO 80 Ohm",18,student,,,35362ab5-25a0-4b8e-bbfa-8fd014c430c1,trening,S10000,62,68914,
label_test_3,5,nie,tak,"Bayerdynamic DT 770 PRO 80 Ohm",18,student,,,35362ab5-25a0-4b8e-bbfa-8fd014c430c1,trening,S7000,32,68914,
label_test_3,5,nie,tak,"Bayerdynamic DT 770 PRO 80 Ohm",18,student,,,35362ab5-25a0-4b8e-bbfa-8fd014c430c1,trening,S5500,8,68914,
label_test_3,5,nie,tak,"Bayerdynamic DT 770 PRO 80 Ohm",18,student,,,35362ab5-25a0-4b8e-bbfa-8fd014c430c1,trening,S6000,78,68914,
label_test_3,5,nie,tak,"Bayerdynamic DT 770 PRO 80 Ohm",18,student,,,35362ab5-25a0-4b8e-bbfa-8fd014c430c1,trening,S8000,33,68914,
label_test_3,5,nie,tak,"Bayerdynamic DT 770 PRO 80 Ohm",18,student,,,35362ab5-25a0-4b8e-bbfa-8fd014c430c1,trening,S4500,53,68914,
label_test_3,5,nie,tak,"Bayerdynamic DT 770 PRO 80 Ohm",18,student,,,35362ab5-25a0-4b8e-bbfa-8fd014c430c1,trening,S3500,36,68914,
label_test_3,5,nie,tak,"Bayerdynamic DT 770 PRO 80 Ohm",18,student,,,35362ab5-25a0-4b8e-bbfa-8fd014c430c1,trening,reference,100,68914,
label_test_3,5,nie,tak,"Bayerdynamic DT 770 PRO 80 Ohm",18,student,,,35362ab5-25a0-4b8e-bbfa-8fd014c430c1,trening,S5000,56,68914,
label_test_3,5,nie,tak,"Bayerdynamic DT 770 PRO 80 Ohm",18,student,,,35362ab5-25a0-4b8e-bbfa-8fd014c430c1,trening,S6500,22,68914,
label_test_3,5,nie,tak,"Bayerdynamic DT 770 PRO 80 Ohm",18,student,,,35362ab5-25a0-4b8e-bbfa-8fd014c430c1,lq_no_label,S3500,19,62791,
label_test_3,5,nie,tak,"Bayerdynamic DT 770 PRO 80 Ohm",18,student,,,35362ab5-25a0-4b8e-bbfa-8fd014c430c1,lq_no_label,S6500,30,62791,
label_test_3,5,nie,tak,"Bayerdynamic DT 770 PRO 80 Ohm",18,student,,,35362ab5-25a0-4b8e-bbfa-8fd014c430c1,lq_no_label,S5500,44,62791,
label_test_3,5,nie,tak,"Bayerdynamic DT 770 PRO 80 Ohm",18,student,,,35362ab5-25a0-4b8e-bbfa-8fd014c430c1,lq_no_label,reference,100,62791,
label_test_3,5,nie,tak,"Bayerdynamic DT 770 PRO 80 Ohm",18,student,,,35362ab5-25a0-4b8e-bbfa-8fd014c430c1,lq_no_label,S8000,60,62791,
label_test_3,5,nie,tak,"Bayerdynamic DT 770 PRO 80 Ohm",18,student,,,35362ab5-25a0-4b8e-bbfa-8fd014c430c1,lq_no_label,S10000,81,62791,
label_test_3,5,nie,tak,"Bayerdynamic DT 770 PRO 80 Ohm",18,student,,,35362ab5-25a0-4b8e-bbfa-8fd014c430c1,lq_no_label,S6000,40,62791,
label_test_3,5,nie,tak,"Bayerdynamic DT 770 PRO 80 Ohm",18,student,,,35362ab5-25a0-4b8e-bbfa-8fd014c430c1,lq_no_label,S7000,30,62791,
label_test_3,5,nie,tak,"Bayerdynamic DT 770 PRO 80 Ohm",18,student,,,35362ab5-25a0-4b8e-bbfa-8fd014c430c1,lq_no_label,S4000,11,62791,
label_test_3,5,nie,tak,"Bayerdynamic DT 770 PRO 80 Ohm",18,student,,,35362ab5-25a0-4b8e-bbfa-8fd014c430c1,lq_no_label,S4500,18,62791,
label_test_3,5,nie,tak,"Bayerdynamic DT 770 PRO 80 Ohm",18,student,,,35362ab5-25a0-4b8e-bbfa-8fd014c430c1,lq_no_label,S5000,12,62791,
label_test_3,5,nie,tak,"Bayerdynamic DT 770 PRO 80 Ohm",18,student,,,35362ab5-25a0-4b8e-bbfa-8fd014c430c1,lq_no_label,S5000,68,63063,
label_test_3,5,nie,tak,"Bayerdynamic DT 770 PRO 80 Ohm",18,student,,,35362ab5-25a0-4b8e-bbfa-8fd014c430c1,lq_no_label,reference,100,63063,
label_test_3,5,nie,tak,"Bayerdynamic DT 770 PRO 80 Ohm",18,student,,,35362ab5-25a0-4b8e-bbfa-8fd014c430c1,lq_no_label,S8000,68,63063,
label_test_3,5,nie,tak,"Bayerdynamic DT 770 PRO 80 Ohm",18,student,,,35362ab5-25a0-4b8e-bbfa-8fd014c430c1,lq_no_label,S10000,40,63063,
label_test_3,5,nie,tak,"Bayerdynamic DT 770 PRO 80 Ohm",18,student,,,35362ab5-25a0-4b8e-bbfa-8fd014c430c1,lq_no_label,S7000,22,63063,
label_test_3,5,nie,tak,"Bayerdynamic DT 770 PRO 80 Ohm",18,student,,,35362ab5-25a0-4b8e-bbfa-8fd014c430c1,lq_no_label,S3500,10,63063,
label_test_3,5,nie,tak,"Bayerdynamic DT 770 PRO 80 Ohm",18,student,,,35362ab5-25a0-4b8e-bbfa-8fd014c430c1,lq_no_label,S4500,5,63063,
label_test_3,5,nie,tak,"Bayerdynamic DT 770 PRO 80 Ohm",18,student,,,35362ab5-25a0-4b8e-bbfa-8fd014c430c1,lq_no_label,S4000,11,63063,
label_test_3,5,nie,tak,"Bayerdynamic DT 770 PRO 80 Ohm",18,student,,,35362ab5-25a0-4b8e-bbfa-8fd014c430c1,lq_no_label,S6000,48,63063,
label_test_3,5,nie,tak,"Bayerdynamic DT 770 PRO 80 Ohm",18,student,,,35362ab5-25a0-4b8e-bbfa-8fd014c430c1,lq_no_label,S6500,73,63063,
label_test_3,5,nie,tak,"Bayerdynamic DT 770 PRO 80 Ohm",18,student,,,35362ab5-25a0-4b8e-bbfa-8fd014c430c1,lq_no_label,S5500,47,63063,
label_test_3,4,nie,tak,"K44 AKG",45,inny,"pracownik - tematyka związana z technologią audio lub akustyką",,d4514f39-e8a9-4af5-8eaa-6c5c66a9fc41,trening,S4000,35,336189,
label_test_3,4,nie,tak,"K44 AKG",45,inny,"pracownik - tematyka związana z technologią audio lub akustyką",,d4514f39-e8a9-4af5-8eaa-6c5c66a9fc41,trening,S6000,69,336189,
label_test_3,4,nie,tak,"K44 AKG",45,inny,"pracownik - tematyka związana z technologią audio lub akustyką",,d4514f39-e8a9-4af5-8eaa-6c5c66a9fc41,trening,S7000,77,336189,
label_test_3,4,nie,tak,"K44 AKG",45,inny,"pracownik - tematyka związana z technologią audio lub akustyką",,d4514f39-e8a9-4af5-8eaa-6c5c66a9fc41,trening,S8000,82,336189,
label_test_3,4,nie,tak,"K44 AKG",45,inny,"pracownik - tematyka związana z technologią audio lub akustyką",,d4514f39-e8a9-4af5-8eaa-6c5c66a9fc41,trening,reference,100,336189,
label_test_3,4,nie,tak,"K44 AKG",45,inny,"pracownik - tematyka związana z technologią audio lub akustyką",,d4514f39-e8a9-4af5-8eaa-6c5c66a9fc41,trening,S10000,90,336189,
label_test_3,4,nie,tak,"K44 AKG",45,inny,"pracownik - tematyka związana z technologią audio lub akustyką",,d4514f39-e8a9-4af5-8eaa-6c5c66a9fc41,trening,S6500,68,336189,
label_test_3,4,nie,tak,"K44 AKG",45,inny,"pracownik - tematyka związana z technologią audio lub akustyką",,d4514f39-e8a9-4af5-8eaa-6c5c66a9fc41,trening,S5000,49,336189,
label_test_3,4,nie,tak,"K44 AKG",45,inny,"pracownik - tematyka związana z technologią audio lub akustyką",,d4514f39-e8a9-4af5-8eaa-6c5c66a9fc41,trening,S3500,26,336189,
label_test_3,4,nie,tak,"K44 AKG",45,inny,"pracownik - tematyka związana z technologią audio lub akustyką",,d4514f39-e8a9-4af5-8eaa-6c5c66a9fc41,trening,S5500,28,336189,
label_test_3,4,nie,tak,"K44 AKG",45,inny,"pracownik - tematyka związana z technologią audio lub akustyką",,d4514f39-e8a9-4af5-8eaa-6c5c66a9fc41,trening,S4500,21,336189,
label_test_3,4,nie,tak,"K44 AKG",45,inny,"pracownik - tematyka związana z technologią audio lub akustyką",,d4514f39-e8a9-4af5-8eaa-6c5c66a9fc41,lq_no_label,S7000,76,283421,
label_test_3,4,nie,tak,"K44 AKG",45,inny,"pracownik - tematyka związana z technologią audio lub akustyką",,d4514f39-e8a9-4af5-8eaa-6c5c66a9fc41,lq_no_label,S3500,19,283421,
label_test_3,4,nie,tak,"K44 AKG",45,inny,"pracownik - tematyka związana z technologią audio lub akustyką",,d4514f39-e8a9-4af5-8eaa-6c5c66a9fc41,lq_no_label,S4500,34,283421,
label_test_3,4,nie,tak,"K44 AKG",45,inny,"pracownik - tematyka związana z technologią audio lub akustyką",,d4514f39-e8a9-4af5-8eaa-6c5c66a9fc41,lq_no_label,S6500,65,283421,
label_test_3,4,nie,tak,"K44 AKG",45,inny,"pracownik - tematyka związana z technologią audio lub akustyką",,d4514f39-e8a9-4af5-8eaa-6c5c66a9fc41,lq_no_label,S10000,86,283421,
label_test_3,4,nie,tak,"K44 AKG",45,inny,"pracownik - tematyka związana z technologią audio lub akustyką",,d4514f39-e8a9-4af5-8eaa-6c5c66a9fc41,lq_no_label,reference,100,283421,
label_test_3,4,nie,tak,"K44 AKG",45,inny,"pracownik - tematyka związana z technologią audio lub akustyką",,d4514f39-e8a9-4af5-8eaa-6c5c66a9fc41,lq_no_label,S5500,50,283421,
label_test_3,4,nie,tak,"K44 AKG",45,inny,"pracownik - tematyka związana z technologią audio lub akustyką",,d4514f39-e8a9-4af5-8eaa-6c5c66a9fc41,lq_no_label,S6000,54,283421,
label_test_3,4,nie,tak,"K44 AKG",45,inny,"pracownik - tematyka związana z technologią audio lub akustyką",,d4514f39-e8a9-4af5-8eaa-6c5c66a9fc41,lq_no_label,S5000,49,283421,
label_test_3,4,nie,tak,"K44 AKG",45,inny,"pracownik - tematyka związana z technologią audio lub akustyką",,d4514f39-e8a9-4af5-8eaa-6c5c66a9fc41,lq_no_label,S4000,20,283421,
label_test_3,4,nie,tak,"K44 AKG",45,inny,"pracownik - tematyka związana z technologią audio lub akustyką",,d4514f39-e8a9-4af5-8eaa-6c5c66a9fc41,lq_no_label,S8000,76,283421,
label_test_3,4,nie,tak,"K44 AKG",45,inny,"pracownik - tematyka związana z technologią audio lub akustyką",,d4514f39-e8a9-4af5-8eaa-6c5c66a9fc41,lq_no_label,S5500,22,178699,
label_test_3,4,nie,tak,"K44 AKG",45,inny,"pracownik - tematyka związana z technologią audio lub akustyką",,d4514f39-e8a9-4af5-8eaa-6c5c66a9fc41,lq_no_label,S5000,23,178699,
label_test_3,4,nie,tak,"K44 AKG",45,inny,"pracownik - tematyka związana z technologią audio lub akustyką",,d4514f39-e8a9-4af5-8eaa-6c5c66a9fc41,lq_no_label,S8000,83,178699,
label_test_3,4,nie,tak,"K44 AKG",45,inny,"pracownik - tematyka związana z technologią audio lub akustyką",,d4514f39-e8a9-4af5-8eaa-6c5c66a9fc41,lq_no_label,S6000,48,178699,
label_test_3,4,nie,tak,"K44 AKG",45,inny,"pracownik - tematyka związana z technologią audio lub akustyką",,d4514f39-e8a9-4af5-8eaa-6c5c66a9fc41,lq_no_label,S6500,72,178699,
label_test_3,4,nie,tak,"K44 AKG",45,inny,"pracownik - tematyka związana z technologią audio lub akustyką",,d4514f39-e8a9-4af5-8eaa-6c5c66a9fc41,lq_no_label,S10000,92,178699,
label_test_3,4,nie,tak,"K44 AKG",45,inny,"pracownik - tematyka związana z technologią audio lub akustyką",,d4514f39-e8a9-4af5-8eaa-6c5c66a9fc41,lq_no_label,S4500,40,178699,
label_test_3,4,nie,tak,"K44 AKG",45,inny,"pracownik - tematyka związana z technologią audio lub akustyką",,d4514f39-e8a9-4af5-8eaa-6c5c66a9fc41,lq_no_label,S4000,40,178699,
label_test_3,4,nie,tak,"K44 AKG",45,inny,"pracownik - tematyka związana z technologią audio lub akustyką",,d4514f39-e8a9-4af5-8eaa-6c5c66a9fc41,lq_no_label,reference,100,178699,
label_test_3,4,nie,tak,"K44 AKG",45,inny,"pracownik - tematyka związana z technologią audio lub akustyką",,d4514f39-e8a9-4af5-8eaa-6c5c66a9fc41,lq_no_label,S7000,68,178699,
label_test_3,4,nie,tak,"K44 AKG",45,inny,"pracownik - tematyka związana z technologią audio lub akustyką",,d4514f39-e8a9-4af5-8eaa-6c5c66a9fc41,lq_no_label,S3500,15,178699,
label_test_3,3,nie,tak,"HUAWEI FreeBuds 4i",18,student,,,80ff2261-bb09-45cb-9901-347e092087e6,trening,S10700,90,195979,
label_test_3,3,nie,tak,"HUAWEI FreeBuds 4i",18,student,,,80ff2261-bb09-45cb-9901-347e092087e6,trening,S3500,39,195979,
label_test_3,3,nie,tak,"HUAWEI FreeBuds 4i",18,student,,,80ff2261-bb09-45cb-9901-347e092087e6,trening,S12000,100,195979,
label_test_3,3,nie,tak,"HUAWEI FreeBuds 4i",18,student,,,80ff2261-bb09-45cb-9901-347e092087e6,trening,S8000,46,195979,
label_test_3,3,nie,tak,"HUAWEI FreeBuds 4i",18,student,,,80ff2261-bb09-45cb-9901-347e092087e6,trening,S10000,91,195979,
label_test_3,3,nie,tak,"HUAWEI FreeBuds 4i",18,student,,,80ff2261-bb09-45cb-9901-347e092087e6,trening,S8700,70,195979,
label_test_3,3,nie,tak,"HUAWEI FreeBuds 4i",18,student,,,80ff2261-bb09-45cb-9901-347e092087e6,trening,S5500,20,195979,
label_test_3,3,nie,tak,"HUAWEI FreeBuds 4i",18,student,,,80ff2261-bb09-45cb-9901-347e092087e6,trening,S9300,80,195979,
label_test_3,3,nie,tak,"HUAWEI FreeBuds 4i",18,student,,,80ff2261-bb09-45cb-9901-347e092087e6,trening,S7000,23,195979,
label_test_3,3,nie,tak,"HUAWEI FreeBuds 4i",18,student,,,80ff2261-bb09-45cb-9901-347e092087e6,trening,reference,100,195979,
label_test_3,3,nie,tak,"HUAWEI FreeBuds 4i",18,student,,,80ff2261-bb09-45cb-9901-347e092087e6,trening,S11300,82,195979,
label_test_3,3,nie,tak,"HUAWEI FreeBuds 4i",18,student,,,80ff2261-bb09-45cb-9901-347e092087e6,hq_no_label,S11300,83,146626,
label_test_3,3,nie,tak,"HUAWEI FreeBuds 4i",18,student,,,80ff2261-bb09-45cb-9901-347e092087e6,hq_no_label,S7000,15,146626,
label_test_3,3,nie,tak,"HUAWEI FreeBuds 4i",18,student,,,80ff2261-bb09-45cb-9901-347e092087e6,hq_no_label,reference,96,146626,
label_test_3,3,nie,tak,"HUAWEI FreeBuds 4i",18,student,,,80ff2261-bb09-45cb-9901-347e092087e6,hq_no_label,S10000,65,146626,
label_test_3,3,nie,tak,"HUAWEI FreeBuds 4i",18,student,,,80ff2261-bb09-45cb-9901-347e092087e6,hq_no_label,S9300,57,146626,
label_test_3,3,nie,tak,"HUAWEI FreeBuds 4i",18,student,,,80ff2261-bb09-45cb-9901-347e092087e6,hq_no_label,S5500,10,146626,
label_test_3,3,nie,tak,"HUAWEI FreeBuds 4i",18,student,,,80ff2261-bb09-45cb-9901-347e092087e6,hq_no_label,S12000,100,146626,
label_test_3,3,nie,tak,"HUAWEI FreeBuds 4i",18,student,,,80ff2261-bb09-45cb-9901-347e092087e6,hq_no_label,S8000,36,146626,
label_test_3,3,nie,tak,"HUAWEI FreeBuds 4i",18,student,,,80ff2261-bb09-45cb-9901-347e092087e6,hq_no_label,S10700,90,146626,
label_test_3,3,nie,tak,"HUAWEI FreeBuds 4i",18,student,,,80ff2261-bb09-45cb-9901-347e092087e6,hq_no_label,S8700,45,146626,
label_test_3,3,nie,tak,"HUAWEI FreeBuds 4i",18,student,,,80ff2261-bb09-45cb-9901-347e092087e6,hq_no_label,S3500,4,146626,
label_test_3,3,nie,tak,"HUAWEI FreeBuds 4i",18,student,,,80ff2261-bb09-45cb-9901-347e092087e6,hq_no_label,S9300,85,189436,
label_test_3,3,nie,tak,"HUAWEI FreeBuds 4i",18,student,,,80ff2261-bb09-45cb-9901-347e092087e6,hq_no_label,S11300,96,189436,
label_test_3,3,nie,tak,"HUAWEI FreeBuds 4i",18,student,,,80ff2261-bb09-45cb-9901-347e092087e6,hq_no_label,S7000,16,189436,
label_test_3,3,nie,tak,"HUAWEI FreeBuds 4i",18,student,,,80ff2261-bb09-45cb-9901-347e092087e6,hq_no_label,S12000,97,189436,
label_test_3,3,nie,tak,"HUAWEI FreeBuds 4i",18,student,,,80ff2261-bb09-45cb-9901-347e092087e6,hq_no_label,S3500,10,189436,
label_test_3,3,nie,tak,"HUAWEI FreeBuds 4i",18,student,,,80ff2261-bb09-45cb-9901-347e092087e6,hq_no_label,S8000,30,189436,
label_test_3,3,nie,tak,"HUAWEI FreeBuds 4i",18,student,,,80ff2261-bb09-45cb-9901-347e092087e6,hq_no_label,S10700,92,189436,
label_test_3,3,nie,tak,"HUAWEI FreeBuds 4i",18,student,,,80ff2261-bb09-45cb-9901-347e092087e6,hq_no_label,S10000,88,189436,
label_test_3,3,nie,tak,"HUAWEI FreeBuds 4i",18,student,,,80ff2261-bb09-45cb-9901-347e092087e6,hq_no_label,reference,100,189436,
label_test_3,3,nie,tak,"HUAWEI FreeBuds 4i",18,student,,,80ff2261-bb09-45cb-9901-347e092087e6,hq_no_label,S5500,19,189436,
label_test_3,3,nie,tak,"HUAWEI FreeBuds 4i",18,student,,,80ff2261-bb09-45cb-9901-347e092087e6,hq_no_label,S8700,71,189436,
label_test_3,5,nie,tak,,25,inny,"badacz/naukowiec, dydaktyk, okazjonalnie realizator","dość długi fragment (test mushra ma w rekomendacji ITU zdaje się kilkanaście sekund), ok tutaj on jest mocno powtarzalny więc to na plus, ale też - badanie na jednym przykładzie dźwiękowym i bez kotwicy (o którą często trudno w tego typu testach, ja wiem). Fragment muzyczny przyjemny, test sprawił mi sporo frajdy :)",f3478468-50d2-4524-be31-c122fd550327,trening,S12000,50,150077,
label_test_3,5,nie,tak,,25,inny,"badacz/naukowiec, dydaktyk, okazjonalnie realizator","dość długi fragment (test mushra ma w rekomendacji ITU zdaje się kilkanaście sekund), ok tutaj on jest mocno powtarzalny więc to na plus, ale też - badanie na jednym przykładzie dźwiękowym i bez kotwicy (o którą często trudno w tego typu testach, ja wiem). Fragment muzyczny przyjemny, test sprawił mi sporo frajdy :)",f3478468-50d2-4524-be31-c122fd550327,trening,S8000,20,150077,
label_test_3,5,nie,tak,,25,inny,"badacz/naukowiec, dydaktyk, okazjonalnie realizator","dość długi fragment (test mushra ma w rekomendacji ITU zdaje się kilkanaście sekund), ok tutaj on jest mocno powtarzalny więc to na plus, ale też - badanie na jednym przykładzie dźwiękowym i bez kotwicy (o którą często trudno w tego typu testach, ja wiem). Fragment muzyczny przyjemny, test sprawił mi sporo frajdy :)",f3478468-50d2-4524-be31-c122fd550327,trening,S8700,20,150077,
label_test_3,5,nie,tak,,25,inny,"badacz/naukowiec, dydaktyk, okazjonalnie realizator","dość długi fragment (test mushra ma w rekomendacji ITU zdaje się kilkanaście sekund), ok tutaj on jest mocno powtarzalny więc to na plus, ale też - badanie na jednym przykładzie dźwiękowym i bez kotwicy (o którą często trudno w tego typu testach, ja wiem). Fragment muzyczny przyjemny, test sprawił mi sporo frajdy :)",f3478468-50d2-4524-be31-c122fd550327,trening,S7000,5,150077,
label_test_3,5,nie,tak,,25,inny,"badacz/naukowiec, dydaktyk, okazjonalnie realizator","dość długi fragment (test mushra ma w rekomendacji ITU zdaje się kilkanaście sekund), ok tutaj on jest mocno powtarzalny więc to na plus, ale też - badanie na jednym przykładzie dźwiękowym i bez kotwicy (o którą często trudno w tego typu testach, ja wiem). Fragment muzyczny przyjemny, test sprawił mi sporo frajdy :)",f3478468-50d2-4524-be31-c122fd550327,trening,S11300,50,150077,
label_test_3,5,nie,tak,,25,inny,"badacz/naukowiec, dydaktyk, okazjonalnie realizator","dość długi fragment (test mushra ma w rekomendacji ITU zdaje się kilkanaście sekund), ok tutaj on jest mocno powtarzalny więc to na plus, ale też - badanie na jednym przykładzie dźwiękowym i bez kotwicy (o którą często trudno w tego typu testach, ja wiem). Fragment muzyczny przyjemny, test sprawił mi sporo frajdy :)",f3478468-50d2-4524-be31-c122fd550327,trening,S10000,20,150077,
label_test_3,5,nie,tak,,25,inny,"badacz/naukowiec, dydaktyk, okazjonalnie realizator","dość długi fragment (test mushra ma w rekomendacji ITU zdaje się kilkanaście sekund), ok tutaj on jest mocno powtarzalny więc to na plus, ale też - badanie na jednym przykładzie dźwiękowym i bez kotwicy (o którą często trudno w tego typu testach, ja wiem). Fragment muzyczny przyjemny, test sprawił mi sporo frajdy :)",f3478468-50d2-4524-be31-c122fd550327,trening,S5500,5,150077,
label_test_3,5,nie,tak,,25,inny,"badacz/naukowiec, dydaktyk, okazjonalnie realizator","dość długi fragment (test mushra ma w rekomendacji ITU zdaje się kilkanaście sekund), ok tutaj on jest mocno powtarzalny więc to na plus, ale też - badanie na jednym przykładzie dźwiękowym i bez kotwicy (o którą często trudno w tego typu testach, ja wiem). Fragment muzyczny przyjemny, test sprawił mi sporo frajdy :)",f3478468-50d2-4524-be31-c122fd550327,trening,reference,100,150077,
label_test_3,5,nie,tak,,25,inny,"badacz/naukowiec, dydaktyk, okazjonalnie realizator","dość długi fragment (test mushra ma w rekomendacji ITU zdaje się kilkanaście sekund), ok tutaj on jest mocno powtarzalny więc to na plus, ale też - badanie na jednym przykładzie dźwiękowym i bez kotwicy (o którą często trudno w tego typu testach, ja wiem). Fragment muzyczny przyjemny, test sprawił mi sporo frajdy :)",f3478468-50d2-4524-be31-c122fd550327,trening,S3500,5,150077,
label_test_3,5,nie,tak,,25,inny,"badacz/naukowiec, dydaktyk, okazjonalnie realizator","dość długi fragment (test mushra ma w rekomendacji ITU zdaje się kilkanaście sekund), ok tutaj on jest mocno powtarzalny więc to na plus, ale też - badanie na jednym przykładzie dźwiękowym i bez kotwicy (o którą często trudno w tego typu testach, ja wiem). Fragment muzyczny przyjemny, test sprawił mi sporo frajdy :)",f3478468-50d2-4524-be31-c122fd550327,trening,S10700,50,150077,
label_test_3,5,nie,tak,,25,inny,"badacz/naukowiec, dydaktyk, okazjonalnie realizator","dość długi fragment (test mushra ma w rekomendacji ITU zdaje się kilkanaście sekund), ok tutaj on jest mocno powtarzalny więc to na plus, ale też - badanie na jednym przykładzie dźwiękowym i bez kotwicy (o którą często trudno w tego typu testach, ja wiem). Fragment muzyczny przyjemny, test sprawił mi sporo frajdy :)",f3478468-50d2-4524-be31-c122fd550327,trening,S9300,20,150077,
label_test_3,5,nie,tak,,25,inny,"badacz/naukowiec, dydaktyk, okazjonalnie realizator","dość długi fragment (test mushra ma w rekomendacji ITU zdaje się kilkanaście sekund), ok tutaj on jest mocno powtarzalny więc to na plus, ale też - badanie na jednym przykładzie dźwiękowym i bez kotwicy (o którą często trudno w tego typu testach, ja wiem). Fragment muzyczny przyjemny, test sprawił mi sporo frajdy :)",f3478468-50d2-4524-be31-c122fd550327,hq_label,S3500,5,141667,
label_test_3,5,nie,tak,,25,inny,"badacz/naukowiec, dydaktyk, okazjonalnie realizator","dość długi fragment (test mushra ma w rekomendacji ITU zdaje się kilkanaście sekund), ok tutaj on jest mocno powtarzalny więc to na plus, ale też - badanie na jednym przykładzie dźwiękowym i bez kotwicy (o którą często trudno w tego typu testach, ja wiem). Fragment muzyczny przyjemny, test sprawił mi sporo frajdy :)",f3478468-50d2-4524-be31-c122fd550327,hq_label,S8000,5,141667,
label_test_3,5,nie,tak,,25,inny,"badacz/naukowiec, dydaktyk, okazjonalnie realizator","dość długi fragment (test mushra ma w rekomendacji ITU zdaje się kilkanaście sekund), ok tutaj on jest mocno powtarzalny więc to na plus, ale też - badanie na jednym przykładzie dźwiękowym i bez kotwicy (o którą często trudno w tego typu testach, ja wiem). Fragment muzyczny przyjemny, test sprawił mi sporo frajdy :)",f3478468-50d2-4524-be31-c122fd550327,hq_label,S8700,5,141667,
label_test_3,5,nie,tak,,25,inny,"badacz/naukowiec, dydaktyk, okazjonalnie realizator","dość długi fragment (test mushra ma w rekomendacji ITU zdaje się kilkanaście sekund), ok tutaj on jest mocno powtarzalny więc to na plus, ale też - badanie na jednym przykładzie dźwiękowym i bez kotwicy (o którą często trudno w tego typu testach, ja wiem). Fragment muzyczny przyjemny, test sprawił mi sporo frajdy :)",f3478468-50d2-4524-be31-c122fd550327,hq_label,S12000,95,141667,
label_test_3,5,nie,tak,,25,inny,"badacz/naukowiec, dydaktyk, okazjonalnie realizator","dość długi fragment (test mushra ma w rekomendacji ITU zdaje się kilkanaście sekund), ok tutaj on jest mocno powtarzalny więc to na plus, ale też - badanie na jednym przykładzie dźwiękowym i bez kotwicy (o którą często trudno w tego typu testach, ja wiem). Fragment muzyczny przyjemny, test sprawił mi sporo frajdy :)",f3478468-50d2-4524-be31-c122fd550327,hq_label,S10700,80,141667,
label_test_3,5,nie,tak,,25,inny,"badacz/naukowiec, dydaktyk, okazjonalnie realizator","dość długi fragment (test mushra ma w rekomendacji ITU zdaje się kilkanaście sekund), ok tutaj on jest mocno powtarzalny więc to na plus, ale też - badanie na jednym przykładzie dźwiękowym i bez kotwicy (o którą często trudno w tego typu testach, ja wiem). Fragment muzyczny przyjemny, test sprawił mi sporo frajdy :)",f3478468-50d2-4524-be31-c122fd550327,hq_label,S5500,5,141667,
label_test_3,5,nie,tak,,25,inny,"badacz/naukowiec, dydaktyk, okazjonalnie realizator","dość długi fragment (test mushra ma w rekomendacji ITU zdaje się kilkanaście sekund), ok tutaj on jest mocno powtarzalny więc to na plus, ale też - badanie na jednym przykładzie dźwiękowym i bez kotwicy (o którą często trudno w tego typu testach, ja wiem). Fragment muzyczny przyjemny, test sprawił mi sporo frajdy :)",f3478468-50d2-4524-be31-c122fd550327,hq_label,reference,100,141667,
label_test_3,5,nie,tak,,25,inny,"badacz/naukowiec, dydaktyk, okazjonalnie realizator","dość długi fragment (test mushra ma w rekomendacji ITU zdaje się kilkanaście sekund), ok tutaj on jest mocno powtarzalny więc to na plus, ale też - badanie na jednym przykładzie dźwiękowym i bez kotwicy (o którą często trudno w tego typu testach, ja wiem). Fragment muzyczny przyjemny, test sprawił mi sporo frajdy :)",f3478468-50d2-4524-be31-c122fd550327,hq_label,S11300,80,141667,
label_test_3,5,nie,tak,,25,inny,"badacz/naukowiec, dydaktyk, okazjonalnie realizator","dość długi fragment (test mushra ma w rekomendacji ITU zdaje się kilkanaście sekund), ok tutaj on jest mocno powtarzalny więc to na plus, ale też - badanie na jednym przykładzie dźwiękowym i bez kotwicy (o którą często trudno w tego typu testach, ja wiem). Fragment muzyczny przyjemny, test sprawił mi sporo frajdy :)",f3478468-50d2-4524-be31-c122fd550327,hq_label,S9300,20,141667,
label_test_3,5,nie,tak,,25,inny,"badacz/naukowiec, dydaktyk, okazjonalnie realizator","dość długi fragment (test mushra ma w rekomendacji ITU zdaje się kilkanaście sekund), ok tutaj on jest mocno powtarzalny więc to na plus, ale też - badanie na jednym przykładzie dźwiękowym i bez kotwicy (o którą często trudno w tego typu testach, ja wiem). Fragment muzyczny przyjemny, test sprawił mi sporo frajdy :)",f3478468-50d2-4524-be31-c122fd550327,hq_label,S10000,20,141667,
label_test_3,5,nie,tak,,25,inny,"badacz/naukowiec, dydaktyk, okazjonalnie realizator","dość długi fragment (test mushra ma w rekomendacji ITU zdaje się kilkanaście sekund), ok tutaj on jest mocno powtarzalny więc to na plus, ale też - badanie na jednym przykładzie dźwiękowym i bez kotwicy (o którą często trudno w tego typu testach, ja wiem). Fragment muzyczny przyjemny, test sprawił mi sporo frajdy :)",f3478468-50d2-4524-be31-c122fd550327,hq_label,S7000,5,141667,
label_test_3,5,nie,tak,,25,inny,"badacz/naukowiec, dydaktyk, okazjonalnie realizator","dość długi fragment (test mushra ma w rekomendacji ITU zdaje się kilkanaście sekund), ok tutaj on jest mocno powtarzalny więc to na plus, ale też - badanie na jednym przykładzie dźwiękowym i bez kotwicy (o którą często trudno w tego typu testach, ja wiem). Fragment muzyczny przyjemny, test sprawił mi sporo frajdy :)",f3478468-50d2-4524-be31-c122fd550327,hq_label,reference,99,93172,
label_test_3,5,nie,tak,,25,inny,"badacz/naukowiec, dydaktyk, okazjonalnie realizator","dość długi fragment (test mushra ma w rekomendacji ITU zdaje się kilkanaście sekund), ok tutaj on jest mocno powtarzalny więc to na plus, ale też - badanie na jednym przykładzie dźwiękowym i bez kotwicy (o którą często trudno w tego typu testach, ja wiem). Fragment muzyczny przyjemny, test sprawił mi sporo frajdy :)",f3478468-50d2-4524-be31-c122fd550327,hq_label,S11300,90,93172,
label_test_3,5,nie,tak,,25,inny,"badacz/naukowiec, dydaktyk, okazjonalnie realizator","dość długi fragment (test mushra ma w rekomendacji ITU zdaje się kilkanaście sekund), ok tutaj on jest mocno powtarzalny więc to na plus, ale też - badanie na jednym przykładzie dźwiękowym i bez kotwicy (o którą często trudno w tego typu testach, ja wiem). Fragment muzyczny przyjemny, test sprawił mi sporo frajdy :)",f3478468-50d2-4524-be31-c122fd550327,hq_label,S9300,5,93172,
label_test_3,5,nie,tak,,25,inny,"badacz/naukowiec, dydaktyk, okazjonalnie realizator","dość długi fragment (test mushra ma w rekomendacji ITU zdaje się kilkanaście sekund), ok tutaj on jest mocno powtarzalny więc to na plus, ale też - badanie na jednym przykładzie dźwiękowym i bez kotwicy (o którą często trudno w tego typu testach, ja wiem). Fragment muzyczny przyjemny, test sprawił mi sporo frajdy :)",f3478468-50d2-4524-be31-c122fd550327,hq_label,S12000,80,93172,
label_test_3,5,nie,tak,,25,inny,"badacz/naukowiec, dydaktyk, okazjonalnie realizator","dość długi fragment (test mushra ma w rekomendacji ITU zdaje się kilkanaście sekund), ok tutaj on jest mocno powtarzalny więc to na plus, ale też - badanie na jednym przykładzie dźwiękowym i bez kotwicy (o którą często trudno w tego typu testach, ja wiem). Fragment muzyczny przyjemny, test sprawił mi sporo frajdy :)",f3478468-50d2-4524-be31-c122fd550327,hq_label,S5500,5,93172,
label_test_3,5,nie,tak,,25,inny,"badacz/naukowiec, dydaktyk, okazjonalnie realizator","dość długi fragment (test mushra ma w rekomendacji ITU zdaje się kilkanaście sekund), ok tutaj on jest mocno powtarzalny więc to na plus, ale też - badanie na jednym przykładzie dźwiękowym i bez kotwicy (o którą często trudno w tego typu testach, ja wiem). Fragment muzyczny przyjemny, test sprawił mi sporo frajdy :)",f3478468-50d2-4524-be31-c122fd550327,hq_label,S7000,5,93172,
label_test_3,5,nie,tak,,25,inny,"badacz/naukowiec, dydaktyk, okazjonalnie realizator","dość długi fragment (test mushra ma w rekomendacji ITU zdaje się kilkanaście sekund), ok tutaj on jest mocno powtarzalny więc to na plus, ale też - badanie na jednym przykładzie dźwiękowym i bez kotwicy (o którą często trudno w tego typu testach, ja wiem). Fragment muzyczny przyjemny, test sprawił mi sporo frajdy :)",f3478468-50d2-4524-be31-c122fd550327,hq_label,S8700,5,93172,
label_test_3,5,nie,tak,,25,inny,"badacz/naukowiec, dydaktyk, okazjonalnie realizator","dość długi fragment (test mushra ma w rekomendacji ITU zdaje się kilkanaście sekund), ok tutaj on jest mocno powtarzalny więc to na plus, ale też - badanie na jednym przykładzie dźwiękowym i bez kotwicy (o którą często trudno w tego typu testach, ja wiem). Fragment muzyczny przyjemny, test sprawił mi sporo frajdy :)",f3478468-50d2-4524-be31-c122fd550327,hq_label,S10000,5,93172,
label_test_3,5,nie,tak,,25,inny,"badacz/naukowiec, dydaktyk, okazjonalnie realizator","dość długi fragment (test mushra ma w rekomendacji ITU zdaje się kilkanaście sekund), ok tutaj on jest mocno powtarzalny więc to na plus, ale też - badanie na jednym przykładzie dźwiękowym i bez kotwicy (o którą często trudno w tego typu testach, ja wiem). Fragment muzyczny przyjemny, test sprawił mi sporo frajdy :)",f3478468-50d2-4524-be31-c122fd550327,hq_label,S8000,5,93172,
label_test_3,5,nie,tak,,25,inny,"badacz/naukowiec, dydaktyk, okazjonalnie realizator","dość długi fragment (test mushra ma w rekomendacji ITU zdaje się kilkanaście sekund), ok tutaj on jest mocno powtarzalny więc to na plus, ale też - badanie na jednym przykładzie dźwiękowym i bez kotwicy (o którą często trudno w tego typu testach, ja wiem). Fragment muzyczny przyjemny, test sprawił mi sporo frajdy :)",f3478468-50d2-4524-be31-c122fd550327,hq_label,S3500,5,93172,
label_test_3,5,nie,tak,,25,inny,"badacz/naukowiec, dydaktyk, okazjonalnie realizator","dość długi fragment (test mushra ma w rekomendacji ITU zdaje się kilkanaście sekund), ok tutaj on jest mocno powtarzalny więc to na plus, ale też - badanie na jednym przykładzie dźwiękowym i bez kotwicy (o którą często trudno w tego typu testach, ja wiem). Fragment muzyczny przyjemny, test sprawił mi sporo frajdy :)",f3478468-50d2-4524-be31-c122fd550327,hq_label,S10700,75,93172,
label_test_3,1,nie,nie,"HyperX Cloud III",18,inny,"członek koła naukowego o inżynierii dźwięku",,3444282d-e2be-4323-a3d4-857d0befae3a,trening,S7000,20,158521,
label_test_3,1,nie,nie,"HyperX Cloud III",18,inny,"członek koła naukowego o inżynierii dźwięku",,3444282d-e2be-4323-a3d4-857d0befae3a,trening,S8000,30,158521,
label_test_3,1,nie,nie,"HyperX Cloud III",18,inny,"członek koła naukowego o inżynierii dźwięku",,3444282d-e2be-4323-a3d4-857d0befae3a,trening,S6000,10,158521,
label_test_3,1,nie,nie,"HyperX Cloud III",18,inny,"członek koła naukowego o inżynierii dźwięku",,3444282d-e2be-4323-a3d4-857d0befae3a,trening,S10000,60,158521,
label_test_3,1,nie,nie,"HyperX Cloud III",18,inny,"członek koła naukowego o inżynierii dźwięku",,3444282d-e2be-4323-a3d4-857d0befae3a,trening,S5000,0,158521,
label_test_3,1,nie,nie,"HyperX Cloud III",18,inny,"członek koła naukowego o inżynierii dźwięku",,3444282d-e2be-4323-a3d4-857d0befae3a,trening,reference,100,158521,
label_test_3,1,nie,nie,"HyperX Cloud III",18,inny,"członek koła naukowego o inżynierii dźwięku",,3444282d-e2be-4323-a3d4-857d0befae3a,trening,S3500,0,158521,
label_test_3,1,nie,nie,"HyperX Cloud III",18,inny,"członek koła naukowego o inżynierii dźwięku",,3444282d-e2be-4323-a3d4-857d0befae3a,trening,S6500,10,158521,
label_test_3,1,nie,nie,"HyperX Cloud III",18,inny,"członek koła naukowego o inżynierii dźwięku",,3444282d-e2be-4323-a3d4-857d0befae3a,trening,S5500,0,158521,
label_test_3,1,nie,nie,"HyperX Cloud III",18,inny,"członek koła naukowego o inżynierii dźwięku",,3444282d-e2be-4323-a3d4-857d0befae3a,trening,S4500,0,158521,
label_test_3,1,nie,nie,"HyperX Cloud III",18,inny,"członek koła naukowego o inżynierii dźwięku",,3444282d-e2be-4323-a3d4-857d0befae3a,trening,S4000,0,158521,
label_test_3,1,nie,nie,"HyperX Cloud III",18,inny,"członek koła naukowego o inżynierii dźwięku",,3444282d-e2be-4323-a3d4-857d0befae3a,lq_no_label,S4500,10,149643,
label_test_3,1,nie,nie,"HyperX Cloud III",18,inny,"członek koła naukowego o inżynierii dźwięku",,3444282d-e2be-4323-a3d4-857d0befae3a,lq_no_label,S8000,60,149643,
label_test_3,1,nie,nie,"HyperX Cloud III",18,inny,"członek koła naukowego o inżynierii dźwięku",,3444282d-e2be-4323-a3d4-857d0befae3a,lq_no_label,S6500,40,149643,
label_test_3,1,nie,nie,"HyperX Cloud III",18,inny,"członek koła naukowego o inżynierii dźwięku",,3444282d-e2be-4323-a3d4-857d0befae3a,lq_no_label,S5500,20,149643,
label_test_3,1,nie,nie,"HyperX Cloud III",18,inny,"członek koła naukowego o inżynierii dźwięku",,3444282d-e2be-4323-a3d4-857d0befae3a,lq_no_label,S5000,10,149643,
label_test_3,1,nie,nie,"HyperX Cloud III",18,inny,"członek koła naukowego o inżynierii dźwięku",,3444282d-e2be-4323-a3d4-857d0befae3a,lq_no_label,reference,100,149643,
label_test_3,1,nie,nie,"HyperX Cloud III",18,inny,"członek koła naukowego o inżynierii dźwięku",,3444282d-e2be-4323-a3d4-857d0befae3a,lq_no_label,S10000,85,149643,
label_test_3,1,nie,nie,"HyperX Cloud III",18,inny,"członek koła naukowego o inżynierii dźwięku",,3444282d-e2be-4323-a3d4-857d0befae3a,lq_no_label,S6000,20,149643,
label_test_3,1,nie,nie,"HyperX Cloud III",18,inny,"członek koła naukowego o inżynierii dźwięku",,3444282d-e2be-4323-a3d4-857d0befae3a,lq_no_label,S3500,0,149643,
label_test_3,1,nie,nie,"HyperX Cloud III",18,inny,"członek koła naukowego o inżynierii dźwięku",,3444282d-e2be-4323-a3d4-857d0befae3a,lq_no_label,S7000,40,149643,
label_test_3,1,nie,nie,"HyperX Cloud III",18,inny,"członek koła naukowego o inżynierii dźwięku",,3444282d-e2be-4323-a3d4-857d0befae3a,lq_no_label,S4000,0,149643,
label_test_3,1,nie,nie,"HyperX Cloud III",18,inny,"członek koła naukowego o inżynierii dźwięku",,3444282d-e2be-4323-a3d4-857d0befae3a,lq_no_label,S10000,90,116370,
label_test_3,1,nie,nie,"HyperX Cloud III",18,inny,"członek koła naukowego o inżynierii dźwięku",,3444282d-e2be-4323-a3d4-857d0befae3a,lq_no_label,S8000,70,116370,
label_test_3,1,nie,nie,"HyperX Cloud III",18,inny,"członek koła naukowego o inżynierii dźwięku",,3444282d-e2be-4323-a3d4-857d0befae3a,lq_no_label,S4500,0,116370,
label_test_3,1,nie,nie,"HyperX Cloud III",18,inny,"członek koła naukowego o inżynierii dźwięku",,3444282d-e2be-4323-a3d4-857d0befae3a,lq_no_label,S5000,10,116370,
label_test_3,1,nie,nie,"HyperX Cloud III",18,inny,"członek koła naukowego o inżynierii dźwięku",,3444282d-e2be-4323-a3d4-857d0befae3a,lq_no_label,S6000,30,116370,
label_test_3,1,nie,nie,"HyperX Cloud III",18,inny,"członek koła naukowego o inżynierii dźwięku",,3444282d-e2be-4323-a3d4-857d0befae3a,lq_no_label,S7000,40,116370,
label_test_3,1,nie,nie,"HyperX Cloud III",18,inny,"członek koła naukowego o inżynierii dźwięku",,3444282d-e2be-4323-a3d4-857d0befae3a,lq_no_label,S4000,0,116370,
label_test_3,1,nie,nie,"HyperX Cloud III",18,inny,"członek koła naukowego o inżynierii dźwięku",,3444282d-e2be-4323-a3d4-857d0befae3a,lq_no_label,reference,100,116370,
label_test_3,1,nie,nie,"HyperX Cloud III",18,inny,"członek koła naukowego o inżynierii dźwięku",,3444282d-e2be-4323-a3d4-857d0befae3a,lq_no_label,S6500,70,116370,
label_test_3,1,nie,nie,"HyperX Cloud III",18,inny,"członek koła naukowego o inżynierii dźwięku",,3444282d-e2be-4323-a3d4-857d0befae3a,lq_no_label,S5500,25,116370,
label_test_3,1,nie,nie,"HyperX Cloud III",18,inny,"członek koła naukowego o inżynierii dźwięku",,3444282d-e2be-4323-a3d4-857d0befae3a,lq_no_label,S3500,0,116370,
label_test_3,4,nie,tak,"beyerdynamic 990pro",18,student,,,6004f792-dd99-470f-98b7-96686697c461,trening,reference,100,197590,
label_test_3,4,nie,tak,"beyerdynamic 990pro",18,student,,,6004f792-dd99-470f-98b7-96686697c461,trening,S12000,85,197590,
label_test_3,4,nie,tak,"beyerdynamic 990pro",18,student,,,6004f792-dd99-470f-98b7-96686697c461,trening,S8700,70,197590,
label_test_3,4,nie,tak,"beyerdynamic 990pro",18,student,,,6004f792-dd99-470f-98b7-96686697c461,trening,S8000,60,197590,
label_test_3,4,nie,tak,"beyerdynamic 990pro",18,student,,,6004f792-dd99-470f-98b7-96686697c461,trening,S10700,75,197590,
label_test_3,4,nie,tak,"beyerdynamic 990pro",18,student,,,6004f792-dd99-470f-98b7-96686697c461,trening,S11300,80,197590,
label_test_3,4,nie,tak,"beyerdynamic 990pro",18,student,,,6004f792-dd99-470f-98b7-96686697c461,trening,S10000,72,197590,
label_test_3,4,nie,tak,"beyerdynamic 990pro",18,student,,,6004f792-dd99-470f-98b7-96686697c461,trening,S7000,35,197590,
label_test_3,4,nie,tak,"beyerdynamic 990pro",18,student,,,6004f792-dd99-470f-98b7-96686697c461,trening,S9300,45,197590,
label_test_3,4,nie,tak,"beyerdynamic 990pro",18,student,,,6004f792-dd99-470f-98b7-96686697c461,trening,S3500,15,197590,
label_test_3,4,nie,tak,"beyerdynamic 990pro",18,student,,,6004f792-dd99-470f-98b7-96686697c461,trening,S5500,25,197590,
label_test_3,4,nie,tak,"beyerdynamic 990pro",18,student,,,6004f792-dd99-470f-98b7-96686697c461,hq_no_label,reference,100,153223,
label_test_3,4,nie,tak,"beyerdynamic 990pro",18,student,,,6004f792-dd99-470f-98b7-96686697c461,hq_no_label,S7000,50,153223,
label_test_3,4,nie,tak,"beyerdynamic 990pro",18,student,,,6004f792-dd99-470f-98b7-96686697c461,hq_no_label,S10000,70,153223,
label_test_3,4,nie,tak,"beyerdynamic 990pro",18,student,,,6004f792-dd99-470f-98b7-96686697c461,hq_no_label,S3500,10,153223,
label_test_3,4,nie,tak,"beyerdynamic 990pro",18,student,,,6004f792-dd99-470f-98b7-96686697c461,hq_no_label,S8000,60,153223,
label_test_3,4,nie,tak,"beyerdynamic 990pro",18,student,,,6004f792-dd99-470f-98b7-96686697c461,hq_no_label,S9300,65,153223,
label_test_3,4,nie,tak,"beyerdynamic 990pro",18,student,,,6004f792-dd99-470f-98b7-96686697c461,hq_no_label,S11300,76,153223,
label_test_3,4,nie,tak,"beyerdynamic 990pro",18,student,,,6004f792-dd99-470f-98b7-96686697c461,hq_no_label,S5500,23,153223,
label_test_3,4,nie,tak,"beyerdynamic 990pro",18,student,,,6004f792-dd99-470f-98b7-96686697c461,hq_no_label,S8700,63,153223,
label_test_3,4,nie,tak,"beyerdynamic 990pro",18,student,,,6004f792-dd99-470f-98b7-96686697c461,hq_no_label,S10700,79,153223,
label_test_3,4,nie,tak,"beyerdynamic 990pro",18,student,,,6004f792-dd99-470f-98b7-96686697c461,hq_no_label,S12000,85,153223,
label_test_3,4,nie,tak,"beyerdynamic 990pro",18,student,,,6004f792-dd99-470f-98b7-96686697c461,hq_no_label,S10000,65,167221,
label_test_3,4,nie,tak,"beyerdynamic 990pro",18,student,,,6004f792-dd99-470f-98b7-96686697c461,hq_no_label,S8700,50,167221,
label_test_3,4,nie,tak,"beyerdynamic 990pro",18,student,,,6004f792-dd99-470f-98b7-96686697c461,hq_no_label,S10700,70,167221,
label_test_3,4,nie,tak,"beyerdynamic 990pro",18,student,,,6004f792-dd99-470f-98b7-96686697c461,hq_no_label,S3500,10,167221,
label_test_3,4,nie,tak,"beyerdynamic 990pro",18,student,,,6004f792-dd99-470f-98b7-96686697c461,hq_no_label,S12000,85,167221,
label_test_3,4,nie,tak,"beyerdynamic 990pro",18,student,,,6004f792-dd99-470f-98b7-96686697c461,hq_no_label,S8000,55,167221,
label_test_3,4,nie,tak,"beyerdynamic 990pro",18,student,,,6004f792-dd99-470f-98b7-96686697c461,hq_no_label,S11300,71,167221,
label_test_3,4,nie,tak,"beyerdynamic 990pro",18,student,,,6004f792-dd99-470f-98b7-96686697c461,hq_no_label,S5500,25,167221,
label_test_3,4,nie,tak,"beyerdynamic 990pro",18,student,,,6004f792-dd99-470f-98b7-96686697c461,hq_no_label,reference,100,167221,
label_test_3,4,nie,tak,"beyerdynamic 990pro",18,student,,,6004f792-dd99-470f-98b7-96686697c461,hq_no_label,S7000,35,167221,
label_test_3,4,nie,tak,"beyerdynamic 990pro",18,student,,,6004f792-dd99-470f-98b7-96686697c461,hq_no_label,S9300,60,167221,
label_test_3,4,nie,tak,"AirPods 4 ANC",18,student,,,e4eb4daf-7d55-409c-9255-8d5b499e3211,trening,S6500,62,201756,
label_test_3,4,nie,tak,"AirPods 4 ANC",18,student,,,e4eb4daf-7d55-409c-9255-8d5b499e3211,trening,S4000,30,201756,
label_test_3,4,nie,tak,"AirPods 4 ANC",18,student,,,e4eb4daf-7d55-409c-9255-8d5b499e3211,trening,S5000,42,201756,
label_test_3,4,nie,tak,"AirPods 4 ANC",18,student,,,e4eb4daf-7d55-409c-9255-8d5b499e3211,trening,reference,100,201756,
label_test_3,4,nie,tak,"AirPods 4 ANC",18,student,,,e4eb4daf-7d55-409c-9255-8d5b499e3211,trening,S7000,70,201756,
label_test_3,4,nie,tak,"AirPods 4 ANC",18,student,,,e4eb4daf-7d55-409c-9255-8d5b499e3211,trening,S5500,49,201756,
label_test_3,4,nie,tak,"AirPods 4 ANC",18,student,,,e4eb4daf-7d55-409c-9255-8d5b499e3211,trening,S10000,83,201756,
label_test_3,4,nie,tak,"AirPods 4 ANC",18,student,,,e4eb4daf-7d55-409c-9255-8d5b499e3211,trening,S6000,55,201756,
label_test_3,4,nie,tak,"AirPods 4 ANC",18,student,,,e4eb4daf-7d55-409c-9255-8d5b499e3211,trening,S8000,76,201756,
label_test_3,4,nie,tak,"AirPods 4 ANC",18,student,,,e4eb4daf-7d55-409c-9255-8d5b499e3211,trening,S4500,36,201756,
label_test_3,4,nie,tak,"AirPods 4 ANC",18,student,,,e4eb4daf-7d55-409c-9255-8d5b499e3211,trening,S3500,25,201756,
label_test_3,4,nie,tak,"AirPods 4 ANC",18,student,,,e4eb4daf-7d55-409c-9255-8d5b499e3211,lq_no_label,S4500,36,151504,
label_test_3,4,nie,tak,"AirPods 4 ANC",18,student,,,e4eb4daf-7d55-409c-9255-8d5b499e3211,lq_no_label,S5500,50,151504,
label_test_3,4,nie,tak,"AirPods 4 ANC",18,student,,,e4eb4daf-7d55-409c-9255-8d5b499e3211,lq_no_label,S4000,30,151504,
label_test_3,4,nie,tak,"AirPods 4 ANC",18,student,,,e4eb4daf-7d55-409c-9255-8d5b499e3211,lq_no_label,reference,100,151504,
label_test_3,4,nie,tak,"AirPods 4 ANC",18,student,,,e4eb4daf-7d55-409c-9255-8d5b499e3211,lq_no_label,S8000,66,151504,
label_test_3,4,nie,tak,"AirPods 4 ANC",18,student,,,e4eb4daf-7d55-409c-9255-8d5b499e3211,lq_no_label,S5000,39,151504,
label_test_3,4,nie,tak,"AirPods 4 ANC",18,student,,,e4eb4daf-7d55-409c-9255-8d5b499e3211,lq_no_label,S6500,54,151504,
label_test_3,4,nie,tak,"AirPods 4 ANC",18,student,,,e4eb4daf-7d55-409c-9255-8d5b499e3211,lq_no_label,S6000,44,151504,
label_test_3,4,nie,tak,"AirPods 4 ANC",18,student,,,e4eb4daf-7d55-409c-9255-8d5b499e3211,lq_no_label,S10000,82,151504,
label_test_3,4,nie,tak,"AirPods 4 ANC",18,student,,,e4eb4daf-7d55-409c-9255-8d5b499e3211,lq_no_label,S7000,59,151504,
label_test_3,4,nie,tak,"AirPods 4 ANC",18,student,,,e4eb4daf-7d55-409c-9255-8d5b499e3211,lq_no_label,S3500,20,151504,
label_test_3,4,nie,tak,"AirPods 4 ANC",18,student,,,e4eb4daf-7d55-409c-9255-8d5b499e3211,lq_no_label,S3500,25,132036,
label_test_3,4,nie,tak,"AirPods 4 ANC",18,student,,,e4eb4daf-7d55-409c-9255-8d5b499e3211,lq_no_label,S8000,73,132036,
label_test_3,4,nie,tak,"AirPods 4 ANC",18,student,,,e4eb4daf-7d55-409c-9255-8d5b499e3211,lq_no_label,S5000,38,132036,
label_test_3,4,nie,tak,"AirPods 4 ANC",18,student,,,e4eb4daf-7d55-409c-9255-8d5b499e3211,lq_no_label,S6500,55,132036,
label_test_3,4,nie,tak,"AirPods 4 ANC",18,student,,,e4eb4daf-7d55-409c-9255-8d5b499e3211,lq_no_label,S5500,40,132036,
label_test_3,4,nie,tak,"AirPods 4 ANC",18,student,,,e4eb4daf-7d55-409c-9255-8d5b499e3211,lq_no_label,S4000,30,132036,
label_test_3,4,nie,tak,"AirPods 4 ANC",18,student,,,e4eb4daf-7d55-409c-9255-8d5b499e3211,lq_no_label,S7000,62,132036,
label_test_3,4,nie,tak,"AirPods 4 ANC",18,student,,,e4eb4daf-7d55-409c-9255-8d5b499e3211,lq_no_label,S10000,80,132036,
label_test_3,4,nie,tak,"AirPods 4 ANC",18,student,,,e4eb4daf-7d55-409c-9255-8d5b499e3211,lq_no_label,reference,100,132036,
label_test_3,4,nie,tak,"AirPods 4 ANC",18,student,,,e4eb4daf-7d55-409c-9255-8d5b499e3211,lq_no_label,S4500,32,132036,
label_test_3,4,nie,tak,"AirPods 4 ANC",18,student,,,e4eb4daf-7d55-409c-9255-8d5b499e3211,lq_no_label,S6000,49,132036,
label_test_3,4,tak,tak,"Sennheiser HD 599 ",45,realizator,,"Bardzo dobrze przygotowany test",4f75d187-8c12-4697-8152-f7f452319209,trening,S6000,75,92851,
label_test_3,4,tak,tak,"Sennheiser HD 599 ",45,realizator,,"Bardzo dobrze przygotowany test",4f75d187-8c12-4697-8152-f7f452319209,trening,S5000,22,92851,
label_test_3,4,tak,tak,"Sennheiser HD 599 ",45,realizator,,"Bardzo dobrze przygotowany test",4f75d187-8c12-4697-8152-f7f452319209,trening,S10000,100,92851,
label_test_3,4,tak,tak,"Sennheiser HD 599 ",45,realizator,,"Bardzo dobrze przygotowany test",4f75d187-8c12-4697-8152-f7f452319209,trening,S5500,65,92851,
label_test_3,4,tak,tak,"Sennheiser HD 599 ",45,realizator,,"Bardzo dobrze przygotowany test",4f75d187-8c12-4697-8152-f7f452319209,trening,S7000,100,92851,
label_test_3,4,tak,tak,"Sennheiser HD 599 ",45,realizator,,"Bardzo dobrze przygotowany test",4f75d187-8c12-4697-8152-f7f452319209,trening,S6500,59,92851,
label_test_3,4,tak,tak,"Sennheiser HD 599 ",45,realizator,,"Bardzo dobrze przygotowany test",4f75d187-8c12-4697-8152-f7f452319209,trening,reference,76,92851,
label_test_3,4,tak,tak,"Sennheiser HD 599 ",45,realizator,,"Bardzo dobrze przygotowany test",4f75d187-8c12-4697-8152-f7f452319209,trening,S4500,17,92851,
label_test_3,4,tak,tak,"Sennheiser HD 599 ",45,realizator,,"Bardzo dobrze przygotowany test",4f75d187-8c12-4697-8152-f7f452319209,trening,S3500,20,92851,
label_test_3,4,tak,tak,"Sennheiser HD 599 ",45,realizator,,"Bardzo dobrze przygotowany test",4f75d187-8c12-4697-8152-f7f452319209,trening,S4000,34,92851,
label_test_3,4,tak,tak,"Sennheiser HD 599 ",45,realizator,,"Bardzo dobrze przygotowany test",4f75d187-8c12-4697-8152-f7f452319209,trening,S8000,100,92851,
label_test_3,4,tak,tak,"Sennheiser HD 599 ",45,realizator,,"Bardzo dobrze przygotowany test",4f75d187-8c12-4697-8152-f7f452319209,lq_label,S6000,56,102275,
label_test_3,4,tak,tak,"Sennheiser HD 599 ",45,realizator,,"Bardzo dobrze przygotowany test",4f75d187-8c12-4697-8152-f7f452319209,lq_label,S4500,36,102275,
label_test_3,4,tak,tak,"Sennheiser HD 599 ",45,realizator,,"Bardzo dobrze przygotowany test",4f75d187-8c12-4697-8152-f7f452319209,lq_label,S6500,81,102275,
label_test_3,4,tak,tak,"Sennheiser HD 599 ",45,realizator,,"Bardzo dobrze przygotowany test",4f75d187-8c12-4697-8152-f7f452319209,lq_label,S3500,15,102275,
label_test_3,4,tak,tak,"Sennheiser HD 599 ",45,realizator,,"Bardzo dobrze przygotowany test",4f75d187-8c12-4697-8152-f7f452319209,lq_label,S5500,81,102275,
label_test_3,4,tak,tak,"Sennheiser HD 599 ",45,realizator,,"Bardzo dobrze przygotowany test",4f75d187-8c12-4697-8152-f7f452319209,lq_label,S10000,100,102275,
label_test_3,4,tak,tak,"Sennheiser HD 599 ",45,realizator,,"Bardzo dobrze przygotowany test",4f75d187-8c12-4697-8152-f7f452319209,lq_label,reference,82,102275,
label_test_3,4,tak,tak,"Sennheiser HD 599 ",45,realizator,,"Bardzo dobrze przygotowany test",4f75d187-8c12-4697-8152-f7f452319209,lq_label,S8000,100,102275,
label_test_3,4,tak,tak,"Sennheiser HD 599 ",45,realizator,,"Bardzo dobrze przygotowany test",4f75d187-8c12-4697-8152-f7f452319209,lq_label,S5000,61,102275,
label_test_3,4,tak,tak,"Sennheiser HD 599 ",45,realizator,,"Bardzo dobrze przygotowany test",4f75d187-8c12-4697-8152-f7f452319209,lq_label,S7000,81,102275,
label_test_3,4,tak,tak,"Sennheiser HD 599 ",45,realizator,,"Bardzo dobrze przygotowany test",4f75d187-8c12-4697-8152-f7f452319209,lq_label,S4000,24,102275,
label_test_3,4,tak,tak,"Sennheiser HD 599 ",45,realizator,,"Bardzo dobrze przygotowany test",4f75d187-8c12-4697-8152-f7f452319209,lq_label,S10000,96,81651,
label_test_3,4,tak,tak,"Sennheiser HD 599 ",45,realizator,,"Bardzo dobrze przygotowany test",4f75d187-8c12-4697-8152-f7f452319209,lq_label,S6500,82,81651,
label_test_3,4,tak,tak,"Sennheiser HD 599 ",45,realizator,,"Bardzo dobrze przygotowany test",4f75d187-8c12-4697-8152-f7f452319209,lq_label,S3500,16,81651,
label_test_3,4,tak,tak,"Sennheiser HD 599 ",45,realizator,,"Bardzo dobrze przygotowany test",4f75d187-8c12-4697-8152-f7f452319209,lq_label,S7000,92,81651,
label_test_3,4,tak,tak,"Sennheiser HD 599 ",45,realizator,,"Bardzo dobrze przygotowany test",4f75d187-8c12-4697-8152-f7f452319209,lq_label,S8000,100,81651,
label_test_3,4,tak,tak,"Sennheiser HD 599 ",45,realizator,,"Bardzo dobrze przygotowany test",4f75d187-8c12-4697-8152-f7f452319209,lq_label,S5500,62,81651,
label_test_3,4,tak,tak,"Sennheiser HD 599 ",45,realizator,,"Bardzo dobrze przygotowany test",4f75d187-8c12-4697-8152-f7f452319209,lq_label,S5000,43,81651,
label_test_3,4,tak,tak,"Sennheiser HD 599 ",45,realizator,,"Bardzo dobrze przygotowany test",4f75d187-8c12-4697-8152-f7f452319209,lq_label,S6000,80,81651,
label_test_3,4,tak,tak,"Sennheiser HD 599 ",45,realizator,,"Bardzo dobrze przygotowany test",4f75d187-8c12-4697-8152-f7f452319209,lq_label,S4500,35,81651,
label_test_3,4,tak,tak,"Sennheiser HD 599 ",45,realizator,,"Bardzo dobrze przygotowany test",4f75d187-8c12-4697-8152-f7f452319209,lq_label,reference,100,81651,
label_test_3,4,tak,tak,"Sennheiser HD 599 ",45,realizator,,"Bardzo dobrze przygotowany test",4f75d187-8c12-4697-8152-f7f452319209,lq_label,S4000,27,81651,
label_test_3,4,nie,tak,"Edifier EDF200046",18,student,,,67c51bf1-0fd1-4916-a096-a5c54b850341,trening,S5000,36,158914,
label_test_3,4,nie,tak,"Edifier EDF200046",18,student,,,67c51bf1-0fd1-4916-a096-a5c54b850341,trening,S8000,40,158914,
label_test_3,4,nie,tak,"Edifier EDF200046",18,student,,,67c51bf1-0fd1-4916-a096-a5c54b850341,trening,S5500,38,158914,
label_test_3,4,nie,tak,"Edifier EDF200046",18,student,,,67c51bf1-0fd1-4916-a096-a5c54b850341,trening,S4000,27,158914,
label_test_3,4,nie,tak,"Edifier EDF200046",18,student,,,67c51bf1-0fd1-4916-a096-a5c54b850341,trening,reference,100,158914,
label_test_3,4,nie,tak,"Edifier EDF200046",18,student,,,67c51bf1-0fd1-4916-a096-a5c54b850341,trening,S7000,51,158914,
label_test_3,4,nie,tak,"Edifier EDF200046",18,student,,,67c51bf1-0fd1-4916-a096-a5c54b850341,trening,S10000,76,158914,
label_test_3,4,nie,tak,"Edifier EDF200046",18,student,,,67c51bf1-0fd1-4916-a096-a5c54b850341,trening,S6500,53,158914,
label_test_3,4,nie,tak,"Edifier EDF200046",18,student,,,67c51bf1-0fd1-4916-a096-a5c54b850341,trening,S4500,31,158914,
label_test_3,4,nie,tak,"Edifier EDF200046",18,student,,,67c51bf1-0fd1-4916-a096-a5c54b850341,trening,S6000,53,158914,
label_test_3,4,nie,tak,"Edifier EDF200046",18,student,,,67c51bf1-0fd1-4916-a096-a5c54b850341,trening,S3500,19,158914,
label_test_3,4,nie,tak,"Edifier EDF200046",18,student,,,67c51bf1-0fd1-4916-a096-a5c54b850341,lq_label,reference,100,134827,
label_test_3,4,nie,tak,"Edifier EDF200046",18,student,,,67c51bf1-0fd1-4916-a096-a5c54b850341,lq_label,S5000,52,134827,
label_test_3,4,nie,tak,"Edifier EDF200046",18,student,,,67c51bf1-0fd1-4916-a096-a5c54b850341,lq_label,S3500,24,134827,
label_test_3,4,nie,tak,"Edifier EDF200046",18,student,,,67c51bf1-0fd1-4916-a096-a5c54b850341,lq_label,S6500,32,134827,
label_test_3,4,nie,tak,"Edifier EDF200046",18,student,,,67c51bf1-0fd1-4916-a096-a5c54b850341,lq_label,S10000,74,134827,
label_test_3,4,nie,tak,"Edifier EDF200046",18,student,,,67c51bf1-0fd1-4916-a096-a5c54b850341,lq_label,S4500,51,134827,
label_test_3,4,nie,tak,"Edifier EDF200046",18,student,,,67c51bf1-0fd1-4916-a096-a5c54b850341,lq_label,S5500,44,134827,
label_test_3,4,nie,tak,"Edifier EDF200046",18,student,,,67c51bf1-0fd1-4916-a096-a5c54b850341,lq_label,S7000,61,134827,
label_test_3,4,nie,tak,"Edifier EDF200046",18,student,,,67c51bf1-0fd1-4916-a096-a5c54b850341,lq_label,S6000,52,134827,
label_test_3,4,nie,tak,"Edifier EDF200046",18,student,,,67c51bf1-0fd1-4916-a096-a5c54b850341,lq_label,S4000,30,134827,
label_test_3,4,nie,tak,"Edifier EDF200046",18,student,,,67c51bf1-0fd1-4916-a096-a5c54b850341,lq_label,S8000,70,134827,
label_test_3,4,nie,tak,"Edifier EDF200046",18,student,,,67c51bf1-0fd1-4916-a096-a5c54b850341,lq_label,S6000,53,104721,
label_test_3,4,nie,tak,"Edifier EDF200046",18,student,,,67c51bf1-0fd1-4916-a096-a5c54b850341,lq_label,S7000,65,104721,
label_test_3,4,nie,tak,"Edifier EDF200046",18,student,,,67c51bf1-0fd1-4916-a096-a5c54b850341,lq_label,S4000,21,104721,
label_test_3,4,nie,tak,"Edifier EDF200046",18,student,,,67c51bf1-0fd1-4916-a096-a5c54b850341,lq_label,reference,100,104721,
label_test_3,4,nie,tak,"Edifier EDF200046",18,student,,,67c51bf1-0fd1-4916-a096-a5c54b850341,lq_label,S5500,37,104721,
label_test_3,4,nie,tak,"Edifier EDF200046",18,student,,,67c51bf1-0fd1-4916-a096-a5c54b850341,lq_label,S5000,32,104721,
label_test_3,4,nie,tak,"Edifier EDF200046",18,student,,,67c51bf1-0fd1-4916-a096-a5c54b850341,lq_label,S4500,27,104721,
label_test_3,4,nie,tak,"Edifier EDF200046",18,student,,,67c51bf1-0fd1-4916-a096-a5c54b850341,lq_label,S3500,15,104721,
label_test_3,4,nie,tak,"Edifier EDF200046",18,student,,,67c51bf1-0fd1-4916-a096-a5c54b850341,lq_label,S8000,74,104721,
label_test_3,4,nie,tak,"Edifier EDF200046",18,student,,,67c51bf1-0fd1-4916-a096-a5c54b850341,lq_label,S6500,67,104721,
label_test_3,4,nie,tak,"Edifier EDF200046",18,student,,,67c51bf1-0fd1-4916-a096-a5c54b850341,lq_label,S10000,86,104721,
label_test_3,4,nie,tak,"HyperX Cloud Alpha",18,inny,"student akustyki",,3f6878e8-722b-4bf0-8fd2-8e81b39f7b99,trening,S5000,40,407462,
label_test_3,4,nie,tak,"HyperX Cloud Alpha",18,inny,"student akustyki",,3f6878e8-722b-4bf0-8fd2-8e81b39f7b99,trening,S10000,71,407462,
label_test_3,4,nie,tak,"HyperX Cloud Alpha",18,inny,"student akustyki",,3f6878e8-722b-4bf0-8fd2-8e81b39f7b99,trening,S8000,50,407462,
label_test_3,4,nie,tak,"HyperX Cloud Alpha",18,inny,"student akustyki",,3f6878e8-722b-4bf0-8fd2-8e81b39f7b99,trening,reference,100,407462,
label_test_3,4,nie,tak,"HyperX Cloud Alpha",18,inny,"student akustyki",,3f6878e8-722b-4bf0-8fd2-8e81b39f7b99,trening,S4500,22,407462,
label_test_3,4,nie,tak,"HyperX Cloud Alpha",18,inny,"student akustyki",,3f6878e8-722b-4bf0-8fd2-8e81b39f7b99,trening,S3500,20,407462,
label_test_3,4,nie,tak,"HyperX Cloud Alpha",18,inny,"student akustyki",,3f6878e8-722b-4bf0-8fd2-8e81b39f7b99,trening,S5500,30,407462,
label_test_3,4,nie,tak,"HyperX Cloud Alpha",18,inny,"student akustyki",,3f6878e8-722b-4bf0-8fd2-8e81b39f7b99,trening,S6500,40,407462,
label_test_3,4,nie,tak,"HyperX Cloud Alpha",18,inny,"student akustyki",,3f6878e8-722b-4bf0-8fd2-8e81b39f7b99,trening,S7000,49,407462,
label_test_3,4,nie,tak,"HyperX Cloud Alpha",18,inny,"student akustyki",,3f6878e8-722b-4bf0-8fd2-8e81b39f7b99,trening,S6000,40,407462,
label_test_3,4,nie,tak,"HyperX Cloud Alpha",18,inny,"student akustyki",,3f6878e8-722b-4bf0-8fd2-8e81b39f7b99,trening,S4000,25,407462,
label_test_3,4,nie,tak,"HyperX Cloud Alpha",18,inny,"student akustyki",,3f6878e8-722b-4bf0-8fd2-8e81b39f7b99,lq_label,S5500,40,631546,
label_test_3,4,nie,tak,"HyperX Cloud Alpha",18,inny,"student akustyki",,3f6878e8-722b-4bf0-8fd2-8e81b39f7b99,lq_label,S8000,70,631546,
label_test_3,4,nie,tak,"HyperX Cloud Alpha",18,inny,"student akustyki",,3f6878e8-722b-4bf0-8fd2-8e81b39f7b99,lq_label,S4000,20,631546,
label_test_3,4,nie,tak,"HyperX Cloud Alpha",18,inny,"student akustyki",,3f6878e8-722b-4bf0-8fd2-8e81b39f7b99,lq_label,S5000,35,631546,
label_test_3,4,nie,tak,"HyperX Cloud Alpha",18,inny,"student akustyki",,3f6878e8-722b-4bf0-8fd2-8e81b39f7b99,lq_label,S7000,60,631546,
label_test_3,4,nie,tak,"HyperX Cloud Alpha",18,inny,"student akustyki",,3f6878e8-722b-4bf0-8fd2-8e81b39f7b99,lq_label,reference,100,631546,
label_test_3,4,nie,tak,"HyperX Cloud Alpha",18,inny,"student akustyki",,3f6878e8-722b-4bf0-8fd2-8e81b39f7b99,lq_label,S10000,80,631546,
label_test_3,4,nie,tak,"HyperX Cloud Alpha",18,inny,"student akustyki",,3f6878e8-722b-4bf0-8fd2-8e81b39f7b99,lq_label,S3500,25,631546,
label_test_3,4,nie,tak,"HyperX Cloud Alpha",18,inny,"student akustyki",,3f6878e8-722b-4bf0-8fd2-8e81b39f7b99,lq_label,S6000,45,631546,
label_test_3,4,nie,tak,"HyperX Cloud Alpha",18,inny,"student akustyki",,3f6878e8-722b-4bf0-8fd2-8e81b39f7b99,lq_label,S6500,50,631546,
label_test_3,4,nie,tak,"HyperX Cloud Alpha",18,inny,"student akustyki",,3f6878e8-722b-4bf0-8fd2-8e81b39f7b99,lq_label,S4500,30,631546,
label_test_3,4,nie,tak,"HyperX Cloud Alpha",18,inny,"student akustyki",,3f6878e8-722b-4bf0-8fd2-8e81b39f7b99,lq_label,S6000,65,367005,
label_test_3,4,nie,tak,"HyperX Cloud Alpha",18,inny,"student akustyki",,3f6878e8-722b-4bf0-8fd2-8e81b39f7b99,lq_label,S5000,55,367005,
label_test_3,4,nie,tak,"HyperX Cloud Alpha",18,inny,"student akustyki",,3f6878e8-722b-4bf0-8fd2-8e81b39f7b99,lq_label,S4000,40,367005,
label_test_3,4,nie,tak,"HyperX Cloud Alpha",18,inny,"student akustyki",,3f6878e8-722b-4bf0-8fd2-8e81b39f7b99,lq_label,S3500,30,367005,
label_test_3,4,nie,tak,"HyperX Cloud Alpha",18,inny,"student akustyki",,3f6878e8-722b-4bf0-8fd2-8e81b39f7b99,lq_label,S4500,50,367005,
label_test_3,4,nie,tak,"HyperX Cloud Alpha",18,inny,"student akustyki",,3f6878e8-722b-4bf0-8fd2-8e81b39f7b99,lq_label,reference,100,367005,
label_test_3,4,nie,tak,"HyperX Cloud Alpha",18,inny,"student akustyki",,3f6878e8-722b-4bf0-8fd2-8e81b39f7b99,lq_label,S10000,90,367005,
label_test_3,4,nie,tak,"HyperX Cloud Alpha",18,inny,"student akustyki",,3f6878e8-722b-4bf0-8fd2-8e81b39f7b99,lq_label,S7000,75,367005,
label_test_3,4,nie,tak,"HyperX Cloud Alpha",18,inny,"student akustyki",,3f6878e8-722b-4bf0-8fd2-8e81b39f7b99,lq_label,S6500,70,367005,
label_test_3,4,nie,tak,"HyperX Cloud Alpha",18,inny,"student akustyki",,3f6878e8-722b-4bf0-8fd2-8e81b39f7b99,lq_label,S8000,80,367005,
label_test_3,4,nie,tak,"HyperX Cloud Alpha",18,inny,"student akustyki",,3f6878e8-722b-4bf0-8fd2-8e81b39f7b99,lq_label,S5500,60,367005,
label_test_3,3,nie,tak,"Huawei FreeBuds studio z włączonym ANC",25,doktorant,,"Bez uwag",dd9eb93a-e0e6-4256-b31d-728cbcedffe5,trening,S8700,50,255024,
label_test_3,3,nie,tak,"Huawei FreeBuds studio z włączonym ANC",25,doktorant,,"Bez uwag",dd9eb93a-e0e6-4256-b31d-728cbcedffe5,trening,S5500,5,255024,
label_test_3,3,nie,tak,"Huawei FreeBuds studio z włączonym ANC",25,doktorant,,"Bez uwag",dd9eb93a-e0e6-4256-b31d-728cbcedffe5,trening,S7000,15,255024,
label_test_3,3,nie,tak,"Huawei FreeBuds studio z włączonym ANC",25,doktorant,,"Bez uwag",dd9eb93a-e0e6-4256-b31d-728cbcedffe5,trening,S8000,50,255024,
label_test_3,3,nie,tak,"Huawei FreeBuds studio z włączonym ANC",25,doktorant,,"Bez uwag",dd9eb93a-e0e6-4256-b31d-728cbcedffe5,trening,S10000,65,255024,
label_test_3,3,nie,tak,"Huawei FreeBuds studio z włączonym ANC",25,doktorant,,"Bez uwag",dd9eb93a-e0e6-4256-b31d-728cbcedffe5,trening,S3500,1,255024,
label_test_3,3,nie,tak,"Huawei FreeBuds studio z włączonym ANC",25,doktorant,,"Bez uwag",dd9eb93a-e0e6-4256-b31d-728cbcedffe5,trening,S11300,70,255024,
label_test_3,3,nie,tak,"Huawei FreeBuds studio z włączonym ANC",25,doktorant,,"Bez uwag",dd9eb93a-e0e6-4256-b31d-728cbcedffe5,trening,S9300,50,255024,
label_test_3,3,nie,tak,"Huawei FreeBuds studio z włączonym ANC",25,doktorant,,"Bez uwag",dd9eb93a-e0e6-4256-b31d-728cbcedffe5,trening,S12000,90,255024,
label_test_3,3,nie,tak,"Huawei FreeBuds studio z włączonym ANC",25,doktorant,,"Bez uwag",dd9eb93a-e0e6-4256-b31d-728cbcedffe5,trening,S10700,75,255024,
label_test_3,3,nie,tak,"Huawei FreeBuds studio z włączonym ANC",25,doktorant,,"Bez uwag",dd9eb93a-e0e6-4256-b31d-728cbcedffe5,trening,reference,100,255024,
label_test_3,3,nie,tak,"Huawei FreeBuds studio z włączonym ANC",25,doktorant,,"Bez uwag",dd9eb93a-e0e6-4256-b31d-728cbcedffe5,hq_label,S10000,50,142139,
label_test_3,3,nie,tak,"Huawei FreeBuds studio z włączonym ANC",25,doktorant,,"Bez uwag",dd9eb93a-e0e6-4256-b31d-728cbcedffe5,hq_label,S7000,10,142139,
label_test_3,3,nie,tak,"Huawei FreeBuds studio z włączonym ANC",25,doktorant,,"Bez uwag",dd9eb93a-e0e6-4256-b31d-728cbcedffe5,hq_label,S11300,50,142139,
label_test_3,3,nie,tak,"Huawei FreeBuds studio z włączonym ANC",25,doktorant,,"Bez uwag",dd9eb93a-e0e6-4256-b31d-728cbcedffe5,hq_label,S8700,25,142139,
label_test_3,3,nie,tak,"Huawei FreeBuds studio z włączonym ANC",25,doktorant,,"Bez uwag",dd9eb93a-e0e6-4256-b31d-728cbcedffe5,hq_label,reference,100,142139,
label_test_3,3,nie,tak,"Huawei FreeBuds studio z włączonym ANC",25,doktorant,,"Bez uwag",dd9eb93a-e0e6-4256-b31d-728cbcedffe5,hq_label,S5500,25,142139,
label_test_3,3,nie,tak,"Huawei FreeBuds studio z włączonym ANC",25,doktorant,,"Bez uwag",dd9eb93a-e0e6-4256-b31d-728cbcedffe5,hq_label,S8000,30,142139,
label_test_3,3,nie,tak,"Huawei FreeBuds studio z włączonym ANC",25,doktorant,,"Bez uwag",dd9eb93a-e0e6-4256-b31d-728cbcedffe5,hq_label,S12000,80,142139,
label_test_3,3,nie,tak,"Huawei FreeBuds studio z włączonym ANC",25,doktorant,,"Bez uwag",dd9eb93a-e0e6-4256-b31d-728cbcedffe5,hq_label,S9300,65,142139,
label_test_3,3,nie,tak,"Huawei FreeBuds studio z włączonym ANC",25,doktorant,,"Bez uwag",dd9eb93a-e0e6-4256-b31d-728cbcedffe5,hq_label,S3500,1,142139,
label_test_3,3,nie,tak,"Huawei FreeBuds studio z włączonym ANC",25,doktorant,,"Bez uwag",dd9eb93a-e0e6-4256-b31d-728cbcedffe5,hq_label,S10700,70,142139,
label_test_3,3,nie,tak,"Huawei FreeBuds studio z włączonym ANC",25,doktorant,,"Bez uwag",dd9eb93a-e0e6-4256-b31d-728cbcedffe5,hq_label,S8000,25,161528,
label_test_3,3,nie,tak,"Huawei FreeBuds studio z włączonym ANC",25,doktorant,,"Bez uwag",dd9eb93a-e0e6-4256-b31d-728cbcedffe5,hq_label,S5500,5,161528,
label_test_3,3,nie,tak,"Huawei FreeBuds studio z włączonym ANC",25,doktorant,,"Bez uwag",dd9eb93a-e0e6-4256-b31d-728cbcedffe5,hq_label,S10700,70,161528,
label_test_3,3,nie,tak,"Huawei FreeBuds studio z włączonym ANC",25,doktorant,,"Bez uwag",dd9eb93a-e0e6-4256-b31d-728cbcedffe5,hq_label,S12000,85,161528,
label_test_3,3,nie,tak,"Huawei FreeBuds studio z włączonym ANC",25,doktorant,,"Bez uwag",dd9eb93a-e0e6-4256-b31d-728cbcedffe5,hq_label,S9300,30,161528,
label_test_3,3,nie,tak,"Huawei FreeBuds studio z włączonym ANC",25,doktorant,,"Bez uwag",dd9eb93a-e0e6-4256-b31d-728cbcedffe5,hq_label,S10000,80,161528,
label_test_3,3,nie,tak,"Huawei FreeBuds studio z włączonym ANC",25,doktorant,,"Bez uwag",dd9eb93a-e0e6-4256-b31d-728cbcedffe5,hq_label,S3500,1,161528,
label_test_3,3,nie,tak,"Huawei FreeBuds studio z włączonym ANC",25,doktorant,,"Bez uwag",dd9eb93a-e0e6-4256-b31d-728cbcedffe5,hq_label,reference,100,161528,
label_test_3,3,nie,tak,"Huawei FreeBuds studio z włączonym ANC",25,doktorant,,"Bez uwag",dd9eb93a-e0e6-4256-b31d-728cbcedffe5,hq_label,S7000,8,161528,
label_test_3,3,nie,tak,"Huawei FreeBuds studio z włączonym ANC",25,doktorant,,"Bez uwag",dd9eb93a-e0e6-4256-b31d-728cbcedffe5,hq_label,S11300,50,161528,
label_test_3,3,nie,tak,"Huawei FreeBuds studio z włączonym ANC",25,doktorant,,"Bez uwag",dd9eb93a-e0e6-4256-b31d-728cbcedffe5,hq_label,S8700,30,161528,
label_test_3,5,nie,tak,"beyerdynamic dt 990 pro",35,doktorant,,,85099fd7-7b91-415d-877e-3823d44e0eac,trening,S8700,90,91196,
label_test_3,5,nie,tak,"beyerdynamic dt 990 pro",35,doktorant,,,85099fd7-7b91-415d-877e-3823d44e0eac,trening,reference,100,91196,
label_test_3,5,nie,tak,"beyerdynamic dt 990 pro",35,doktorant,,,85099fd7-7b91-415d-877e-3823d44e0eac,trening,S5500,68,91196,
label_test_3,5,nie,tak,"beyerdynamic dt 990 pro",35,doktorant,,,85099fd7-7b91-415d-877e-3823d44e0eac,trening,S9300,90,91196,
label_test_3,5,nie,tak,"beyerdynamic dt 990 pro",35,doktorant,,,85099fd7-7b91-415d-877e-3823d44e0eac,trening,S7000,68,91196,
label_test_3,5,nie,tak,"beyerdynamic dt 990 pro",35,doktorant,,,85099fd7-7b91-415d-877e-3823d44e0eac,trening,S3500,28,91196,
label_test_3,5,nie,tak,"beyerdynamic dt 990 pro",35,doktorant,,,85099fd7-7b91-415d-877e-3823d44e0eac,trening,S10000,59,91196,
label_test_3,5,nie,tak,"beyerdynamic dt 990 pro",35,doktorant,,,85099fd7-7b91-415d-877e-3823d44e0eac,trening,S11300,66,91196,
label_test_3,5,nie,tak,"beyerdynamic dt 990 pro",35,doktorant,,,85099fd7-7b91-415d-877e-3823d44e0eac,trening,S10700,93,91196,
label_test_3,5,nie,tak,"beyerdynamic dt 990 pro",35,doktorant,,,85099fd7-7b91-415d-877e-3823d44e0eac,trening,S8000,57,91196,
label_test_3,5,nie,tak,"beyerdynamic dt 990 pro",35,doktorant,,,85099fd7-7b91-415d-877e-3823d44e0eac,trening,S12000,82,91196,
label_test_3,5,nie,tak,"beyerdynamic dt 990 pro",35,doktorant,,,85099fd7-7b91-415d-877e-3823d44e0eac,hq_no_label,S8000,57,125853,
label_test_3,5,nie,tak,"beyerdynamic dt 990 pro",35,doktorant,,,85099fd7-7b91-415d-877e-3823d44e0eac,hq_no_label,S10700,79,125853,
label_test_3,5,nie,tak,"beyerdynamic dt 990 pro",35,doktorant,,,85099fd7-7b91-415d-877e-3823d44e0eac,hq_no_label,S9300,73,125853,
label_test_3,5,nie,tak,"beyerdynamic dt 990 pro",35,doktorant,,,85099fd7-7b91-415d-877e-3823d44e0eac,hq_no_label,S12000,100,125853,
label_test_3,5,nie,tak,"beyerdynamic dt 990 pro",35,doktorant,,,85099fd7-7b91-415d-877e-3823d44e0eac,hq_no_label,S8700,74,125853,
label_test_3,5,nie,tak,"beyerdynamic dt 990 pro",35,doktorant,,,85099fd7-7b91-415d-877e-3823d44e0eac,hq_no_label,reference,100,125853,
label_test_3,5,nie,tak,"beyerdynamic dt 990 pro",35,doktorant,,,85099fd7-7b91-415d-877e-3823d44e0eac,hq_no_label,S11300,89,125853,
label_test_3,5,nie,tak,"beyerdynamic dt 990 pro",35,doktorant,,,85099fd7-7b91-415d-877e-3823d44e0eac,hq_no_label,S7000,60,125853,
label_test_3,5,nie,tak,"beyerdynamic dt 990 pro",35,doktorant,,,85099fd7-7b91-415d-877e-3823d44e0eac,hq_no_label,S3500,38,125853,
label_test_3,5,nie,tak,"beyerdynamic dt 990 pro",35,doktorant,,,85099fd7-7b91-415d-877e-3823d44e0eac,hq_no_label,S10000,62,125853,
label_test_3,5,nie,tak,"beyerdynamic dt 990 pro",35,doktorant,,,85099fd7-7b91-415d-877e-3823d44e0eac,hq_no_label,S5500,53,125853,
label_test_3,5,nie,tak,"beyerdynamic dt 990 pro",35,doktorant,,,85099fd7-7b91-415d-877e-3823d44e0eac,hq_no_label,reference,100,139453,
label_test_3,5,nie,tak,"beyerdynamic dt 990 pro",35,doktorant,,,85099fd7-7b91-415d-877e-3823d44e0eac,hq_no_label,S10000,82,139453,
label_test_3,5,nie,tak,"beyerdynamic dt 990 pro",35,doktorant,,,85099fd7-7b91-415d-877e-3823d44e0eac,hq_no_label,S8700,81,139453,
label_test_3,5,nie,tak,"beyerdynamic dt 990 pro",35,doktorant,,,85099fd7-7b91-415d-877e-3823d44e0eac,hq_no_label,S11300,60,139453,
label_test_3,5,nie,tak,"beyerdynamic dt 990 pro",35,doktorant,,,85099fd7-7b91-415d-877e-3823d44e0eac,hq_no_label,S3500,34,139453,
label_test_3,5,nie,tak,"beyerdynamic dt 990 pro",35,doktorant,,,85099fd7-7b91-415d-877e-3823d44e0eac,hq_no_label,S12000,76,139453,
label_test_3,5,nie,tak,"beyerdynamic dt 990 pro",35,doktorant,,,85099fd7-7b91-415d-877e-3823d44e0eac,hq_no_label,S10700,77,139453,
label_test_3,5,nie,tak,"beyerdynamic dt 990 pro",35,doktorant,,,85099fd7-7b91-415d-877e-3823d44e0eac,hq_no_label,S8000,60,139453,
label_test_3,5,nie,tak,"beyerdynamic dt 990 pro",35,doktorant,,,85099fd7-7b91-415d-877e-3823d44e0eac,hq_no_label,S9300,79,139453,
label_test_3,5,nie,tak,"beyerdynamic dt 990 pro",35,doktorant,,,85099fd7-7b91-415d-877e-3823d44e0eac,hq_no_label,S7000,60,139453,
label_test_3,5,nie,tak,"beyerdynamic dt 990 pro",35,doktorant,,,85099fd7-7b91-415d-877e-3823d44e0eac,hq_no_label,S5500,40,139453,
label_test_3,2,nie,tak,"DT 770 PRO",25,doktorant,,"Powtórzenie badań",643f4c47-aa16-4b7d-baa0-36e3ee028b3a,trening,S3500,0,118177,
label_test_3,2,nie,tak,"DT 770 PRO",25,doktorant,,"Powtórzenie badań",643f4c47-aa16-4b7d-baa0-36e3ee028b3a,trening,reference,100,118177,
label_test_3,2,nie,tak,"DT 770 PRO",25,doktorant,,"Powtórzenie badań",643f4c47-aa16-4b7d-baa0-36e3ee028b3a,trening,S4500,19,118177,
label_test_3,2,nie,tak,"DT 770 PRO",25,doktorant,,"Powtórzenie badań",643f4c47-aa16-4b7d-baa0-36e3ee028b3a,trening,S8000,61,118177,
label_test_3,2,nie,tak,"DT 770 PRO",25,doktorant,,"Powtórzenie badań",643f4c47-aa16-4b7d-baa0-36e3ee028b3a,trening,S5000,19,118177,
label_test_3,2,nie,tak,"DT 770 PRO",25,doktorant,,"Powtórzenie badań",643f4c47-aa16-4b7d-baa0-36e3ee028b3a,trening,S10000,79,118177,
label_test_3,2,nie,tak,"DT 770 PRO",25,doktorant,,"Powtórzenie badań",643f4c47-aa16-4b7d-baa0-36e3ee028b3a,trening,S4000,0,118177,
label_test_3,2,nie,tak,"DT 770 PRO",25,doktorant,,"Powtórzenie badań",643f4c47-aa16-4b7d-baa0-36e3ee028b3a,trening,S5500,0,118177,
label_test_3,2,nie,tak,"DT 770 PRO",25,doktorant,,"Powtórzenie badań",643f4c47-aa16-4b7d-baa0-36e3ee028b3a,trening,S7000,40,118177,
label_test_3,2,nie,tak,"DT 770 PRO",25,doktorant,,"Powtórzenie badań",643f4c47-aa16-4b7d-baa0-36e3ee028b3a,trening,S6500,40,118177,
label_test_3,2,nie,tak,"DT 770 PRO",25,doktorant,,"Powtórzenie badań",643f4c47-aa16-4b7d-baa0-36e3ee028b3a,trening,S6000,23,118177,
label_test_3,2,nie,tak,"DT 770 PRO",25,doktorant,,"Powtórzenie badań",643f4c47-aa16-4b7d-baa0-36e3ee028b3a,lq_no_label,S5500,22,57710,
label_test_3,2,nie,tak,"DT 770 PRO",25,doktorant,,"Powtórzenie badań",643f4c47-aa16-4b7d-baa0-36e3ee028b3a,lq_no_label,S4000,0,57710,
label_test_3,2,nie,tak,"DT 770 PRO",25,doktorant,,"Powtórzenie badań",643f4c47-aa16-4b7d-baa0-36e3ee028b3a,lq_no_label,S3500,1,57710,
label_test_3,2,nie,tak,"DT 770 PRO",25,doktorant,,"Powtórzenie badań",643f4c47-aa16-4b7d-baa0-36e3ee028b3a,lq_no_label,S8000,81,57710,
label_test_3,2,nie,tak,"DT 770 PRO",25,doktorant,,"Powtórzenie badań",643f4c47-aa16-4b7d-baa0-36e3ee028b3a,lq_no_label,S6500,59,57710,
label_test_3,2,nie,tak,"DT 770 PRO",25,doktorant,,"Powtórzenie badań",643f4c47-aa16-4b7d-baa0-36e3ee028b3a,lq_no_label,reference,100,57710,
label_test_3,2,nie,tak,"DT 770 PRO",25,doktorant,,"Powtórzenie badań",643f4c47-aa16-4b7d-baa0-36e3ee028b3a,lq_no_label,S5000,0,57710,
label_test_3,2,nie,tak,"DT 770 PRO",25,doktorant,,"Powtórzenie badań",643f4c47-aa16-4b7d-baa0-36e3ee028b3a,lq_no_label,S10000,82,57710,
label_test_3,2,nie,tak,"DT 770 PRO",25,doktorant,,"Powtórzenie badań",643f4c47-aa16-4b7d-baa0-36e3ee028b3a,lq_no_label,S4500,5,57710,
label_test_3,2,nie,tak,"DT 770 PRO",25,doktorant,,"Powtórzenie badań",643f4c47-aa16-4b7d-baa0-36e3ee028b3a,lq_no_label,S7000,20,57710,
label_test_3,2,nie,tak,"DT 770 PRO",25,doktorant,,"Powtórzenie badań",643f4c47-aa16-4b7d-baa0-36e3ee028b3a,lq_no_label,S6000,0,57710,
label_test_3,2,nie,tak,"DT 770 PRO",25,doktorant,,"Powtórzenie badań",643f4c47-aa16-4b7d-baa0-36e3ee028b3a,lq_no_label,S5500,21,71524,
label_test_3,2,nie,tak,"DT 770 PRO",25,doktorant,,"Powtórzenie badań",643f4c47-aa16-4b7d-baa0-36e3ee028b3a,lq_no_label,S6500,21,71524,
label_test_3,2,nie,tak,"DT 770 PRO",25,doktorant,,"Powtórzenie badań",643f4c47-aa16-4b7d-baa0-36e3ee028b3a,lq_no_label,S8000,61,71524,
label_test_3,2,nie,tak,"DT 770 PRO",25,doktorant,,"Powtórzenie badań",643f4c47-aa16-4b7d-baa0-36e3ee028b3a,lq_no_label,reference,100,71524,
label_test_3,2,nie,tak,"DT 770 PRO",25,doktorant,,"Powtórzenie badań",643f4c47-aa16-4b7d-baa0-36e3ee028b3a,lq_no_label,S4000,0,71524,
label_test_3,2,nie,tak,"DT 770 PRO",25,doktorant,,"Powtórzenie badań",643f4c47-aa16-4b7d-baa0-36e3ee028b3a,lq_no_label,S5000,21,71524,
label_test_3,2,nie,tak,"DT 770 PRO",25,doktorant,,"Powtórzenie badań",643f4c47-aa16-4b7d-baa0-36e3ee028b3a,lq_no_label,S3500,0,71524,
label_test_3,2,nie,tak,"DT 770 PRO",25,doktorant,,"Powtórzenie badań",643f4c47-aa16-4b7d-baa0-36e3ee028b3a,lq_no_label,S10000,80,71524,
label_test_3,2,nie,tak,"DT 770 PRO",25,doktorant,,"Powtórzenie badań",643f4c47-aa16-4b7d-baa0-36e3ee028b3a,lq_no_label,S4500,0,71524,
label_test_3,2,nie,tak,"DT 770 PRO",25,doktorant,,"Powtórzenie badań",643f4c47-aa16-4b7d-baa0-36e3ee028b3a,lq_no_label,S6000,21,71524,
label_test_3,2,nie,tak,"DT 770 PRO",25,doktorant,,"Powtórzenie badań",643f4c47-aa16-4b7d-baa0-36e3ee028b3a,lq_no_label,S7000,20,71524,
label_test_3,5,nie,tak,"GENESIS Toron 531 Nauszne",18,student,,,497d353d-e606-44b9-bcd8-cdb8e04798c7,trening,S11300,95,267281,
label_test_3,5,nie,tak,"GENESIS Toron 531 Nauszne",18,student,,,497d353d-e606-44b9-bcd8-cdb8e04798c7,trening,S8700,71,267281,
label_test_3,5,nie,tak,"GENESIS Toron 531 Nauszne",18,student,,,497d353d-e606-44b9-bcd8-cdb8e04798c7,trening,S5500,54,267281,
label_test_3,5,nie,tak,"GENESIS Toron 531 Nauszne",18,student,,,497d353d-e606-44b9-bcd8-cdb8e04798c7,trening,reference,100,267281,
label_test_3,5,nie,tak,"GENESIS Toron 531 Nauszne",18,student,,,497d353d-e606-44b9-bcd8-cdb8e04798c7,trening,S12000,93,267281,
label_test_3,5,nie,tak,"GENESIS Toron 531 Nauszne",18,student,,,497d353d-e606-44b9-bcd8-cdb8e04798c7,trening,S3500,34,267281,
label_test_3,5,nie,tak,"GENESIS Toron 531 Nauszne",18,student,,,497d353d-e606-44b9-bcd8-cdb8e04798c7,trening,S10000,89,267281,
label_test_3,5,nie,tak,"GENESIS Toron 531 Nauszne",18,student,,,497d353d-e606-44b9-bcd8-cdb8e04798c7,trening,S10700,89,267281,
label_test_3,5,nie,tak,"GENESIS Toron 531 Nauszne",18,student,,,497d353d-e606-44b9-bcd8-cdb8e04798c7,trening,S7000,65,267281,
label_test_3,5,nie,tak,"GENESIS Toron 531 Nauszne",18,student,,,497d353d-e606-44b9-bcd8-cdb8e04798c7,trening,S8000,87,267281,
label_test_3,5,nie,tak,"GENESIS Toron 531 Nauszne",18,student,,,497d353d-e606-44b9-bcd8-cdb8e04798c7,trening,S9300,86,267281,
label_test_3,5,nie,tak,"GENESIS Toron 531 Nauszne",18,student,,,497d353d-e606-44b9-bcd8-cdb8e04798c7,hq_label,reference,100,256747,
label_test_3,5,nie,tak,"GENESIS Toron 531 Nauszne",18,student,,,497d353d-e606-44b9-bcd8-cdb8e04798c7,hq_label,S12000,93,256747,
label_test_3,5,nie,tak,"GENESIS Toron 531 Nauszne",18,student,,,497d353d-e606-44b9-bcd8-cdb8e04798c7,hq_label,S3500,25,256747,
label_test_3,5,nie,tak,"GENESIS Toron 531 Nauszne",18,student,,,497d353d-e606-44b9-bcd8-cdb8e04798c7,hq_label,S8700,79,256747,
label_test_3,5,nie,tak,"GENESIS Toron 531 Nauszne",18,student,,,497d353d-e606-44b9-bcd8-cdb8e04798c7,hq_label,S5500,40,256747,
label_test_3,5,nie,tak,"GENESIS Toron 531 Nauszne",18,student,,,497d353d-e606-44b9-bcd8-cdb8e04798c7,hq_label,S10700,89,256747,
label_test_3,5,nie,tak,"GENESIS Toron 531 Nauszne",18,student,,,497d353d-e606-44b9-bcd8-cdb8e04798c7,hq_label,S8000,86,256747,
label_test_3,5,nie,tak,"GENESIS Toron 531 Nauszne",18,student,,,497d353d-e606-44b9-bcd8-cdb8e04798c7,hq_label,S11300,92,256747,
label_test_3,5,nie,tak,"GENESIS Toron 531 Nauszne",18,student,,,497d353d-e606-44b9-bcd8-cdb8e04798c7,hq_label,S10000,92,256747,
label_test_3,5,nie,tak,"GENESIS Toron 531 Nauszne",18,student,,,497d353d-e606-44b9-bcd8-cdb8e04798c7,hq_label,S9300,93,256747,
label_test_3,5,nie,tak,"GENESIS Toron 531 Nauszne",18,student,,,497d353d-e606-44b9-bcd8-cdb8e04798c7,hq_label,S7000,56,256747,
label_test_3,5,nie,tak,"GENESIS Toron 531 Nauszne",18,student,,,497d353d-e606-44b9-bcd8-cdb8e04798c7,hq_label,S5500,43,123596,
label_test_3,5,nie,tak,"GENESIS Toron 531 Nauszne",18,student,,,497d353d-e606-44b9-bcd8-cdb8e04798c7,hq_label,reference,100,123596,
label_test_3,5,nie,tak,"GENESIS Toron 531 Nauszne",18,student,,,497d353d-e606-44b9-bcd8-cdb8e04798c7,hq_label,S9300,88,123596,
label_test_3,5,nie,tak,"GENESIS Toron 531 Nauszne",18,student,,,497d353d-e606-44b9-bcd8-cdb8e04798c7,hq_label,S8700,77,123596,
label_test_3,5,nie,tak,"GENESIS Toron 531 Nauszne",18,student,,,497d353d-e606-44b9-bcd8-cdb8e04798c7,hq_label,S11300,88,123596,
label_test_3,5,nie,tak,"GENESIS Toron 531 Nauszne",18,student,,,497d353d-e606-44b9-bcd8-cdb8e04798c7,hq_label,S7000,53,123596,
label_test_3,5,nie,tak,"GENESIS Toron 531 Nauszne",18,student,,,497d353d-e606-44b9-bcd8-cdb8e04798c7,hq_label,S12000,93,123596,
label_test_3,5,nie,tak,"GENESIS Toron 531 Nauszne",18,student,,,497d353d-e606-44b9-bcd8-cdb8e04798c7,hq_label,S10000,74,123596,
label_test_3,5,nie,tak,"GENESIS Toron 531 Nauszne",18,student,,,497d353d-e606-44b9-bcd8-cdb8e04798c7,hq_label,S3500,27,123596,
label_test_3,5,nie,tak,"GENESIS Toron 531 Nauszne",18,student,,,497d353d-e606-44b9-bcd8-cdb8e04798c7,hq_label,S8000,65,123596,
label_test_3,5,nie,tak,"GENESIS Toron 531 Nauszne",18,student,,,497d353d-e606-44b9-bcd8-cdb8e04798c7,hq_label,S10700,88,123596,
label_test_3,4,nie,tak,"Hifman Sundara   własne eq",18,inny,"student Automatyki i Robotyki","za dużo energii powyżej 10 kHz w referencji, brak feedbacku",8ee4e2e0-853d-40f9-8844-b4e5c23838d2,trening,S10000,29,43118,
label_test_3,4,nie,tak,"Hifman Sundara   własne eq",18,inny,"student Automatyki i Robotyki","za dużo energii powyżej 10 kHz w referencji, brak feedbacku",8ee4e2e0-853d-40f9-8844-b4e5c23838d2,trening,S5000,0,43118,
label_test_3,4,nie,tak,"Hifman Sundara   własne eq",18,inny,"student Automatyki i Robotyki","za dużo energii powyżej 10 kHz w referencji, brak feedbacku",8ee4e2e0-853d-40f9-8844-b4e5c23838d2,trening,reference,100,43118,
label_test_3,4,nie,tak,"Hifman Sundara   własne eq",18,inny,"student Automatyki i Robotyki","za dużo energii powyżej 10 kHz w referencji, brak feedbacku",8ee4e2e0-853d-40f9-8844-b4e5c23838d2,trening,S4000,0,43118,
label_test_3,4,nie,tak,"Hifman Sundara   własne eq",18,inny,"student Automatyki i Robotyki","za dużo energii powyżej 10 kHz w referencji, brak feedbacku",8ee4e2e0-853d-40f9-8844-b4e5c23838d2,trening,S4500,28,43118,
label_test_3,4,nie,tak,"Hifman Sundara   własne eq",18,inny,"student Automatyki i Robotyki","za dużo energii powyżej 10 kHz w referencji, brak feedbacku",8ee4e2e0-853d-40f9-8844-b4e5c23838d2,trening,S6500,11,43118,
label_test_3,4,nie,tak,"Hifman Sundara   własne eq",18,inny,"student Automatyki i Robotyki","za dużo energii powyżej 10 kHz w referencji, brak feedbacku",8ee4e2e0-853d-40f9-8844-b4e5c23838d2,trening,S7000,17,43118,
label_test_3,4,nie,tak,"Hifman Sundara   własne eq",18,inny,"student Automatyki i Robotyki","za dużo energii powyżej 10 kHz w referencji, brak feedbacku",8ee4e2e0-853d-40f9-8844-b4e5c23838d2,trening,S3500,3,43118,
label_test_3,4,nie,tak,"Hifman Sundara   własne eq",18,inny,"student Automatyki i Robotyki","za dużo energii powyżej 10 kHz w referencji, brak feedbacku",8ee4e2e0-853d-40f9-8844-b4e5c23838d2,trening,S5500,10,43118,
label_test_3,4,nie,tak,"Hifman Sundara   własne eq",18,inny,"student Automatyki i Robotyki","za dużo energii powyżej 10 kHz w referencji, brak feedbacku",8ee4e2e0-853d-40f9-8844-b4e5c23838d2,trening,S6000,18,43118,
label_test_3,4,nie,tak,"Hifman Sundara   własne eq",18,inny,"student Automatyki i Robotyki","za dużo energii powyżej 10 kHz w referencji, brak feedbacku",8ee4e2e0-853d-40f9-8844-b4e5c23838d2,trening,S8000,33,43118,
label_test_3,4,nie,tak,"Hifman Sundara   własne eq",18,inny,"student Automatyki i Robotyki","za dużo energii powyżej 10 kHz w referencji, brak feedbacku",8ee4e2e0-853d-40f9-8844-b4e5c23838d2,lq_no_label,S4500,13,148987,
label_test_3,4,nie,tak,"Hifman Sundara   własne eq",18,inny,"student Automatyki i Robotyki","za dużo energii powyżej 10 kHz w referencji, brak feedbacku",8ee4e2e0-853d-40f9-8844-b4e5c23838d2,lq_no_label,S6000,23,148987,
label_test_3,4,nie,tak,"Hifman Sundara   własne eq",18,inny,"student Automatyki i Robotyki","za dużo energii powyżej 10 kHz w referencji, brak feedbacku",8ee4e2e0-853d-40f9-8844-b4e5c23838d2,lq_no_label,S4000,8,148987,
label_test_3,4,nie,tak,"Hifman Sundara   własne eq",18,inny,"student Automatyki i Robotyki","za dużo energii powyżej 10 kHz w referencji, brak feedbacku",8ee4e2e0-853d-40f9-8844-b4e5c23838d2,lq_no_label,reference,100,148987,
label_test_3,4,nie,tak,"Hifman Sundara   własne eq",18,inny,"student Automatyki i Robotyki","za dużo energii powyżej 10 kHz w referencji, brak feedbacku",8ee4e2e0-853d-40f9-8844-b4e5c23838d2,lq_no_label,S5000,11,148987,
label_test_3,4,nie,tak,"Hifman Sundara   własne eq",18,inny,"student Automatyki i Robotyki","za dużo energii powyżej 10 kHz w referencji, brak feedbacku",8ee4e2e0-853d-40f9-8844-b4e5c23838d2,lq_no_label,S7000,16,148987,
label_test_3,4,nie,tak,"Hifman Sundara   własne eq",18,inny,"student Automatyki i Robotyki","za dużo energii powyżej 10 kHz w referencji, brak feedbacku",8ee4e2e0-853d-40f9-8844-b4e5c23838d2,lq_no_label,S5500,11,148987,
label_test_3,4,nie,tak,"Hifman Sundara   własne eq",18,inny,"student Automatyki i Robotyki","za dużo energii powyżej 10 kHz w referencji, brak feedbacku",8ee4e2e0-853d-40f9-8844-b4e5c23838d2,lq_no_label,S6500,11,148987,
label_test_3,4,nie,tak,"Hifman Sundara   własne eq",18,inny,"student Automatyki i Robotyki","za dużo energii powyżej 10 kHz w referencji, brak feedbacku",8ee4e2e0-853d-40f9-8844-b4e5c23838d2,lq_no_label,S8000,32,148987,
label_test_3,4,nie,tak,"Hifman Sundara   własne eq",18,inny,"student Automatyki i Robotyki","za dużo energii powyżej 10 kHz w referencji, brak feedbacku",8ee4e2e0-853d-40f9-8844-b4e5c23838d2,lq_no_label,S3500,10,148987,
label_test_3,4,nie,tak,"Hifman Sundara   własne eq",18,inny,"student Automatyki i Robotyki","za dużo energii powyżej 10 kHz w referencji, brak feedbacku",8ee4e2e0-853d-40f9-8844-b4e5c23838d2,lq_no_label,S10000,75,148987,
label_test_3,4,nie,tak,"Hifman Sundara   własne eq",18,inny,"student Automatyki i Robotyki","za dużo energii powyżej 10 kHz w referencji, brak feedbacku",8ee4e2e0-853d-40f9-8844-b4e5c23838d2,lq_no_label,S4000,16,74892,
label_test_3,4,nie,tak,"Hifman Sundara   własne eq",18,inny,"student Automatyki i Robotyki","za dużo energii powyżej 10 kHz w referencji, brak feedbacku",8ee4e2e0-853d-40f9-8844-b4e5c23838d2,lq_no_label,S8000,39,74892,
label_test_3,4,nie,tak,"Hifman Sundara   własne eq",18,inny,"student Automatyki i Robotyki","za dużo energii powyżej 10 kHz w referencji, brak feedbacku",8ee4e2e0-853d-40f9-8844-b4e5c23838d2,lq_no_label,S5000,15,74892,
label_test_3,4,nie,tak,"Hifman Sundara   własne eq",18,inny,"student Automatyki i Robotyki","za dużo energii powyżej 10 kHz w referencji, brak feedbacku",8ee4e2e0-853d-40f9-8844-b4e5c23838d2,lq_no_label,S5500,12,74892,
label_test_3,4,nie,tak,"Hifman Sundara   własne eq",18,inny,"student Automatyki i Robotyki","za dużo energii powyżej 10 kHz w referencji, brak feedbacku",8ee4e2e0-853d-40f9-8844-b4e5c23838d2,lq_no_label,S3500,5,74892,
label_test_3,4,nie,tak,"Hifman Sundara   własne eq",18,inny,"student Automatyki i Robotyki","za dużo energii powyżej 10 kHz w referencji, brak feedbacku",8ee4e2e0-853d-40f9-8844-b4e5c23838d2,lq_no_label,S10000,75,74892,
label_test_3,4,nie,tak,"Hifman Sundara   własne eq",18,inny,"student Automatyki i Robotyki","za dużo energii powyżej 10 kHz w referencji, brak feedbacku",8ee4e2e0-853d-40f9-8844-b4e5c23838d2,lq_no_label,S4500,11,74892,
label_test_3,4,nie,tak,"Hifman Sundara   własne eq",18,inny,"student Automatyki i Robotyki","za dużo energii powyżej 10 kHz w referencji, brak feedbacku",8ee4e2e0-853d-40f9-8844-b4e5c23838d2,lq_no_label,reference,100,74892,
label_test_3,4,nie,tak,"Hifman Sundara   własne eq",18,inny,"student Automatyki i Robotyki","za dużo energii powyżej 10 kHz w referencji, brak feedbacku",8ee4e2e0-853d-40f9-8844-b4e5c23838d2,lq_no_label,S7000,37,74892,
label_test_3,4,nie,tak,"Hifman Sundara   własne eq",18,inny,"student Automatyki i Robotyki","za dużo energii powyżej 10 kHz w referencji, brak feedbacku",8ee4e2e0-853d-40f9-8844-b4e5c23838d2,lq_no_label,S6000,11,74892,
label_test_3,4,nie,tak,"Hifman Sundara   własne eq",18,inny,"student Automatyki i Robotyki","za dużo energii powyżej 10 kHz w referencji, brak feedbacku",8ee4e2e0-853d-40f9-8844-b4e5c23838d2,lq_no_label,S6500,5,74892,
label_test_3,3,nie,tak,"Sennheiser HD600",35,inny,"Inżynier audio",,a0f0d69a-5fcc-43d8-b23c-bdcd5b68da2d,trening,S10000,51,114976,
label_test_3,3,nie,tak,"Sennheiser HD600",35,inny,"Inżynier audio",,a0f0d69a-5fcc-43d8-b23c-bdcd5b68da2d,trening,S6500,30,114976,
label_test_3,3,nie,tak,"Sennheiser HD600",35,inny,"Inżynier audio",,a0f0d69a-5fcc-43d8-b23c-bdcd5b68da2d,trening,S7000,31,114976,
label_test_3,3,nie,tak,"Sennheiser HD600",35,inny,"Inżynier audio",,a0f0d69a-5fcc-43d8-b23c-bdcd5b68da2d,trening,S8000,30,114976,
label_test_3,3,nie,tak,"Sennheiser HD600",35,inny,"Inżynier audio",,a0f0d69a-5fcc-43d8-b23c-bdcd5b68da2d,trening,reference,100,114976,
label_test_3,3,nie,tak,"Sennheiser HD600",35,inny,"Inżynier audio",,a0f0d69a-5fcc-43d8-b23c-bdcd5b68da2d,trening,S5000,30,114976,
label_test_3,3,nie,tak,"Sennheiser HD600",35,inny,"Inżynier audio",,a0f0d69a-5fcc-43d8-b23c-bdcd5b68da2d,trening,S5500,51,114976,
label_test_3,3,nie,tak,"Sennheiser HD600",35,inny,"Inżynier audio",,a0f0d69a-5fcc-43d8-b23c-bdcd5b68da2d,trening,S6000,50,114976,
label_test_3,3,nie,tak,"Sennheiser HD600",35,inny,"Inżynier audio",,a0f0d69a-5fcc-43d8-b23c-bdcd5b68da2d,trening,S3500,29,114976,
label_test_3,3,nie,tak,"Sennheiser HD600",35,inny,"Inżynier audio",,a0f0d69a-5fcc-43d8-b23c-bdcd5b68da2d,trening,S4500,10,114976,
label_test_3,3,nie,tak,"Sennheiser HD600",35,inny,"Inżynier audio",,a0f0d69a-5fcc-43d8-b23c-bdcd5b68da2d,trening,S4000,30,114976,
label_test_3,3,nie,tak,"Sennheiser HD600",35,inny,"Inżynier audio",,a0f0d69a-5fcc-43d8-b23c-bdcd5b68da2d,lq_label,S8000,49,278294,
label_test_3,3,nie,tak,"Sennheiser HD600",35,inny,"Inżynier audio",,a0f0d69a-5fcc-43d8-b23c-bdcd5b68da2d,lq_label,S7000,41,278294,
label_test_3,3,nie,tak,"Sennheiser HD600",35,inny,"Inżynier audio",,a0f0d69a-5fcc-43d8-b23c-bdcd5b68da2d,lq_label,S6500,41,278294,
label_test_3,3,nie,tak,"Sennheiser HD600",35,inny,"Inżynier audio",,a0f0d69a-5fcc-43d8-b23c-bdcd5b68da2d,lq_label,S3500,0,278294,
label_test_3,3,nie,tak,"Sennheiser HD600",35,inny,"Inżynier audio",,a0f0d69a-5fcc-43d8-b23c-bdcd5b68da2d,lq_label,S4000,0,278294,
label_test_3,3,nie,tak,"Sennheiser HD600",35,inny,"Inżynier audio",,a0f0d69a-5fcc-43d8-b23c-bdcd5b68da2d,lq_label,S5500,11,278294,
label_test_3,3,nie,tak,"Sennheiser HD600",35,inny,"Inżynier audio",,a0f0d69a-5fcc-43d8-b23c-bdcd5b68da2d,lq_label,reference,100,278294,
label_test_3,3,nie,tak,"Sennheiser HD600",35,inny,"Inżynier audio",,a0f0d69a-5fcc-43d8-b23c-bdcd5b68da2d,lq_label,S6000,37,278294,
label_test_3,3,nie,tak,"Sennheiser HD600",35,inny,"Inżynier audio",,a0f0d69a-5fcc-43d8-b23c-bdcd5b68da2d,lq_label,S4500,30,278294,
label_test_3,3,nie,tak,"Sennheiser HD600",35,inny,"Inżynier audio",,a0f0d69a-5fcc-43d8-b23c-bdcd5b68da2d,lq_label,S10000,50,278294,
label_test_3,3,nie,tak,"Sennheiser HD600",35,inny,"Inżynier audio",,a0f0d69a-5fcc-43d8-b23c-bdcd5b68da2d,lq_label,S5000,39,278294,
label_test_3,3,nie,tak,"Sennheiser HD600",35,inny,"Inżynier audio",,a0f0d69a-5fcc-43d8-b23c-bdcd5b68da2d,lq_label,S5000,39,362621,
label_test_3,3,nie,tak,"Sennheiser HD600",35,inny,"Inżynier audio",,a0f0d69a-5fcc-43d8-b23c-bdcd5b68da2d,lq_label,S8000,46,362621,
label_test_3,3,nie,tak,"Sennheiser HD600",35,inny,"Inżynier audio",,a0f0d69a-5fcc-43d8-b23c-bdcd5b68da2d,lq_label,S6000,60,362621,
label_test_3,3,nie,tak,"Sennheiser HD600",35,inny,"Inżynier audio",,a0f0d69a-5fcc-43d8-b23c-bdcd5b68da2d,lq_label,S5500,60,362621,
label_test_3,3,nie,tak,"Sennheiser HD600",35,inny,"Inżynier audio",,a0f0d69a-5fcc-43d8-b23c-bdcd5b68da2d,lq_label,S6500,47,362621,
label_test_3,3,nie,tak,"Sennheiser HD600",35,inny,"Inżynier audio",,a0f0d69a-5fcc-43d8-b23c-bdcd5b68da2d,lq_label,S4500,27,362621,
label_test_3,3,nie,tak,"Sennheiser HD600",35,inny,"Inżynier audio",,a0f0d69a-5fcc-43d8-b23c-bdcd5b68da2d,lq_label,S10000,84,362621,
label_test_3,3,nie,tak,"Sennheiser HD600",35,inny,"Inżynier audio",,a0f0d69a-5fcc-43d8-b23c-bdcd5b68da2d,lq_label,S4000,20,362621,
label_test_3,3,nie,tak,"Sennheiser HD600",35,inny,"Inżynier audio",,a0f0d69a-5fcc-43d8-b23c-bdcd5b68da2d,lq_label,S7000,25,362621,
label_test_3,3,nie,tak,"Sennheiser HD600",35,inny,"Inżynier audio",,a0f0d69a-5fcc-43d8-b23c-bdcd5b68da2d,lq_label,S3500,0,362621,
label_test_3,3,nie,tak,"Sennheiser HD600",35,inny,"Inżynier audio",,a0f0d69a-5fcc-43d8-b23c-bdcd5b68da2d,lq_label,reference,100,362621,
label_test_3,2,nie,nie,"Razer Nari Essential",18,inny,"student inżynierii elektronika i telekomunikacja (w programie studiów uwzględnione przedmioty związane z przetwarzaniem dźwięków)",,f2fc708a-02ac-44ae-a10a-c0f006845666,trening,reference,100,105681,
label_test_3,2,nie,nie,"Razer Nari Essential",18,inny,"student inżynierii elektronika i telekomunikacja (w programie studiów uwzględnione przedmioty związane z przetwarzaniem dźwięków)",,f2fc708a-02ac-44ae-a10a-c0f006845666,trening,S8000,53,105681,
label_test_3,2,nie,nie,"Razer Nari Essential",18,inny,"student inżynierii elektronika i telekomunikacja (w programie studiów uwzględnione przedmioty związane z przetwarzaniem dźwięków)",,f2fc708a-02ac-44ae-a10a-c0f006845666,trening,S5000,35,105681,
label_test_3,2,nie,nie,"Razer Nari Essential",18,inny,"student inżynierii elektronika i telekomunikacja (w programie studiów uwzględnione przedmioty związane z przetwarzaniem dźwięków)",,f2fc708a-02ac-44ae-a10a-c0f006845666,trening,S6500,24,105681,
label_test_3,2,nie,nie,"Razer Nari Essential",18,inny,"student inżynierii elektronika i telekomunikacja (w programie studiów uwzględnione przedmioty związane z przetwarzaniem dźwięków)",,f2fc708a-02ac-44ae-a10a-c0f006845666,trening,S5500,24,105681,
label_test_3,2,nie,nie,"Razer Nari Essential",18,inny,"student inżynierii elektronika i telekomunikacja (w programie studiów uwzględnione przedmioty związane z przetwarzaniem dźwięków)",,f2fc708a-02ac-44ae-a10a-c0f006845666,trening,S7000,43,105681,
label_test_3,2,nie,nie,"Razer Nari Essential",18,inny,"student inżynierii elektronika i telekomunikacja (w programie studiów uwzględnione przedmioty związane z przetwarzaniem dźwięków)",,f2fc708a-02ac-44ae-a10a-c0f006845666,trening,S3500,33,105681,
label_test_3,2,nie,nie,"Razer Nari Essential",18,inny,"student inżynierii elektronika i telekomunikacja (w programie studiów uwzględnione przedmioty związane z przetwarzaniem dźwięków)",,f2fc708a-02ac-44ae-a10a-c0f006845666,trening,S10000,69,105681,
label_test_3,2,nie,nie,"Razer Nari Essential",18,inny,"student inżynierii elektronika i telekomunikacja (w programie studiów uwzględnione przedmioty związane z przetwarzaniem dźwięków)",,f2fc708a-02ac-44ae-a10a-c0f006845666,trening,S4500,42,105681,
label_test_3,2,nie,nie,"Razer Nari Essential",18,inny,"student inżynierii elektronika i telekomunikacja (w programie studiów uwzględnione przedmioty związane z przetwarzaniem dźwięków)",,f2fc708a-02ac-44ae-a10a-c0f006845666,trening,S4000,41,105681,
label_test_3,2,nie,nie,"Razer Nari Essential",18,inny,"student inżynierii elektronika i telekomunikacja (w programie studiów uwzględnione przedmioty związane z przetwarzaniem dźwięków)",,f2fc708a-02ac-44ae-a10a-c0f006845666,trening,S6000,33,105681,
label_test_3,2,nie,nie,"Razer Nari Essential",18,inny,"student inżynierii elektronika i telekomunikacja (w programie studiów uwzględnione przedmioty związane z przetwarzaniem dźwięków)",,f2fc708a-02ac-44ae-a10a-c0f006845666,lq_label,S6000,52,125482,
label_test_3,2,nie,nie,"Razer Nari Essential",18,inny,"student inżynierii elektronika i telekomunikacja (w programie studiów uwzględnione przedmioty związane z przetwarzaniem dźwięków)",,f2fc708a-02ac-44ae-a10a-c0f006845666,lq_label,S4000,46,125482,
label_test_3,2,nie,nie,"Razer Nari Essential",18,inny,"student inżynierii elektronika i telekomunikacja (w programie studiów uwzględnione przedmioty związane z przetwarzaniem dźwięków)",,f2fc708a-02ac-44ae-a10a-c0f006845666,lq_label,S4500,43,125482,
label_test_3,2,nie,nie,"Razer Nari Essential",18,inny,"student inżynierii elektronika i telekomunikacja (w programie studiów uwzględnione przedmioty związane z przetwarzaniem dźwięków)",,f2fc708a-02ac-44ae-a10a-c0f006845666,lq_label,S5500,41,125482,
label_test_3,2,nie,nie,"Razer Nari Essential",18,inny,"student inżynierii elektronika i telekomunikacja (w programie studiów uwzględnione przedmioty związane z przetwarzaniem dźwięków)",,f2fc708a-02ac-44ae-a10a-c0f006845666,lq_label,S6500,55,125482,
label_test_3,2,nie,nie,"Razer Nari Essential",18,inny,"student inżynierii elektronika i telekomunikacja (w programie studiów uwzględnione przedmioty związane z przetwarzaniem dźwięków)",,f2fc708a-02ac-44ae-a10a-c0f006845666,lq_label,reference,100,125482,
label_test_3,2,nie,nie,"Razer Nari Essential",18,inny,"student inżynierii elektronika i telekomunikacja (w programie studiów uwzględnione przedmioty związane z przetwarzaniem dźwięków)",,f2fc708a-02ac-44ae-a10a-c0f006845666,lq_label,S3500,44,125482,
label_test_3,2,nie,nie,"Razer Nari Essential",18,inny,"student inżynierii elektronika i telekomunikacja (w programie studiów uwzględnione przedmioty związane z przetwarzaniem dźwięków)",,f2fc708a-02ac-44ae-a10a-c0f006845666,lq_label,S8000,67,125482,
label_test_3,2,nie,nie,"Razer Nari Essential",18,inny,"student inżynierii elektronika i telekomunikacja (w programie studiów uwzględnione przedmioty związane z przetwarzaniem dźwięków)",,f2fc708a-02ac-44ae-a10a-c0f006845666,lq_label,S10000,81,125482,
label_test_3,2,nie,nie,"Razer Nari Essential",18,inny,"student inżynierii elektronika i telekomunikacja (w programie studiów uwzględnione przedmioty związane z przetwarzaniem dźwięków)",,f2fc708a-02ac-44ae-a10a-c0f006845666,lq_label,S7000,30,125482,
label_test_3,2,nie,nie,"Razer Nari Essential",18,inny,"student inżynierii elektronika i telekomunikacja (w programie studiów uwzględnione przedmioty związane z przetwarzaniem dźwięków)",,f2fc708a-02ac-44ae-a10a-c0f006845666,lq_label,S5000,70,125482,
label_test_3,2,nie,nie,"Razer Nari Essential",18,inny,"student inżynierii elektronika i telekomunikacja (w programie studiów uwzględnione przedmioty związane z przetwarzaniem dźwięków)",,f2fc708a-02ac-44ae-a10a-c0f006845666,lq_label,S4500,46,116264,
label_test_3,2,nie,nie,"Razer Nari Essential",18,inny,"student inżynierii elektronika i telekomunikacja (w programie studiów uwzględnione przedmioty związane z przetwarzaniem dźwięków)",,f2fc708a-02ac-44ae-a10a-c0f006845666,lq_label,S3500,39,116264,
label_test_3,2,nie,nie,"Razer Nari Essential",18,inny,"student inżynierii elektronika i telekomunikacja (w programie studiów uwzględnione przedmioty związane z przetwarzaniem dźwięków)",,f2fc708a-02ac-44ae-a10a-c0f006845666,lq_label,S8000,32,116264,
label_test_3,2,nie,nie,"Razer Nari Essential",18,inny,"student inżynierii elektronika i telekomunikacja (w programie studiów uwzględnione przedmioty związane z przetwarzaniem dźwięków)",,f2fc708a-02ac-44ae-a10a-c0f006845666,lq_label,S6500,44,116264,
label_test_3,2,nie,nie,"Razer Nari Essential",18,inny,"student inżynierii elektronika i telekomunikacja (w programie studiów uwzględnione przedmioty związane z przetwarzaniem dźwięków)",,f2fc708a-02ac-44ae-a10a-c0f006845666,lq_label,S7000,35,116264,
label_test_3,2,nie,nie,"Razer Nari Essential",18,inny,"student inżynierii elektronika i telekomunikacja (w programie studiów uwzględnione przedmioty związane z przetwarzaniem dźwięków)",,f2fc708a-02ac-44ae-a10a-c0f006845666,lq_label,reference,100,116264,
label_test_3,2,nie,nie,"Razer Nari Essential",18,inny,"student inżynierii elektronika i telekomunikacja (w programie studiów uwzględnione przedmioty związane z przetwarzaniem dźwięków)",,f2fc708a-02ac-44ae-a10a-c0f006845666,lq_label,S10000,73,116264,
label_test_3,2,nie,nie,"Razer Nari Essential",18,inny,"student inżynierii elektronika i telekomunikacja (w programie studiów uwzględnione przedmioty związane z przetwarzaniem dźwięków)",,f2fc708a-02ac-44ae-a10a-c0f006845666,lq_label,S4000,62,116264,
label_test_3,2,nie,nie,"Razer Nari Essential",18,inny,"student inżynierii elektronika i telekomunikacja (w programie studiów uwzględnione przedmioty związane z przetwarzaniem dźwięków)",,f2fc708a-02ac-44ae-a10a-c0f006845666,lq_label,S5500,57,116264,
label_test_3,2,nie,nie,"Razer Nari Essential",18,inny,"student inżynierii elektronika i telekomunikacja (w programie studiów uwzględnione przedmioty związane z przetwarzaniem dźwięków)",,f2fc708a-02ac-44ae-a10a-c0f006845666,lq_label,S5000,45,116264,
label_test_3,2,nie,nie,"Razer Nari Essential",18,inny,"student inżynierii elektronika i telekomunikacja (w programie studiów uwzględnione przedmioty związane z przetwarzaniem dźwięków)",,f2fc708a-02ac-44ae-a10a-c0f006845666,lq_label,S6000,33,116264,
label_test_3,4,nie,tak,"Beyerdynamic DT990",18,student,,,a2b5c4cb-1270-4f68-8a77-bff5f1c7d8c7,trening,S4000,21,99101,
label_test_3,4,nie,tak,"Beyerdynamic DT990",18,student,,,a2b5c4cb-1270-4f68-8a77-bff5f1c7d8c7,trening,S10000,100,99101,
label_test_3,4,nie,tak,"Beyerdynamic DT990",18,student,,,a2b5c4cb-1270-4f68-8a77-bff5f1c7d8c7,trening,S8000,57,99101,
label_test_3,4,nie,tak,"Beyerdynamic DT990",18,student,,,a2b5c4cb-1270-4f68-8a77-bff5f1c7d8c7,trening,S5500,30,99101,
label_test_3,4,nie,tak,"Beyerdynamic DT990",18,student,,,a2b5c4cb-1270-4f68-8a77-bff5f1c7d8c7,trening,S3500,37,99101,
label_test_3,4,nie,tak,"Beyerdynamic DT990",18,student,,,a2b5c4cb-1270-4f68-8a77-bff5f1c7d8c7,trening,S7000,54,99101,
label_test_3,4,nie,tak,"Beyerdynamic DT990",18,student,,,a2b5c4cb-1270-4f68-8a77-bff5f1c7d8c7,trening,S5000,39,99101,
label_test_3,4,nie,tak,"Beyerdynamic DT990",18,student,,,a2b5c4cb-1270-4f68-8a77-bff5f1c7d8c7,trening,S6500,52,99101,
label_test_3,4,nie,tak,"Beyerdynamic DT990",18,student,,,a2b5c4cb-1270-4f68-8a77-bff5f1c7d8c7,trening,S4500,41,99101,
label_test_3,4,nie,tak,"Beyerdynamic DT990",18,student,,,a2b5c4cb-1270-4f68-8a77-bff5f1c7d8c7,trening,S6000,40,99101,
label_test_3,4,nie,tak,"Beyerdynamic DT990",18,student,,,a2b5c4cb-1270-4f68-8a77-bff5f1c7d8c7,trening,reference,100,99101,
label_test_3,4,nie,tak,"Beyerdynamic DT990",18,student,,,a2b5c4cb-1270-4f68-8a77-bff5f1c7d8c7,lq_no_label,S6500,45,52003,
label_test_3,4,nie,tak,"Beyerdynamic DT990",18,student,,,a2b5c4cb-1270-4f68-8a77-bff5f1c7d8c7,lq_no_label,S6000,36,52003,
label_test_3,4,nie,tak,"Beyerdynamic DT990",18,student,,,a2b5c4cb-1270-4f68-8a77-bff5f1c7d8c7,lq_no_label,S5500,18,52003,
label_test_3,4,nie,tak,"Beyerdynamic DT990",18,student,,,a2b5c4cb-1270-4f68-8a77-bff5f1c7d8c7,lq_no_label,S7000,56,52003,
label_test_3,4,nie,tak,"Beyerdynamic DT990",18,student,,,a2b5c4cb-1270-4f68-8a77-bff5f1c7d8c7,lq_no_label,S5000,22,52003,
label_test_3,4,nie,tak,"Beyerdynamic DT990",18,student,,,a2b5c4cb-1270-4f68-8a77-bff5f1c7d8c7,lq_no_label,reference,100,52003,
label_test_3,4,nie,tak,"Beyerdynamic DT990",18,student,,,a2b5c4cb-1270-4f68-8a77-bff5f1c7d8c7,lq_no_label,S4500,38,52003,
label_test_3,4,nie,tak,"Beyerdynamic DT990",18,student,,,a2b5c4cb-1270-4f68-8a77-bff5f1c7d8c7,lq_no_label,S10000,81,52003,
label_test_3,4,nie,tak,"Beyerdynamic DT990",18,student,,,a2b5c4cb-1270-4f68-8a77-bff5f1c7d8c7,lq_no_label,S8000,64,52003,
label_test_3,4,nie,tak,"Beyerdynamic DT990",18,student,,,a2b5c4cb-1270-4f68-8a77-bff5f1c7d8c7,lq_no_label,S4000,30,52003,
label_test_3,4,nie,tak,"Beyerdynamic DT990",18,student,,,a2b5c4cb-1270-4f68-8a77-bff5f1c7d8c7,lq_no_label,S3500,100,52003,
label_test_3,4,nie,tak,"Beyerdynamic DT990",18,student,,,a2b5c4cb-1270-4f68-8a77-bff5f1c7d8c7,lq_no_label,S3500,58,57280,
label_test_3,4,nie,tak,"Beyerdynamic DT990",18,student,,,a2b5c4cb-1270-4f68-8a77-bff5f1c7d8c7,lq_no_label,S7000,46,57280,
label_test_3,4,nie,tak,"Beyerdynamic DT990",18,student,,,a2b5c4cb-1270-4f68-8a77-bff5f1c7d8c7,lq_no_label,S8000,78,57280,
label_test_3,4,nie,tak,"Beyerdynamic DT990",18,student,,,a2b5c4cb-1270-4f68-8a77-bff5f1c7d8c7,lq_no_label,reference,100,57280,
label_test_3,4,nie,tak,"Beyerdynamic DT990",18,student,,,a2b5c4cb-1270-4f68-8a77-bff5f1c7d8c7,lq_no_label,S6000,36,57280,
label_test_3,4,nie,tak,"Beyerdynamic DT990",18,student,,,a2b5c4cb-1270-4f68-8a77-bff5f1c7d8c7,lq_no_label,S10000,86,57280,
label_test_3,4,nie,tak,"Beyerdynamic DT990",18,student,,,a2b5c4cb-1270-4f68-8a77-bff5f1c7d8c7,lq_no_label,S6500,52,57280,
label_test_3,4,nie,tak,"Beyerdynamic DT990",18,student,,,a2b5c4cb-1270-4f68-8a77-bff5f1c7d8c7,lq_no_label,S4000,29,57280,
label_test_3,4,nie,tak,"Beyerdynamic DT990",18,student,,,a2b5c4cb-1270-4f68-8a77-bff5f1c7d8c7,lq_no_label,S5500,70,57280,
label_test_3,4,nie,tak,"Beyerdynamic DT990",18,student,,,a2b5c4cb-1270-4f68-8a77-bff5f1c7d8c7,lq_no_label,S4500,58,57280,
label_test_3,4,nie,tak,"Beyerdynamic DT990",18,student,,,a2b5c4cb-1270-4f68-8a77-bff5f1c7d8c7,lq_no_label,S5000,100,57280,
label_test_3,3,nie,nie,"fiio ft1",35,inny,,,1107dce3-ce4b-4595-b555-a59622b8422f,trening,S10700,65,75572,
label_test_3,3,nie,nie,"fiio ft1",35,inny,,,1107dce3-ce4b-4595-b555-a59622b8422f,trening,S8000,41,75572,
label_test_3,3,nie,nie,"fiio ft1",35,inny,,,1107dce3-ce4b-4595-b555-a59622b8422f,trening,S12000,72,75572,
label_test_3,3,nie,nie,"fiio ft1",35,inny,,,1107dce3-ce4b-4595-b555-a59622b8422f,trening,S3500,100,75572,
label_test_3,3,nie,nie,"fiio ft1",35,inny,,,1107dce3-ce4b-4595-b555-a59622b8422f,trening,S10000,100,75572,
label_test_3,3,nie,nie,"fiio ft1",35,inny,,,1107dce3-ce4b-4595-b555-a59622b8422f,trening,S8700,100,75572,
label_test_3,3,nie,nie,"fiio ft1",35,inny,,,1107dce3-ce4b-4595-b555-a59622b8422f,trening,S9300,100,75572,
label_test_3,3,nie,nie,"fiio ft1",35,inny,,,1107dce3-ce4b-4595-b555-a59622b8422f,trening,reference,100,75572,
label_test_3,3,nie,nie,"fiio ft1",35,inny,,,1107dce3-ce4b-4595-b555-a59622b8422f,trening,S5500,100,75572,
label_test_3,3,nie,nie,"fiio ft1",35,inny,,,1107dce3-ce4b-4595-b555-a59622b8422f,trening,S7000,100,75572,
label_test_3,3,nie,nie,"fiio ft1",35,inny,,,1107dce3-ce4b-4595-b555-a59622b8422f,trening,S11300,100,75572,
label_test_3,3,nie,nie,"fiio ft1",35,inny,,,1107dce3-ce4b-4595-b555-a59622b8422f,hq_label,S5500,37,18370,
label_test_3,3,nie,nie,"fiio ft1",35,inny,,,1107dce3-ce4b-4595-b555-a59622b8422f,hq_label,S10000,81,18370,
label_test_3,3,nie,nie,"fiio ft1",35,inny,,,1107dce3-ce4b-4595-b555-a59622b8422f,hq_label,S8000,63,18370,
label_test_3,3,nie,nie,"fiio ft1",35,inny,,,1107dce3-ce4b-4595-b555-a59622b8422f,hq_label,reference,100,18370,
label_test_3,3,nie,nie,"fiio ft1",35,inny,,,1107dce3-ce4b-4595-b555-a59622b8422f,hq_label,S8700,100,18370,
label_test_3,3,nie,nie,"fiio ft1",35,inny,,,1107dce3-ce4b-4595-b555-a59622b8422f,hq_label,S9300,100,18370,
label_test_3,3,nie,nie,"fiio ft1",35,inny,,,1107dce3-ce4b-4595-b555-a59622b8422f,hq_label,S3500,100,18370,
label_test_3,3,nie,nie,"fiio ft1",35,inny,,,1107dce3-ce4b-4595-b555-a59622b8422f,hq_label,S12000,100,18370,
label_test_3,3,nie,nie,"fiio ft1",35,inny,,,1107dce3-ce4b-4595-b555-a59622b8422f,hq_label,S11300,100,18370,
label_test_3,3,nie,nie,"fiio ft1",35,inny,,,1107dce3-ce4b-4595-b555-a59622b8422f,hq_label,S10700,100,18370,
label_test_3,3,nie,nie,"fiio ft1",35,inny,,,1107dce3-ce4b-4595-b555-a59622b8422f,hq_label,S7000,100,18370,
label_test_3,3,nie,nie,"fiio ft1",35,inny,,,1107dce3-ce4b-4595-b555-a59622b8422f,hq_label,S9300,71,22026,
label_test_3,3,nie,nie,"fiio ft1",35,inny,,,1107dce3-ce4b-4595-b555-a59622b8422f,hq_label,reference,63,22026,
label_test_3,3,nie,nie,"fiio ft1",35,inny,,,1107dce3-ce4b-4595-b555-a59622b8422f,hq_label,S3500,39,22026,
label_test_3,3,nie,nie,"fiio ft1",35,inny,,,1107dce3-ce4b-4595-b555-a59622b8422f,hq_label,S8000,100,22026,
label_test_3,3,nie,nie,"fiio ft1",35,inny,,,1107dce3-ce4b-4595-b555-a59622b8422f,hq_label,S5500,100,22026,
label_test_3,3,nie,nie,"fiio ft1",35,inny,,,1107dce3-ce4b-4595-b555-a59622b8422f,hq_label,S11300,100,22026,
label_test_3,3,nie,nie,"fiio ft1",35,inny,,,1107dce3-ce4b-4595-b555-a59622b8422f,hq_label,S10000,100,22026,
label_test_3,3,nie,nie,"fiio ft1",35,inny,,,1107dce3-ce4b-4595-b555-a59622b8422f,hq_label,S10700,100,22026,
label_test_3,3,nie,nie,"fiio ft1",35,inny,,,1107dce3-ce4b-4595-b555-a59622b8422f,hq_label,S12000,100,22026,
label_test_3,3,nie,nie,"fiio ft1",35,inny,,,1107dce3-ce4b-4595-b555-a59622b8422f,hq_label,S8700,100,22026,
label_test_3,3,nie,nie,"fiio ft1",35,inny,,,1107dce3-ce4b-4595-b555-a59622b8422f,hq_label,S7000,100,22026,
label_test_3,4,nie,tak,"beyerdynamic dt1350",18,student,,"Tylko jeden przykład muzyczny",5591f56b-2e35-48d9-a9b7-fb92e5845a7b,trening,S5500,39,121712,
label_test_3,4,nie,tak,"beyerdynamic dt1350",18,student,,"Tylko jeden przykład muzyczny",5591f56b-2e35-48d9-a9b7-fb92e5845a7b,trening,S6000,47,121712,
label_test_3,4,nie,tak,"beyerdynamic dt1350",18,student,,"Tylko jeden przykład muzyczny",5591f56b-2e35-48d9-a9b7-fb92e5845a7b,trening,S5000,33,121712,
label_test_3,4,nie,tak,"beyerdynamic dt1350",18,student,,"Tylko jeden przykład muzyczny",5591f56b-2e35-48d9-a9b7-fb92e5845a7b,trening,S10000,75,121712,
label_test_3,4,nie,tak,"beyerdynamic dt1350",18,student,,"Tylko jeden przykład muzyczny",5591f56b-2e35-48d9-a9b7-fb92e5845a7b,trening,S8000,61,121712,
label_test_3,4,nie,tak,"beyerdynamic dt1350",18,student,,"Tylko jeden przykład muzyczny",5591f56b-2e35-48d9-a9b7-fb92e5845a7b,trening,reference,100,121712,
label_test_3,4,nie,tak,"beyerdynamic dt1350",18,student,,"Tylko jeden przykład muzyczny",5591f56b-2e35-48d9-a9b7-fb92e5845a7b,trening,S7000,55,121712,
label_test_3,4,nie,tak,"beyerdynamic dt1350",18,student,,"Tylko jeden przykład muzyczny",5591f56b-2e35-48d9-a9b7-fb92e5845a7b,trening,S4500,25,121712,
label_test_3,4,nie,tak,"beyerdynamic dt1350",18,student,,"Tylko jeden przykład muzyczny",5591f56b-2e35-48d9-a9b7-fb92e5845a7b,trening,S3500,14,121712,
label_test_3,4,nie,tak,"beyerdynamic dt1350",18,student,,"Tylko jeden przykład muzyczny",5591f56b-2e35-48d9-a9b7-fb92e5845a7b,trening,S4000,19,121712,
label_test_3,4,nie,tak,"beyerdynamic dt1350",18,student,,"Tylko jeden przykład muzyczny",5591f56b-2e35-48d9-a9b7-fb92e5845a7b,trening,S6500,44,121712,
label_test_3,4,nie,tak,"beyerdynamic dt1350",18,student,,"Tylko jeden przykład muzyczny",5591f56b-2e35-48d9-a9b7-fb92e5845a7b,lq_no_label,S6000,20,82532,
label_test_3,4,nie,tak,"beyerdynamic dt1350",18,student,,"Tylko jeden przykład muzyczny",5591f56b-2e35-48d9-a9b7-fb92e5845a7b,lq_no_label,S6500,39,82532,
label_test_3,4,nie,tak,"beyerdynamic dt1350",18,student,,"Tylko jeden przykład muzyczny",5591f56b-2e35-48d9-a9b7-fb92e5845a7b,lq_no_label,reference,100,82532,
label_test_3,4,nie,tak,"beyerdynamic dt1350",18,student,,"Tylko jeden przykład muzyczny",5591f56b-2e35-48d9-a9b7-fb92e5845a7b,lq_no_label,S8000,41,82532,
label_test_3,4,nie,tak,"beyerdynamic dt1350",18,student,,"Tylko jeden przykład muzyczny",5591f56b-2e35-48d9-a9b7-fb92e5845a7b,lq_no_label,S4500,31,82532,
label_test_3,4,nie,tak,"beyerdynamic dt1350",18,student,,"Tylko jeden przykład muzyczny",5591f56b-2e35-48d9-a9b7-fb92e5845a7b,lq_no_label,S10000,81,82532,
label_test_3,4,nie,tak,"beyerdynamic dt1350",18,student,,"Tylko jeden przykład muzyczny",5591f56b-2e35-48d9-a9b7-fb92e5845a7b,lq_no_label,S3500,6,82532,
label_test_3,4,nie,tak,"beyerdynamic dt1350",18,student,,"Tylko jeden przykład muzyczny",5591f56b-2e35-48d9-a9b7-fb92e5845a7b,lq_no_label,S4000,8,82532,
label_test_3,4,nie,tak,"beyerdynamic dt1350",18,student,,"Tylko jeden przykład muzyczny",5591f56b-2e35-48d9-a9b7-fb92e5845a7b,lq_no_label,S5000,13,82532,
label_test_3,4,nie,tak,"beyerdynamic dt1350",18,student,,"Tylko jeden przykład muzyczny",5591f56b-2e35-48d9-a9b7-fb92e5845a7b,lq_no_label,S7000,36,82532,
label_test_3,4,nie,tak,"beyerdynamic dt1350",18,student,,"Tylko jeden przykład muzyczny",5591f56b-2e35-48d9-a9b7-fb92e5845a7b,lq_no_label,S5500,32,82532,
label_test_3,4,nie,tak,"beyerdynamic dt1350",18,student,,"Tylko jeden przykład muzyczny",5591f56b-2e35-48d9-a9b7-fb92e5845a7b,lq_no_label,S6000,47,85331,
label_test_3,4,nie,tak,"beyerdynamic dt1350",18,student,,"Tylko jeden przykład muzyczny",5591f56b-2e35-48d9-a9b7-fb92e5845a7b,lq_no_label,reference,100,85331,
label_test_3,4,nie,tak,"beyerdynamic dt1350",18,student,,"Tylko jeden przykład muzyczny",5591f56b-2e35-48d9-a9b7-fb92e5845a7b,lq_no_label,S8000,73,85331,
label_test_3,4,nie,tak,"beyerdynamic dt1350",18,student,,"Tylko jeden przykład muzyczny",5591f56b-2e35-48d9-a9b7-fb92e5845a7b,lq_no_label,S10000,81,85331,
label_test_3,4,nie,tak,"beyerdynamic dt1350",18,student,,"Tylko jeden przykład muzyczny",5591f56b-2e35-48d9-a9b7-fb92e5845a7b,lq_no_label,S6500,63,85331,
label_test_3,4,nie,tak,"beyerdynamic dt1350",18,student,,"Tylko jeden przykład muzyczny",5591f56b-2e35-48d9-a9b7-fb92e5845a7b,lq_no_label,S5000,31,85331,
label_test_3,4,nie,tak,"beyerdynamic dt1350",18,student,,"Tylko jeden przykład muzyczny",5591f56b-2e35-48d9-a9b7-fb92e5845a7b,lq_no_label,S4000,14,85331,
label_test_3,4,nie,tak,"beyerdynamic dt1350",18,student,,"Tylko jeden przykład muzyczny",5591f56b-2e35-48d9-a9b7-fb92e5845a7b,lq_no_label,S5500,40,85331,
label_test_3,4,nie,tak,"beyerdynamic dt1350",18,student,,"Tylko jeden przykład muzyczny",5591f56b-2e35-48d9-a9b7-fb92e5845a7b,lq_no_label,S4500,22,85331,
label_test_3,4,nie,tak,"beyerdynamic dt1350",18,student,,"Tylko jeden przykład muzyczny",5591f56b-2e35-48d9-a9b7-fb92e5845a7b,lq_no_label,S3500,7,85331,
label_test_3,4,nie,tak,"beyerdynamic dt1350",18,student,,"Tylko jeden przykład muzyczny",5591f56b-2e35-48d9-a9b7-fb92e5845a7b,lq_no_label,S7000,69,85331,
label_test_3,3,nie,nie,"Sony wh1000xm4",18,student,,,4915eb51-1d6f-4403-9e41-b8f17d318dc0,trening,S5500,25,82817,
label_test_3,3,nie,nie,"Sony wh1000xm4",18,student,,,4915eb51-1d6f-4403-9e41-b8f17d318dc0,trening,S6000,39,82817,
label_test_3,3,nie,nie,"Sony wh1000xm4",18,student,,,4915eb51-1d6f-4403-9e41-b8f17d318dc0,trening,S4500,18,82817,
label_test_3,3,nie,nie,"Sony wh1000xm4",18,student,,,4915eb51-1d6f-4403-9e41-b8f17d318dc0,trening,reference,100,82817,
label_test_3,3,nie,nie,"Sony wh1000xm4",18,student,,,4915eb51-1d6f-4403-9e41-b8f17d318dc0,trening,S4000,22,82817,
label_test_3,3,nie,nie,"Sony wh1000xm4",18,student,,,4915eb51-1d6f-4403-9e41-b8f17d318dc0,trening,S8000,61,82817,
label_test_3,3,nie,nie,"Sony wh1000xm4",18,student,,,4915eb51-1d6f-4403-9e41-b8f17d318dc0,trening,S5000,37,82817,
label_test_3,3,nie,nie,"Sony wh1000xm4",18,student,,,4915eb51-1d6f-4403-9e41-b8f17d318dc0,trening,S6500,29,82817,
label_test_3,3,nie,nie,"Sony wh1000xm4",18,student,,,4915eb51-1d6f-4403-9e41-b8f17d318dc0,trening,S3500,16,82817,
label_test_3,3,nie,nie,"Sony wh1000xm4",18,student,,,4915eb51-1d6f-4403-9e41-b8f17d318dc0,trening,S10000,73,82817,
label_test_3,3,nie,nie,"Sony wh1000xm4",18,student,,,4915eb51-1d6f-4403-9e41-b8f17d318dc0,trening,S7000,41,82817,
label_test_3,3,nie,nie,"Sony wh1000xm4",18,student,,,4915eb51-1d6f-4403-9e41-b8f17d318dc0,lq_no_label,S4000,10,203953,
label_test_3,3,nie,nie,"Sony wh1000xm4",18,student,,,4915eb51-1d6f-4403-9e41-b8f17d318dc0,lq_no_label,S8000,45,203953,
label_test_3,3,nie,nie,"Sony wh1000xm4",18,student,,,4915eb51-1d6f-4403-9e41-b8f17d318dc0,lq_no_label,S6000,27,203953,
label_test_3,3,nie,nie,"Sony wh1000xm4",18,student,,,4915eb51-1d6f-4403-9e41-b8f17d318dc0,lq_no_label,S5000,19,203953,
label_test_3,3,nie,nie,"Sony wh1000xm4",18,student,,,4915eb51-1d6f-4403-9e41-b8f17d318dc0,lq_no_label,S6500,35,203953,
label_test_3,3,nie,nie,"Sony wh1000xm4",18,student,,,4915eb51-1d6f-4403-9e41-b8f17d318dc0,lq_no_label,S3500,3,203953,
label_test_3,3,nie,nie,"Sony wh1000xm4",18,student,,,4915eb51-1d6f-4403-9e41-b8f17d318dc0,lq_no_label,S4500,13,203953,
label_test_3,3,nie,nie,"Sony wh1000xm4",18,student,,,4915eb51-1d6f-4403-9e41-b8f17d318dc0,lq_no_label,S5500,23,203953,
label_test_3,3,nie,nie,"Sony wh1000xm4",18,student,,,4915eb51-1d6f-4403-9e41-b8f17d318dc0,lq_no_label,S7000,58,203953,
label_test_3,3,nie,nie,"Sony wh1000xm4",18,student,,,4915eb51-1d6f-4403-9e41-b8f17d318dc0,lq_no_label,reference,100,203953,
label_test_3,3,nie,nie,"Sony wh1000xm4",18,student,,,4915eb51-1d6f-4403-9e41-b8f17d318dc0,lq_no_label,S10000,80,203953,
label_test_3,3,nie,nie,"Sony wh1000xm4",18,student,,,4915eb51-1d6f-4403-9e41-b8f17d318dc0,lq_no_label,S6500,37,192989,
label_test_3,3,nie,nie,"Sony wh1000xm4",18,student,,,4915eb51-1d6f-4403-9e41-b8f17d318dc0,lq_no_label,S3500,7,192989,
label_test_3,3,nie,nie,"Sony wh1000xm4",18,student,,,4915eb51-1d6f-4403-9e41-b8f17d318dc0,lq_no_label,S8000,60,192989,
label_test_3,3,nie,nie,"Sony wh1000xm4",18,student,,,4915eb51-1d6f-4403-9e41-b8f17d318dc0,lq_no_label,S5500,27,192989,
label_test_3,3,nie,nie,"Sony wh1000xm4",18,student,,,4915eb51-1d6f-4403-9e41-b8f17d318dc0,lq_no_label,S10000,80,192989,
label_test_3,3,nie,nie,"Sony wh1000xm4",18,student,,,4915eb51-1d6f-4403-9e41-b8f17d318dc0,lq_no_label,S4500,20,192989,
label_test_3,3,nie,nie,"Sony wh1000xm4",18,student,,,4915eb51-1d6f-4403-9e41-b8f17d318dc0,lq_no_label,S4000,19,192989,
label_test_3,3,nie,nie,"Sony wh1000xm4",18,student,,,4915eb51-1d6f-4403-9e41-b8f17d318dc0,lq_no_label,S6000,37,192989,
label_test_3,3,nie,nie,"Sony wh1000xm4",18,student,,,4915eb51-1d6f-4403-9e41-b8f17d318dc0,lq_no_label,S5000,13,192989,
label_test_3,3,nie,nie,"Sony wh1000xm4",18,student,,,4915eb51-1d6f-4403-9e41-b8f17d318dc0,lq_no_label,S7000,40,192989,
label_test_3,3,nie,nie,"Sony wh1000xm4",18,student,,,4915eb51-1d6f-4403-9e41-b8f17d318dc0,lq_no_label,reference,100,192989,
label_test_3,4,nie,tak,"Beyerdynamic Dt770PRO 80Ohm",18,student,,,231e3054-823d-4f9f-910f-dc93d40335d3,trening,S7000,30,255247,
label_test_3,4,nie,tak,"Beyerdynamic Dt770PRO 80Ohm",18,student,,,231e3054-823d-4f9f-910f-dc93d40335d3,trening,S3500,0,255247,
label_test_3,4,nie,tak,"Beyerdynamic Dt770PRO 80Ohm",18,student,,,231e3054-823d-4f9f-910f-dc93d40335d3,trening,S10000,40,255247,
label_test_3,4,nie,tak,"Beyerdynamic Dt770PRO 80Ohm",18,student,,,231e3054-823d-4f9f-910f-dc93d40335d3,trening,S6500,25,255247,
label_test_3,4,nie,tak,"Beyerdynamic Dt770PRO 80Ohm",18,student,,,231e3054-823d-4f9f-910f-dc93d40335d3,trening,S8000,35,255247,
label_test_3,4,nie,tak,"Beyerdynamic Dt770PRO 80Ohm",18,student,,,231e3054-823d-4f9f-910f-dc93d40335d3,trening,S6000,20,255247,
label_test_3,4,nie,tak,"Beyerdynamic Dt770PRO 80Ohm",18,student,,,231e3054-823d-4f9f-910f-dc93d40335d3,trening,reference,100,255247,
label_test_3,4,nie,tak,"Beyerdynamic Dt770PRO 80Ohm",18,student,,,231e3054-823d-4f9f-910f-dc93d40335d3,trening,S5500,20,255247,
label_test_3,4,nie,tak,"Beyerdynamic Dt770PRO 80Ohm",18,student,,,231e3054-823d-4f9f-910f-dc93d40335d3,trening,S4000,5,255247,
label_test_3,4,nie,tak,"Beyerdynamic Dt770PRO 80Ohm",18,student,,,231e3054-823d-4f9f-910f-dc93d40335d3,trening,S5000,15,255247,
label_test_3,4,nie,tak,"Beyerdynamic Dt770PRO 80Ohm",18,student,,,231e3054-823d-4f9f-910f-dc93d40335d3,trening,S4500,10,255247,
label_test_3,4,nie,tak,"Beyerdynamic Dt770PRO 80Ohm",18,student,,,231e3054-823d-4f9f-910f-dc93d40335d3,lq_label,S10000,70,147281,
label_test_3,4,nie,tak,"Beyerdynamic Dt770PRO 80Ohm",18,student,,,231e3054-823d-4f9f-910f-dc93d40335d3,lq_label,S3500,0,147281,
label_test_3,4,nie,tak,"Beyerdynamic Dt770PRO 80Ohm",18,student,,,231e3054-823d-4f9f-910f-dc93d40335d3,lq_label,S5000,30,147281,
label_test_3,4,nie,tak,"Beyerdynamic Dt770PRO 80Ohm",18,student,,,231e3054-823d-4f9f-910f-dc93d40335d3,lq_label,S4000,5,147281,
label_test_3,4,nie,tak,"Beyerdynamic Dt770PRO 80Ohm",18,student,,,231e3054-823d-4f9f-910f-dc93d40335d3,lq_label,S7000,50,147281,
label_test_3,4,nie,tak,"Beyerdynamic Dt770PRO 80Ohm",18,student,,,231e3054-823d-4f9f-910f-dc93d40335d3,lq_label,S4500,25,147281,
label_test_3,4,nie,tak,"Beyerdynamic Dt770PRO 80Ohm",18,student,,,231e3054-823d-4f9f-910f-dc93d40335d3,lq_label,S8000,55,147281,
label_test_3,4,nie,tak,"Beyerdynamic Dt770PRO 80Ohm",18,student,,,231e3054-823d-4f9f-910f-dc93d40335d3,lq_label,reference,100,147281,
label_test_3,4,nie,tak,"Beyerdynamic Dt770PRO 80Ohm",18,student,,,231e3054-823d-4f9f-910f-dc93d40335d3,lq_label,S5500,35,147281,
label_test_3,4,nie,tak,"Beyerdynamic Dt770PRO 80Ohm",18,student,,,231e3054-823d-4f9f-910f-dc93d40335d3,lq_label,S6000,40,147281,
label_test_3,4,nie,tak,"Beyerdynamic Dt770PRO 80Ohm",18,student,,,231e3054-823d-4f9f-910f-dc93d40335d3,lq_label,S6500,45,147281,
label_test_3,4,nie,tak,"Beyerdynamic Dt770PRO 80Ohm",18,student,,,231e3054-823d-4f9f-910f-dc93d40335d3,lq_label,reference,100,94342,
label_test_3,4,nie,tak,"Beyerdynamic Dt770PRO 80Ohm",18,student,,,231e3054-823d-4f9f-910f-dc93d40335d3,lq_label,S4500,10,94342,
label_test_3,4,nie,tak,"Beyerdynamic Dt770PRO 80Ohm",18,student,,,231e3054-823d-4f9f-910f-dc93d40335d3,lq_label,S6500,43,94342,
label_test_3,4,nie,tak,"Beyerdynamic Dt770PRO 80Ohm",18,student,,,231e3054-823d-4f9f-910f-dc93d40335d3,lq_label,S7000,58,94342,
label_test_3,4,nie,tak,"Beyerdynamic Dt770PRO 80Ohm",18,student,,,231e3054-823d-4f9f-910f-dc93d40335d3,lq_label,S6000,20,94342,
label_test_3,4,nie,tak,"Beyerdynamic Dt770PRO 80Ohm",18,student,,,231e3054-823d-4f9f-910f-dc93d40335d3,lq_label,S5000,15,94342,
label_test_3,4,nie,tak,"Beyerdynamic Dt770PRO 80Ohm",18,student,,,231e3054-823d-4f9f-910f-dc93d40335d3,lq_label,S8000,60,94342,
label_test_3,4,nie,tak,"Beyerdynamic Dt770PRO 80Ohm",18,student,,,231e3054-823d-4f9f-910f-dc93d40335d3,lq_label,S5500,33,94342,
label_test_3,4,nie,tak,"Beyerdynamic Dt770PRO 80Ohm",18,student,,,231e3054-823d-4f9f-910f-dc93d40335d3,lq_label,S10000,70,94342,
label_test_3,4,nie,tak,"Beyerdynamic Dt770PRO 80Ohm",18,student,,,231e3054-823d-4f9f-910f-dc93d40335d3,lq_label,S3500,0,94342,
label_test_3,4,nie,tak,"Beyerdynamic Dt770PRO 80Ohm",18,student,,,231e3054-823d-4f9f-910f-dc93d40335d3,lq_label,S4000,5,94342,
label_test_3,5,nie,tak,"Sennheiser HD650",25,inny,"producent muzyczny, badaczka technologii dźwięku przestrzennego","świetnie skonstruowany test oraz dobrze dobra próbka - bardzo dobrze słychać degradację na perkusji.",17ff1f4c-5c0b-45cf-8b72-d86516b75952,trening,S10700,100,127447,
label_test_3,5,nie,tak,"Sennheiser HD650",25,inny,"producent muzyczny, badaczka technologii dźwięku przestrzennego","świetnie skonstruowany test oraz dobrze dobra próbka - bardzo dobrze słychać degradację na perkusji.",17ff1f4c-5c0b-45cf-8b72-d86516b75952,trening,S8000,0,127447,
label_test_3,5,nie,tak,"Sennheiser HD650",25,inny,"producent muzyczny, badaczka technologii dźwięku przestrzennego","świetnie skonstruowany test oraz dobrze dobra próbka - bardzo dobrze słychać degradację na perkusji.",17ff1f4c-5c0b-45cf-8b72-d86516b75952,trening,reference,100,127447,
label_test_3,5,nie,tak,"Sennheiser HD650",25,inny,"producent muzyczny, badaczka technologii dźwięku przestrzennego","świetnie skonstruowany test oraz dobrze dobra próbka - bardzo dobrze słychać degradację na perkusji.",17ff1f4c-5c0b-45cf-8b72-d86516b75952,trening,S10000,78,127447,
label_test_3,5,nie,tak,"Sennheiser HD650",25,inny,"producent muzyczny, badaczka technologii dźwięku przestrzennego","świetnie skonstruowany test oraz dobrze dobra próbka - bardzo dobrze słychać degradację na perkusji.",17ff1f4c-5c0b-45cf-8b72-d86516b75952,trening,S3500,0,127447,
label_test_3,5,nie,tak,"Sennheiser HD650",25,inny,"producent muzyczny, badaczka technologii dźwięku przestrzennego","świetnie skonstruowany test oraz dobrze dobra próbka - bardzo dobrze słychać degradację na perkusji.",17ff1f4c-5c0b-45cf-8b72-d86516b75952,trening,S9300,62,127447,
label_test_3,5,nie,tak,"Sennheiser HD650",25,inny,"producent muzyczny, badaczka technologii dźwięku przestrzennego","świetnie skonstruowany test oraz dobrze dobra próbka - bardzo dobrze słychać degradację na perkusji.",17ff1f4c-5c0b-45cf-8b72-d86516b75952,trening,S12000,100,127447,
label_test_3,5,nie,tak,"Sennheiser HD650",25,inny,"producent muzyczny, badaczka technologii dźwięku przestrzennego","świetnie skonstruowany test oraz dobrze dobra próbka - bardzo dobrze słychać degradację na perkusji.",17ff1f4c-5c0b-45cf-8b72-d86516b75952,trening,S5500,7,127447,
label_test_3,5,nie,tak,"Sennheiser HD650",25,inny,"producent muzyczny, badaczka technologii dźwięku przestrzennego","świetnie skonstruowany test oraz dobrze dobra próbka - bardzo dobrze słychać degradację na perkusji.",17ff1f4c-5c0b-45cf-8b72-d86516b75952,trening,S8700,21,127447,
label_test_3,5,nie,tak,"Sennheiser HD650",25,inny,"producent muzyczny, badaczka technologii dźwięku przestrzennego","świetnie skonstruowany test oraz dobrze dobra próbka - bardzo dobrze słychać degradację na perkusji.",17ff1f4c-5c0b-45cf-8b72-d86516b75952,trening,S7000,0,127447,
label_test_3,5,nie,tak,"Sennheiser HD650",25,inny,"producent muzyczny, badaczka technologii dźwięku przestrzennego","świetnie skonstruowany test oraz dobrze dobra próbka - bardzo dobrze słychać degradację na perkusji.",17ff1f4c-5c0b-45cf-8b72-d86516b75952,trening,S11300,100,127447,
label_test_3,5,nie,tak,"Sennheiser HD650",25,inny,"producent muzyczny, badaczka technologii dźwięku przestrzennego","świetnie skonstruowany test oraz dobrze dobra próbka - bardzo dobrze słychać degradację na perkusji.",17ff1f4c-5c0b-45cf-8b72-d86516b75952,hq_label,S12000,100,114645,
label_test_3,5,nie,tak,"Sennheiser HD650",25,inny,"producent muzyczny, badaczka technologii dźwięku przestrzennego","świetnie skonstruowany test oraz dobrze dobra próbka - bardzo dobrze słychać degradację na perkusji.",17ff1f4c-5c0b-45cf-8b72-d86516b75952,hq_label,reference,100,114645,
label_test_3,5,nie,tak,"Sennheiser HD650",25,inny,"producent muzyczny, badaczka technologii dźwięku przestrzennego","świetnie skonstruowany test oraz dobrze dobra próbka - bardzo dobrze słychać degradację na perkusji.",17ff1f4c-5c0b-45cf-8b72-d86516b75952,hq_label,S8700,10,114645,
label_test_3,5,nie,tak,"Sennheiser HD650",25,inny,"producent muzyczny, badaczka technologii dźwięku przestrzennego","świetnie skonstruowany test oraz dobrze dobra próbka - bardzo dobrze słychać degradację na perkusji.",17ff1f4c-5c0b-45cf-8b72-d86516b75952,hq_label,S10000,69,114645,
label_test_3,5,nie,tak,"Sennheiser HD650",25,inny,"producent muzyczny, badaczka technologii dźwięku przestrzennego","świetnie skonstruowany test oraz dobrze dobra próbka - bardzo dobrze słychać degradację na perkusji.",17ff1f4c-5c0b-45cf-8b72-d86516b75952,hq_label,S11300,100,114645,
label_test_3,5,nie,tak,"Sennheiser HD650",25,inny,"producent muzyczny, badaczka technologii dźwięku przestrzennego","świetnie skonstruowany test oraz dobrze dobra próbka - bardzo dobrze słychać degradację na perkusji.",17ff1f4c-5c0b-45cf-8b72-d86516b75952,hq_label,S3500,0,114645,
label_test_3,5,nie,tak,"Sennheiser HD650",25,inny,"producent muzyczny, badaczka technologii dźwięku przestrzennego","świetnie skonstruowany test oraz dobrze dobra próbka - bardzo dobrze słychać degradację na perkusji.",17ff1f4c-5c0b-45cf-8b72-d86516b75952,hq_label,S8000,0,114645,
label_test_3,5,nie,tak,"Sennheiser HD650",25,inny,"producent muzyczny, badaczka technologii dźwięku przestrzennego","świetnie skonstruowany test oraz dobrze dobra próbka - bardzo dobrze słychać degradację na perkusji.",17ff1f4c-5c0b-45cf-8b72-d86516b75952,hq_label,S10700,78,114645,
label_test_3,5,nie,tak,"Sennheiser HD650",25,inny,"producent muzyczny, badaczka technologii dźwięku przestrzennego","świetnie skonstruowany test oraz dobrze dobra próbka - bardzo dobrze słychać degradację na perkusji.",17ff1f4c-5c0b-45cf-8b72-d86516b75952,hq_label,S5500,0,114645,
label_test_3,5,nie,tak,"Sennheiser HD650",25,inny,"producent muzyczny, badaczka technologii dźwięku przestrzennego","świetnie skonstruowany test oraz dobrze dobra próbka - bardzo dobrze słychać degradację na perkusji.",17ff1f4c-5c0b-45cf-8b72-d86516b75952,hq_label,S9300,39,114645,
label_test_3,5,nie,tak,"Sennheiser HD650",25,inny,"producent muzyczny, badaczka technologii dźwięku przestrzennego","świetnie skonstruowany test oraz dobrze dobra próbka - bardzo dobrze słychać degradację na perkusji.",17ff1f4c-5c0b-45cf-8b72-d86516b75952,hq_label,S7000,0,114645,
label_test_3,5,nie,tak,"Sennheiser HD650",25,inny,"producent muzyczny, badaczka technologii dźwięku przestrzennego","świetnie skonstruowany test oraz dobrze dobra próbka - bardzo dobrze słychać degradację na perkusji.",17ff1f4c-5c0b-45cf-8b72-d86516b75952,hq_label,S12000,100,152354,
label_test_3,5,nie,tak,"Sennheiser HD650",25,inny,"producent muzyczny, badaczka technologii dźwięku przestrzennego","świetnie skonstruowany test oraz dobrze dobra próbka - bardzo dobrze słychać degradację na perkusji.",17ff1f4c-5c0b-45cf-8b72-d86516b75952,hq_label,reference,100,152354,
label_test_3,5,nie,tak,"Sennheiser HD650",25,inny,"producent muzyczny, badaczka technologii dźwięku przestrzennego","świetnie skonstruowany test oraz dobrze dobra próbka - bardzo dobrze słychać degradację na perkusji.",17ff1f4c-5c0b-45cf-8b72-d86516b75952,hq_label,S7000,1,152354,
label_test_3,5,nie,tak,"Sennheiser HD650",25,inny,"producent muzyczny, badaczka technologii dźwięku przestrzennego","świetnie skonstruowany test oraz dobrze dobra próbka - bardzo dobrze słychać degradację na perkusji.",17ff1f4c-5c0b-45cf-8b72-d86516b75952,hq_label,S9300,49,152354,
label_test_3,5,nie,tak,"Sennheiser HD650",25,inny,"producent muzyczny, badaczka technologii dźwięku przestrzennego","świetnie skonstruowany test oraz dobrze dobra próbka - bardzo dobrze słychać degradację na perkusji.",17ff1f4c-5c0b-45cf-8b72-d86516b75952,hq_label,S10000,66,152354,
label_test_3,5,nie,tak,"Sennheiser HD650",25,inny,"producent muzyczny, badaczka technologii dźwięku przestrzennego","świetnie skonstruowany test oraz dobrze dobra próbka - bardzo dobrze słychać degradację na perkusji.",17ff1f4c-5c0b-45cf-8b72-d86516b75952,hq_label,S5500,6,152354,
label_test_3,5,nie,tak,"Sennheiser HD650",25,inny,"producent muzyczny, badaczka technologii dźwięku przestrzennego","świetnie skonstruowany test oraz dobrze dobra próbka - bardzo dobrze słychać degradację na perkusji.",17ff1f4c-5c0b-45cf-8b72-d86516b75952,hq_label,S10700,79,152354,
label_test_3,5,nie,tak,"Sennheiser HD650",25,inny,"producent muzyczny, badaczka technologii dźwięku przestrzennego","świetnie skonstruowany test oraz dobrze dobra próbka - bardzo dobrze słychać degradację na perkusji.",17ff1f4c-5c0b-45cf-8b72-d86516b75952,hq_label,S8700,27,152354,
label_test_3,5,nie,tak,"Sennheiser HD650",25,inny,"producent muzyczny, badaczka technologii dźwięku przestrzennego","świetnie skonstruowany test oraz dobrze dobra próbka - bardzo dobrze słychać degradację na perkusji.",17ff1f4c-5c0b-45cf-8b72-d86516b75952,hq_label,S11300,89,152354,
label_test_3,5,nie,tak,"Sennheiser HD650",25,inny,"producent muzyczny, badaczka technologii dźwięku przestrzennego","świetnie skonstruowany test oraz dobrze dobra próbka - bardzo dobrze słychać degradację na perkusji.",17ff1f4c-5c0b-45cf-8b72-d86516b75952,hq_label,S8000,15,152354,
label_test_3,5,nie,tak,"Sennheiser HD650",25,inny,"producent muzyczny, badaczka technologii dźwięku przestrzennego","świetnie skonstruowany test oraz dobrze dobra próbka - bardzo dobrze słychać degradację na perkusji.",17ff1f4c-5c0b-45cf-8b72-d86516b75952,hq_label,S3500,0,152354,
label_test_3,5,nie,tak,"AirPods Pro 3",35,inny,"realizator dźwięku, naukowiec (dr hab.), edukator ",,a0b37b1a-9eb7-4455-b852-90fc561d40bb,trening,S5500,18,92705,
label_test_3,5,nie,tak,"AirPods Pro 3",35,inny,"realizator dźwięku, naukowiec (dr hab.), edukator ",,a0b37b1a-9eb7-4455-b852-90fc561d40bb,trening,S7000,34,92705,
label_test_3,5,nie,tak,"AirPods Pro 3",35,inny,"realizator dźwięku, naukowiec (dr hab.), edukator ",,a0b37b1a-9eb7-4455-b852-90fc561d40bb,trening,S3500,18,92705,
label_test_3,5,nie,tak,"AirPods Pro 3",35,inny,"realizator dźwięku, naukowiec (dr hab.), edukator ",,a0b37b1a-9eb7-4455-b852-90fc561d40bb,trening,S12000,84,92705,
label_test_3,5,nie,tak,"AirPods Pro 3",35,inny,"realizator dźwięku, naukowiec (dr hab.), edukator ",,a0b37b1a-9eb7-4455-b852-90fc561d40bb,trening,S10700,69,92705,
label_test_3,5,nie,tak,"AirPods Pro 3",35,inny,"realizator dźwięku, naukowiec (dr hab.), edukator ",,a0b37b1a-9eb7-4455-b852-90fc561d40bb,trening,reference,92,92705,
label_test_3,5,nie,tak,"AirPods Pro 3",35,inny,"realizator dźwięku, naukowiec (dr hab.), edukator ",,a0b37b1a-9eb7-4455-b852-90fc561d40bb,trening,S9300,34,92705,
label_test_3,5,nie,tak,"AirPods Pro 3",35,inny,"realizator dźwięku, naukowiec (dr hab.), edukator ",,a0b37b1a-9eb7-4455-b852-90fc561d40bb,trening,S11300,59,92705,
label_test_3,5,nie,tak,"AirPods Pro 3",35,inny,"realizator dźwięku, naukowiec (dr hab.), edukator ",,a0b37b1a-9eb7-4455-b852-90fc561d40bb,trening,S10000,44,92705,
label_test_3,5,nie,tak,"AirPods Pro 3",35,inny,"realizator dźwięku, naukowiec (dr hab.), edukator ",,a0b37b1a-9eb7-4455-b852-90fc561d40bb,trening,S8000,39,92705,
label_test_3,5,nie,tak,"AirPods Pro 3",35,inny,"realizator dźwięku, naukowiec (dr hab.), edukator ",,a0b37b1a-9eb7-4455-b852-90fc561d40bb,trening,S8700,37,92705,
label_test_3,5,nie,tak,"AirPods Pro 3",35,inny,"realizator dźwięku, naukowiec (dr hab.), edukator ",,a0b37b1a-9eb7-4455-b852-90fc561d40bb,hq_no_label,S8700,25,93857,
label_test_3,5,nie,tak,"AirPods Pro 3",35,inny,"realizator dźwięku, naukowiec (dr hab.), edukator ",,a0b37b1a-9eb7-4455-b852-90fc561d40bb,hq_no_label,S10700,32,93857,
label_test_3,5,nie,tak,"AirPods Pro 3",35,inny,"realizator dźwięku, naukowiec (dr hab.), edukator ",,a0b37b1a-9eb7-4455-b852-90fc561d40bb,hq_no_label,S9300,36,93857,
label_test_3,5,nie,tak,"AirPods Pro 3",35,inny,"realizator dźwięku, naukowiec (dr hab.), edukator ",,a0b37b1a-9eb7-4455-b852-90fc561d40bb,hq_no_label,reference,94,93857,
label_test_3,5,nie,tak,"AirPods Pro 3",35,inny,"realizator dźwięku, naukowiec (dr hab.), edukator ",,a0b37b1a-9eb7-4455-b852-90fc561d40bb,hq_no_label,S7000,26,93857,
label_test_3,5,nie,tak,"AirPods Pro 3",35,inny,"realizator dźwięku, naukowiec (dr hab.), edukator ",,a0b37b1a-9eb7-4455-b852-90fc561d40bb,hq_no_label,S3500,7,93857,
label_test_3,5,nie,tak,"AirPods Pro 3",35,inny,"realizator dźwięku, naukowiec (dr hab.), edukator ",,a0b37b1a-9eb7-4455-b852-90fc561d40bb,hq_no_label,S8000,40,93857,
label_test_3,5,nie,tak,"AirPods Pro 3",35,inny,"realizator dźwięku, naukowiec (dr hab.), edukator ",,a0b37b1a-9eb7-4455-b852-90fc561d40bb,hq_no_label,S12000,35,93857,
label_test_3,5,nie,tak,"AirPods Pro 3",35,inny,"realizator dźwięku, naukowiec (dr hab.), edukator ",,a0b37b1a-9eb7-4455-b852-90fc561d40bb,hq_no_label,S11300,54,93857,
label_test_3,5,nie,tak,"AirPods Pro 3",35,inny,"realizator dźwięku, naukowiec (dr hab.), edukator ",,a0b37b1a-9eb7-4455-b852-90fc561d40bb,hq_no_label,S10000,57,93857,
label_test_3,5,nie,tak,"AirPods Pro 3",35,inny,"realizator dźwięku, naukowiec (dr hab.), edukator ",,a0b37b1a-9eb7-4455-b852-90fc561d40bb,hq_no_label,S5500,36,93857,
label_test_3,5,nie,tak,"AirPods Pro 3",35,inny,"realizator dźwięku, naukowiec (dr hab.), edukator ",,a0b37b1a-9eb7-4455-b852-90fc561d40bb,hq_no_label,reference,100,86951,
label_test_3,5,nie,tak,"AirPods Pro 3",35,inny,"realizator dźwięku, naukowiec (dr hab.), edukator ",,a0b37b1a-9eb7-4455-b852-90fc561d40bb,hq_no_label,S8000,47,86951,
label_test_3,5,nie,tak,"AirPods Pro 3",35,inny,"realizator dźwięku, naukowiec (dr hab.), edukator ",,a0b37b1a-9eb7-4455-b852-90fc561d40bb,hq_no_label,S9300,78,86951,
label_test_3,5,nie,tak,"AirPods Pro 3",35,inny,"realizator dźwięku, naukowiec (dr hab.), edukator ",,a0b37b1a-9eb7-4455-b852-90fc561d40bb,hq_no_label,S7000,54,86951,
label_test_3,5,nie,tak,"AirPods Pro 3",35,inny,"realizator dźwięku, naukowiec (dr hab.), edukator ",,a0b37b1a-9eb7-4455-b852-90fc561d40bb,hq_no_label,S10700,74,86951,
label_test_3,5,nie,tak,"AirPods Pro 3",35,inny,"realizator dźwięku, naukowiec (dr hab.), edukator ",,a0b37b1a-9eb7-4455-b852-90fc561d40bb,hq_no_label,S12000,61,86951,
label_test_3,5,nie,tak,"AirPods Pro 3",35,inny,"realizator dźwięku, naukowiec (dr hab.), edukator ",,a0b37b1a-9eb7-4455-b852-90fc561d40bb,hq_no_label,S5500,40,86951,
label_test_3,5,nie,tak,"AirPods Pro 3",35,inny,"realizator dźwięku, naukowiec (dr hab.), edukator ",,a0b37b1a-9eb7-4455-b852-90fc561d40bb,hq_no_label,S8700,51,86951,
label_test_3,5,nie,tak,"AirPods Pro 3",35,inny,"realizator dźwięku, naukowiec (dr hab.), edukator ",,a0b37b1a-9eb7-4455-b852-90fc561d40bb,hq_no_label,S3500,29,86951,
label_test_3,5,nie,tak,"AirPods Pro 3",35,inny,"realizator dźwięku, naukowiec (dr hab.), edukator ",,a0b37b1a-9eb7-4455-b852-90fc561d40bb,hq_no_label,S10000,80,86951,
label_test_3,5,nie,tak,"AirPods Pro 3",35,inny,"realizator dźwięku, naukowiec (dr hab.), edukator ",,a0b37b1a-9eb7-4455-b852-90fc561d40bb,hq_no_label,S11300,90,86951,
label_test_3,3,nie,tak,"DT 770",18,student,,,ffac7edd-3454-445e-86dd-2adf7493c304,trening,S4500,24,131661,
label_test_3,3,nie,tak,"DT 770",18,student,,,ffac7edd-3454-445e-86dd-2adf7493c304,trening,S5000,34,131661,
label_test_3,3,nie,tak,"DT 770",18,student,,,ffac7edd-3454-445e-86dd-2adf7493c304,trening,S5500,42,131661,
label_test_3,3,nie,tak,"DT 770",18,student,,,ffac7edd-3454-445e-86dd-2adf7493c304,trening,S6500,61,131661,
label_test_3,3,nie,tak,"DT 770",18,student,,,ffac7edd-3454-445e-86dd-2adf7493c304,trening,S7000,73,131661,
label_test_3,3,nie,tak,"DT 770",18,student,,,ffac7edd-3454-445e-86dd-2adf7493c304,trening,S6000,52,131661,
label_test_3,3,nie,tak,"DT 770",18,student,,,ffac7edd-3454-445e-86dd-2adf7493c304,trening,S8000,84,131661,
label_test_3,3,nie,tak,"DT 770",18,student,,,ffac7edd-3454-445e-86dd-2adf7493c304,trening,S4000,15,131661,
label_test_3,3,nie,tak,"DT 770",18,student,,,ffac7edd-3454-445e-86dd-2adf7493c304,trening,S3500,15,131661,
label_test_3,3,nie,tak,"DT 770",18,student,,,ffac7edd-3454-445e-86dd-2adf7493c304,trening,S10000,89,131661,
label_test_3,3,nie,tak,"DT 770",18,student,,,ffac7edd-3454-445e-86dd-2adf7493c304,trening,reference,100,131661,
label_test_3,3,nie,tak,"DT 770",18,student,,,ffac7edd-3454-445e-86dd-2adf7493c304,lq_no_label,S10000,88,114678,
label_test_3,3,nie,tak,"DT 770",18,student,,,ffac7edd-3454-445e-86dd-2adf7493c304,lq_no_label,S8000,76,114678,
label_test_3,3,nie,tak,"DT 770",18,student,,,ffac7edd-3454-445e-86dd-2adf7493c304,lq_no_label,S5500,34,114678,
label_test_3,3,nie,tak,"DT 770",18,student,,,ffac7edd-3454-445e-86dd-2adf7493c304,lq_no_label,S7000,64,114678,
label_test_3,3,nie,tak,"DT 770",18,student,,,ffac7edd-3454-445e-86dd-2adf7493c304,lq_no_label,reference,100,114678,
label_test_3,3,nie,tak,"DT 770",18,student,,,ffac7edd-3454-445e-86dd-2adf7493c304,lq_no_label,S6000,44,114678,
label_test_3,3,nie,tak,"DT 770",18,student,,,ffac7edd-3454-445e-86dd-2adf7493c304,lq_no_label,S6500,54,114678,
label_test_3,3,nie,tak,"DT 770",18,student,,,ffac7edd-3454-445e-86dd-2adf7493c304,lq_no_label,S5000,22,114678,
label_test_3,3,nie,tak,"DT 770",18,student,,,ffac7edd-3454-445e-86dd-2adf7493c304,lq_no_label,S3500,18,114678,
label_test_3,3,nie,tak,"DT 770",18,student,,,ffac7edd-3454-445e-86dd-2adf7493c304,lq_no_label,S4500,11,114678,
label_test_3,3,nie,tak,"DT 770",18,student,,,ffac7edd-3454-445e-86dd-2adf7493c304,lq_no_label,S4000,18,114678,
label_test_3,3,nie,tak,"DT 770",18,student,,,ffac7edd-3454-445e-86dd-2adf7493c304,lq_no_label,S4500,12,111571,
label_test_3,3,nie,tak,"DT 770",18,student,,,ffac7edd-3454-445e-86dd-2adf7493c304,lq_no_label,S10000,87,111571,
label_test_3,3,nie,tak,"DT 770",18,student,,,ffac7edd-3454-445e-86dd-2adf7493c304,lq_no_label,S7000,63,111571,
label_test_3,3,nie,tak,"DT 770",18,student,,,ffac7edd-3454-445e-86dd-2adf7493c304,lq_no_label,S6000,23,111571,
label_test_3,3,nie,tak,"DT 770",18,student,,,ffac7edd-3454-445e-86dd-2adf7493c304,lq_no_label,S3500,7,111571,
label_test_3,3,nie,tak,"DT 770",18,student,,,ffac7edd-3454-445e-86dd-2adf7493c304,lq_no_label,S4000,7,111571,
label_test_3,3,nie,tak,"DT 770",18,student,,,ffac7edd-3454-445e-86dd-2adf7493c304,lq_no_label,S5000,31,111571,
label_test_3,3,nie,tak,"DT 770",18,student,,,ffac7edd-3454-445e-86dd-2adf7493c304,lq_no_label,reference,100,111571,
label_test_3,3,nie,tak,"DT 770",18,student,,,ffac7edd-3454-445e-86dd-2adf7493c304,lq_no_label,S5500,52,111571,
label_test_3,3,nie,tak,"DT 770",18,student,,,ffac7edd-3454-445e-86dd-2adf7493c304,lq_no_label,S8000,77,111571,
label_test_3,3,nie,tak,"DT 770",18,student,,,ffac7edd-3454-445e-86dd-2adf7493c304,lq_no_label,S6500,63,111571,
label_test_3,4,nie,tak,"AKG K550",35,inny,"Akustyk wnętrz","Bardzo ciekawy test :-)",4f47a9a6-1074-4b62-9771-140f202fb348,trening,S7000,37,215490,
label_test_3,4,nie,tak,"AKG K550",35,inny,"Akustyk wnętrz","Bardzo ciekawy test :-)",4f47a9a6-1074-4b62-9771-140f202fb348,trening,S3500,1,215490,
label_test_3,4,nie,tak,"AKG K550",35,inny,"Akustyk wnętrz","Bardzo ciekawy test :-)",4f47a9a6-1074-4b62-9771-140f202fb348,trening,S6500,38,215490,
label_test_3,4,nie,tak,"AKG K550",35,inny,"Akustyk wnętrz","Bardzo ciekawy test :-)",4f47a9a6-1074-4b62-9771-140f202fb348,trening,S10000,75,215490,
label_test_3,4,nie,tak,"AKG K550",35,inny,"Akustyk wnętrz","Bardzo ciekawy test :-)",4f47a9a6-1074-4b62-9771-140f202fb348,trening,S8000,77,215490,
label_test_3,4,nie,tak,"AKG K550",35,inny,"Akustyk wnętrz","Bardzo ciekawy test :-)",4f47a9a6-1074-4b62-9771-140f202fb348,trening,S4500,19,215490,
label_test_3,4,nie,tak,"AKG K550",35,inny,"Akustyk wnętrz","Bardzo ciekawy test :-)",4f47a9a6-1074-4b62-9771-140f202fb348,trening,S6000,46,215490,
label_test_3,4,nie,tak,"AKG K550",35,inny,"Akustyk wnętrz","Bardzo ciekawy test :-)",4f47a9a6-1074-4b62-9771-140f202fb348,trening,S5000,30,215490,
label_test_3,4,nie,tak,"AKG K550",35,inny,"Akustyk wnętrz","Bardzo ciekawy test :-)",4f47a9a6-1074-4b62-9771-140f202fb348,trening,reference,100,215490,
label_test_3,4,nie,tak,"AKG K550",35,inny,"Akustyk wnętrz","Bardzo ciekawy test :-)",4f47a9a6-1074-4b62-9771-140f202fb348,trening,S4000,48,215490,
label_test_3,4,nie,tak,"AKG K550",35,inny,"Akustyk wnętrz","Bardzo ciekawy test :-)",4f47a9a6-1074-4b62-9771-140f202fb348,trening,S5500,57,215490,
label_test_3,4,nie,tak,"AKG K550",35,inny,"Akustyk wnętrz","Bardzo ciekawy test :-)",4f47a9a6-1074-4b62-9771-140f202fb348,lq_label,S5000,24,140050,
label_test_3,4,nie,tak,"AKG K550",35,inny,"Akustyk wnętrz","Bardzo ciekawy test :-)",4f47a9a6-1074-4b62-9771-140f202fb348,lq_label,S10000,72,140050,
label_test_3,4,nie,tak,"AKG K550",35,inny,"Akustyk wnętrz","Bardzo ciekawy test :-)",4f47a9a6-1074-4b62-9771-140f202fb348,lq_label,S6500,35,140050,
label_test_3,4,nie,tak,"AKG K550",35,inny,"Akustyk wnętrz","Bardzo ciekawy test :-)",4f47a9a6-1074-4b62-9771-140f202fb348,lq_label,reference,100,140050,
label_test_3,4,nie,tak,"AKG K550",35,inny,"Akustyk wnętrz","Bardzo ciekawy test :-)",4f47a9a6-1074-4b62-9771-140f202fb348,lq_label,S4500,34,140050,
label_test_3,4,nie,tak,"AKG K550",35,inny,"Akustyk wnętrz","Bardzo ciekawy test :-)",4f47a9a6-1074-4b62-9771-140f202fb348,lq_label,S7000,81,140050,
label_test_3,4,nie,tak,"AKG K550",35,inny,"Akustyk wnętrz","Bardzo ciekawy test :-)",4f47a9a6-1074-4b62-9771-140f202fb348,lq_label,S8000,82,140050,
label_test_3,4,nie,tak,"AKG K550",35,inny,"Akustyk wnętrz","Bardzo ciekawy test :-)",4f47a9a6-1074-4b62-9771-140f202fb348,lq_label,S6000,49,140050,
label_test_3,4,nie,tak,"AKG K550",35,inny,"Akustyk wnętrz","Bardzo ciekawy test :-)",4f47a9a6-1074-4b62-9771-140f202fb348,lq_label,S4000,18,140050,
label_test_3,4,nie,tak,"AKG K550",35,inny,"Akustyk wnętrz","Bardzo ciekawy test :-)",4f47a9a6-1074-4b62-9771-140f202fb348,lq_label,S3500,4,140050,
label_test_3,4,nie,tak,"AKG K550",35,inny,"Akustyk wnętrz","Bardzo ciekawy test :-)",4f47a9a6-1074-4b62-9771-140f202fb348,lq_label,S5500,61,140050,
label_test_3,4,nie,tak,"AKG K550",35,inny,"Akustyk wnętrz","Bardzo ciekawy test :-)",4f47a9a6-1074-4b62-9771-140f202fb348,lq_label,S10000,100,88182,
label_test_3,4,nie,tak,"AKG K550",35,inny,"Akustyk wnętrz","Bardzo ciekawy test :-)",4f47a9a6-1074-4b62-9771-140f202fb348,lq_label,S6500,79,88182,
label_test_3,4,nie,tak,"AKG K550",35,inny,"Akustyk wnętrz","Bardzo ciekawy test :-)",4f47a9a6-1074-4b62-9771-140f202fb348,lq_label,S7000,79,88182,
label_test_3,4,nie,tak,"AKG K550",35,inny,"Akustyk wnętrz","Bardzo ciekawy test :-)",4f47a9a6-1074-4b62-9771-140f202fb348,lq_label,S5500,60,88182,
label_test_3,4,nie,tak,"AKG K550",35,inny,"Akustyk wnętrz","Bardzo ciekawy test :-)",4f47a9a6-1074-4b62-9771-140f202fb348,lq_label,S6000,71,88182,
label_test_3,4,nie,tak,"AKG K550",35,inny,"Akustyk wnętrz","Bardzo ciekawy test :-)",4f47a9a6-1074-4b62-9771-140f202fb348,lq_label,S5000,36,88182,
label_test_3,4,nie,tak,"AKG K550",35,inny,"Akustyk wnętrz","Bardzo ciekawy test :-)",4f47a9a6-1074-4b62-9771-140f202fb348,lq_label,S4500,15,88182,
label_test_3,4,nie,tak,"AKG K550",35,inny,"Akustyk wnętrz","Bardzo ciekawy test :-)",4f47a9a6-1074-4b62-9771-140f202fb348,lq_label,S3500,0,88182,
label_test_3,4,nie,tak,"AKG K550",35,inny,"Akustyk wnętrz","Bardzo ciekawy test :-)",4f47a9a6-1074-4b62-9771-140f202fb348,lq_label,S4000,37,88182,
label_test_3,4,nie,tak,"AKG K550",35,inny,"Akustyk wnętrz","Bardzo ciekawy test :-)",4f47a9a6-1074-4b62-9771-140f202fb348,lq_label,S8000,89,88182,
label_test_3,4,nie,tak,"AKG K550",35,inny,"Akustyk wnętrz","Bardzo ciekawy test :-)",4f47a9a6-1074-4b62-9771-140f202fb348,lq_label,reference,100,88182,
label_test_3,4,nie,tak,HD650,55,inny,"nauczyciel akademicki zajmujący się szeroko pojętą inżynierią dźwięku","ciekawy test i poręczna aplikacja",9d5af5fe-919c-4f02-a74b-1e291d5e4b4d,trening,S10000,85,260446,
label_test_3,4,nie,tak,HD650,55,inny,"nauczyciel akademicki zajmujący się szeroko pojętą inżynierią dźwięku","ciekawy test i poręczna aplikacja",9d5af5fe-919c-4f02-a74b-1e291d5e4b4d,trening,S4000,24,260446,
label_test_3,4,nie,tak,HD650,55,inny,"nauczyciel akademicki zajmujący się szeroko pojętą inżynierią dźwięku","ciekawy test i poręczna aplikacja",9d5af5fe-919c-4f02-a74b-1e291d5e4b4d,trening,S5000,29,260446,
label_test_3,4,nie,tak,HD650,55,inny,"nauczyciel akademicki zajmujący się szeroko pojętą inżynierią dźwięku","ciekawy test i poręczna aplikacja",9d5af5fe-919c-4f02-a74b-1e291d5e4b4d,trening,S4500,28,260446,
label_test_3,4,nie,tak,HD650,55,inny,"nauczyciel akademicki zajmujący się szeroko pojętą inżynierią dźwięku","ciekawy test i poręczna aplikacja",9d5af5fe-919c-4f02-a74b-1e291d5e4b4d,trening,S7000,62,260446,
label_test_3,4,nie,tak,HD650,55,inny,"nauczyciel akademicki zajmujący się szeroko pojętą inżynierią dźwięku","ciekawy test i poręczna aplikacja",9d5af5fe-919c-4f02-a74b-1e291d5e4b4d,trening,S6000,31,260446,
label_test_3,4,nie,tak,HD650,55,inny,"nauczyciel akademicki zajmujący się szeroko pojętą inżynierią dźwięku","ciekawy test i poręczna aplikacja",9d5af5fe-919c-4f02-a74b-1e291d5e4b4d,trening,S5500,50,260446,
label_test_3,4,nie,tak,HD650,55,inny,"nauczyciel akademicki zajmujący się szeroko pojętą inżynierią dźwięku","ciekawy test i poręczna aplikacja",9d5af5fe-919c-4f02-a74b-1e291d5e4b4d,trening,S8000,62,260446,
label_test_3,4,nie,tak,HD650,55,inny,"nauczyciel akademicki zajmujący się szeroko pojętą inżynierią dźwięku","ciekawy test i poręczna aplikacja",9d5af5fe-919c-4f02-a74b-1e291d5e4b4d,trening,S6500,63,260446,
label_test_3,4,nie,tak,HD650,55,inny,"nauczyciel akademicki zajmujący się szeroko pojętą inżynierią dźwięku","ciekawy test i poręczna aplikacja",9d5af5fe-919c-4f02-a74b-1e291d5e4b4d,trening,reference,100,260446,
label_test_3,4,nie,tak,HD650,55,inny,"nauczyciel akademicki zajmujący się szeroko pojętą inżynierią dźwięku","ciekawy test i poręczna aplikacja",9d5af5fe-919c-4f02-a74b-1e291d5e4b4d,trening,S3500,26,260446,
label_test_3,4,nie,tak,HD650,55,inny,"nauczyciel akademicki zajmujący się szeroko pojętą inżynierią dźwięku","ciekawy test i poręczna aplikacja",9d5af5fe-919c-4f02-a74b-1e291d5e4b4d,lq_label,S8000,74,243842,
label_test_3,4,nie,tak,HD650,55,inny,"nauczyciel akademicki zajmujący się szeroko pojętą inżynierią dźwięku","ciekawy test i poręczna aplikacja",9d5af5fe-919c-4f02-a74b-1e291d5e4b4d,lq_label,S5500,51,243842,
label_test_3,4,nie,tak,HD650,55,inny,"nauczyciel akademicki zajmujący się szeroko pojętą inżynierią dźwięku","ciekawy test i poręczna aplikacja",9d5af5fe-919c-4f02-a74b-1e291d5e4b4d,lq_label,S4500,33,243842,
label_test_3,4,nie,tak,HD650,55,inny,"nauczyciel akademicki zajmujący się szeroko pojętą inżynierią dźwięku","ciekawy test i poręczna aplikacja",9d5af5fe-919c-4f02-a74b-1e291d5e4b4d,lq_label,reference,100,243842,
label_test_3,4,nie,tak,HD650,55,inny,"nauczyciel akademicki zajmujący się szeroko pojętą inżynierią dźwięku","ciekawy test i poręczna aplikacja",9d5af5fe-919c-4f02-a74b-1e291d5e4b4d,lq_label,S5000,49,243842,
label_test_3,4,nie,tak,HD650,55,inny,"nauczyciel akademicki zajmujący się szeroko pojętą inżynierią dźwięku","ciekawy test i poręczna aplikacja",9d5af5fe-919c-4f02-a74b-1e291d5e4b4d,lq_label,S3500,21,243842,
label_test_3,4,nie,tak,HD650,55,inny,"nauczyciel akademicki zajmujący się szeroko pojętą inżynierią dźwięku","ciekawy test i poręczna aplikacja",9d5af5fe-919c-4f02-a74b-1e291d5e4b4d,lq_label,S6500,49,243842,
label_test_3,4,nie,tak,HD650,55,inny,"nauczyciel akademicki zajmujący się szeroko pojętą inżynierią dźwięku","ciekawy test i poręczna aplikacja",9d5af5fe-919c-4f02-a74b-1e291d5e4b4d,lq_label,S6000,62,243842,
label_test_3,4,nie,tak,HD650,55,inny,"nauczyciel akademicki zajmujący się szeroko pojętą inżynierią dźwięku","ciekawy test i poręczna aplikacja",9d5af5fe-919c-4f02-a74b-1e291d5e4b4d,lq_label,S7000,67,243842,
label_test_3,4,nie,tak,HD650,55,inny,"nauczyciel akademicki zajmujący się szeroko pojętą inżynierią dźwięku","ciekawy test i poręczna aplikacja",9d5af5fe-919c-4f02-a74b-1e291d5e4b4d,lq_label,S4000,30,243842,
label_test_3,4,nie,tak,HD650,55,inny,"nauczyciel akademicki zajmujący się szeroko pojętą inżynierią dźwięku","ciekawy test i poręczna aplikacja",9d5af5fe-919c-4f02-a74b-1e291d5e4b4d,lq_label,S10000,100,243842,
label_test_3,4,nie,tak,HD650,55,inny,"nauczyciel akademicki zajmujący się szeroko pojętą inżynierią dźwięku","ciekawy test i poręczna aplikacja",9d5af5fe-919c-4f02-a74b-1e291d5e4b4d,lq_label,S4500,45,214246,
label_test_3,4,nie,tak,HD650,55,inny,"nauczyciel akademicki zajmujący się szeroko pojętą inżynierią dźwięku","ciekawy test i poręczna aplikacja",9d5af5fe-919c-4f02-a74b-1e291d5e4b4d,lq_label,reference,100,214246,
label_test_3,4,nie,tak,HD650,55,inny,"nauczyciel akademicki zajmujący się szeroko pojętą inżynierią dźwięku","ciekawy test i poręczna aplikacja",9d5af5fe-919c-4f02-a74b-1e291d5e4b4d,lq_label,S5500,50,214246,
label_test_3,4,nie,tak,HD650,55,inny,"nauczyciel akademicki zajmujący się szeroko pojętą inżynierią dźwięku","ciekawy test i poręczna aplikacja",9d5af5fe-919c-4f02-a74b-1e291d5e4b4d,lq_label,S8000,59,214246,
label_test_3,4,nie,tak,HD650,55,inny,"nauczyciel akademicki zajmujący się szeroko pojętą inżynierią dźwięku","ciekawy test i poręczna aplikacja",9d5af5fe-919c-4f02-a74b-1e291d5e4b4d,lq_label,S4000,33,214246,
label_test_3,4,nie,tak,HD650,55,inny,"nauczyciel akademicki zajmujący się szeroko pojętą inżynierią dźwięku","ciekawy test i poręczna aplikacja",9d5af5fe-919c-4f02-a74b-1e291d5e4b4d,lq_label,S6500,64,214246,
label_test_3,4,nie,tak,HD650,55,inny,"nauczyciel akademicki zajmujący się szeroko pojętą inżynierią dźwięku","ciekawy test i poręczna aplikacja",9d5af5fe-919c-4f02-a74b-1e291d5e4b4d,lq_label,S3500,28,214246,
label_test_3,4,nie,tak,HD650,55,inny,"nauczyciel akademicki zajmujący się szeroko pojętą inżynierią dźwięku","ciekawy test i poręczna aplikacja",9d5af5fe-919c-4f02-a74b-1e291d5e4b4d,lq_label,S7000,67,214246,
label_test_3,4,nie,tak,HD650,55,inny,"nauczyciel akademicki zajmujący się szeroko pojętą inżynierią dźwięku","ciekawy test i poręczna aplikacja",9d5af5fe-919c-4f02-a74b-1e291d5e4b4d,lq_label,S5000,34,214246,
label_test_3,4,nie,tak,HD650,55,inny,"nauczyciel akademicki zajmujący się szeroko pojętą inżynierią dźwięku","ciekawy test i poręczna aplikacja",9d5af5fe-919c-4f02-a74b-1e291d5e4b4d,lq_label,S6000,52,214246,
label_test_3,4,nie,tak,HD650,55,inny,"nauczyciel akademicki zajmujący się szeroko pojętą inżynierią dźwięku","ciekawy test i poręczna aplikacja",9d5af5fe-919c-4f02-a74b-1e291d5e4b4d,lq_label,S10000,100,214246,
label_test_3,4,nie,tak,"Focal Clear, Sennheiser HD800",25,inny,"Inżynier RnD - tematyka związana z technologią audio","Zbyt duża różnica próbki referencyjnej do pozostałych, a te pozostałe tworzyły kilka grup/klastrów podobnej jakości, a ciekawym byłoby porownanie próbek w obrembie takiej grupy/klastru. Przykład: część probek oceniona u mnie w zakresie 20-40 mogłaby stanowić osobne badanie - podobnie zakres 0-20.",2623c5c3-ae66-44b6-8bcd-4b32ca7954bd,trening,S6500,30,200877,
label_test_3,4,nie,tak,"Focal Clear, Sennheiser HD800",25,inny,"Inżynier RnD - tematyka związana z technologią audio","Zbyt duża różnica próbki referencyjnej do pozostałych, a te pozostałe tworzyły kilka grup/klastrów podobnej jakości, a ciekawym byłoby porownanie próbek w obrembie takiej grupy/klastru. Przykład: część probek oceniona u mnie w zakresie 20-40 mogłaby stanowić osobne badanie - podobnie zakres 0-20.",2623c5c3-ae66-44b6-8bcd-4b32ca7954bd,trening,S6000,15,200877,
label_test_3,4,nie,tak,"Focal Clear, Sennheiser HD800",25,inny,"Inżynier RnD - tematyka związana z technologią audio","Zbyt duża różnica próbki referencyjnej do pozostałych, a te pozostałe tworzyły kilka grup/klastrów podobnej jakości, a ciekawym byłoby porownanie próbek w obrembie takiej grupy/klastru. Przykład: część probek oceniona u mnie w zakresie 20-40 mogłaby stanowić osobne badanie - podobnie zakres 0-20.",2623c5c3-ae66-44b6-8bcd-4b32ca7954bd,trening,S3500,0,200877,
label_test_3,4,nie,tak,"Focal Clear, Sennheiser HD800",25,inny,"Inżynier RnD - tematyka związana z technologią audio","Zbyt duża różnica próbki referencyjnej do pozostałych, a te pozostałe tworzyły kilka grup/klastrów podobnej jakości, a ciekawym byłoby porownanie próbek w obrembie takiej grupy/klastru. Przykład: część probek oceniona u mnie w zakresie 20-40 mogłaby stanowić osobne badanie - podobnie zakres 0-20.",2623c5c3-ae66-44b6-8bcd-4b32ca7954bd,trening,S8000,50,200877,
label_test_3,4,nie,tak,"Focal Clear, Sennheiser HD800",25,inny,"Inżynier RnD - tematyka związana z technologią audio","Zbyt duża różnica próbki referencyjnej do pozostałych, a te pozostałe tworzyły kilka grup/klastrów podobnej jakości, a ciekawym byłoby porownanie próbek w obrembie takiej grupy/klastru. Przykład: część probek oceniona u mnie w zakresie 20-40 mogłaby stanowić osobne badanie - podobnie zakres 0-20.",2623c5c3-ae66-44b6-8bcd-4b32ca7954bd,trening,S4000,5,200877,
label_test_3,4,nie,tak,"Focal Clear, Sennheiser HD800",25,inny,"Inżynier RnD - tematyka związana z technologią audio","Zbyt duża różnica próbki referencyjnej do pozostałych, a te pozostałe tworzyły kilka grup/klastrów podobnej jakości, a ciekawym byłoby porownanie próbek w obrembie takiej grupy/klastru. Przykład: część probek oceniona u mnie w zakresie 20-40 mogłaby stanowić osobne badanie - podobnie zakres 0-20.",2623c5c3-ae66-44b6-8bcd-4b32ca7954bd,trening,S4500,20,200877,
label_test_3,4,nie,tak,"Focal Clear, Sennheiser HD800",25,inny,"Inżynier RnD - tematyka związana z technologią audio","Zbyt duża różnica próbki referencyjnej do pozostałych, a te pozostałe tworzyły kilka grup/klastrów podobnej jakości, a ciekawym byłoby porownanie próbek w obrembie takiej grupy/klastru. Przykład: część probek oceniona u mnie w zakresie 20-40 mogłaby stanowić osobne badanie - podobnie zakres 0-20.",2623c5c3-ae66-44b6-8bcd-4b32ca7954bd,trening,S10000,60,200877,
label_test_3,4,nie,tak,"Focal Clear, Sennheiser HD800",25,inny,"Inżynier RnD - tematyka związana z technologią audio","Zbyt duża różnica próbki referencyjnej do pozostałych, a te pozostałe tworzyły kilka grup/klastrów podobnej jakości, a ciekawym byłoby porownanie próbek w obrembie takiej grupy/klastru. Przykład: część probek oceniona u mnie w zakresie 20-40 mogłaby stanowić osobne badanie - podobnie zakres 0-20.",2623c5c3-ae66-44b6-8bcd-4b32ca7954bd,trening,S5000,21,200877,
label_test_3,4,nie,tak,"Focal Clear, Sennheiser HD800",25,inny,"Inżynier RnD - tematyka związana z technologią audio","Zbyt duża różnica próbki referencyjnej do pozostałych, a te pozostałe tworzyły kilka grup/klastrów podobnej jakości, a ciekawym byłoby porownanie próbek w obrembie takiej grupy/klastru. Przykład: część probek oceniona u mnie w zakresie 20-40 mogłaby stanowić osobne badanie - podobnie zakres 0-20.",2623c5c3-ae66-44b6-8bcd-4b32ca7954bd,trening,reference,100,200877,
label_test_3,4,nie,tak,"Focal Clear, Sennheiser HD800",25,inny,"Inżynier RnD - tematyka związana z technologią audio","Zbyt duża różnica próbki referencyjnej do pozostałych, a te pozostałe tworzyły kilka grup/klastrów podobnej jakości, a ciekawym byłoby porownanie próbek w obrembie takiej grupy/klastru. Przykład: część probek oceniona u mnie w zakresie 20-40 mogłaby stanowić osobne badanie - podobnie zakres 0-20.",2623c5c3-ae66-44b6-8bcd-4b32ca7954bd,trening,S5500,26,200877,
label_test_3,4,nie,tak,"Focal Clear, Sennheiser HD800",25,inny,"Inżynier RnD - tematyka związana z technologią audio","Zbyt duża różnica próbki referencyjnej do pozostałych, a te pozostałe tworzyły kilka grup/klastrów podobnej jakości, a ciekawym byłoby porownanie próbek w obrembie takiej grupy/klastru. Przykład: część probek oceniona u mnie w zakresie 20-40 mogłaby stanowić osobne badanie - podobnie zakres 0-20.",2623c5c3-ae66-44b6-8bcd-4b32ca7954bd,trening,S7000,40,200877,
label_test_3,4,nie,tak,"Focal Clear, Sennheiser HD800",25,inny,"Inżynier RnD - tematyka związana z technologią audio","Zbyt duża różnica próbki referencyjnej do pozostałych, a te pozostałe tworzyły kilka grup/klastrów podobnej jakości, a ciekawym byłoby porownanie próbek w obrembie takiej grupy/klastru. Przykład: część probek oceniona u mnie w zakresie 20-40 mogłaby stanowić osobne badanie - podobnie zakres 0-20.",2623c5c3-ae66-44b6-8bcd-4b32ca7954bd,lq_label,S6000,20,123646,
label_test_3,4,nie,tak,"Focal Clear, Sennheiser HD800",25,inny,"Inżynier RnD - tematyka związana z technologią audio","Zbyt duża różnica próbki referencyjnej do pozostałych, a te pozostałe tworzyły kilka grup/klastrów podobnej jakości, a ciekawym byłoby porownanie próbek w obrembie takiej grupy/klastru. Przykład: część probek oceniona u mnie w zakresie 20-40 mogłaby stanowić osobne badanie - podobnie zakres 0-20.",2623c5c3-ae66-44b6-8bcd-4b32ca7954bd,lq_label,S5000,8,123646,
label_test_3,4,nie,tak,"Focal Clear, Sennheiser HD800",25,inny,"Inżynier RnD - tematyka związana z technologią audio","Zbyt duża różnica próbki referencyjnej do pozostałych, a te pozostałe tworzyły kilka grup/klastrów podobnej jakości, a ciekawym byłoby porownanie próbek w obrembie takiej grupy/klastru. Przykład: część probek oceniona u mnie w zakresie 20-40 mogłaby stanowić osobne badanie - podobnie zakres 0-20.",2623c5c3-ae66-44b6-8bcd-4b32ca7954bd,lq_label,S4000,3,123646,
label_test_3,4,nie,tak,"Focal Clear, Sennheiser HD800",25,inny,"Inżynier RnD - tematyka związana z technologią audio","Zbyt duża różnica próbki referencyjnej do pozostałych, a te pozostałe tworzyły kilka grup/klastrów podobnej jakości, a ciekawym byłoby porownanie próbek w obrembie takiej grupy/klastru. Przykład: część probek oceniona u mnie w zakresie 20-40 mogłaby stanowić osobne badanie - podobnie zakres 0-20.",2623c5c3-ae66-44b6-8bcd-4b32ca7954bd,lq_label,reference,100,123646,
label_test_3,4,nie,tak,"Focal Clear, Sennheiser HD800",25,inny,"Inżynier RnD - tematyka związana z technologią audio","Zbyt duża różnica próbki referencyjnej do pozostałych, a te pozostałe tworzyły kilka grup/klastrów podobnej jakości, a ciekawym byłoby porownanie próbek w obrembie takiej grupy/klastru. Przykład: część probek oceniona u mnie w zakresie 20-40 mogłaby stanowić osobne badanie - podobnie zakres 0-20.",2623c5c3-ae66-44b6-8bcd-4b32ca7954bd,lq_label,S5500,15,123646,
label_test_3,4,nie,tak,"Focal Clear, Sennheiser HD800",25,inny,"Inżynier RnD - tematyka związana z technologią audio","Zbyt duża różnica próbki referencyjnej do pozostałych, a te pozostałe tworzyły kilka grup/klastrów podobnej jakości, a ciekawym byłoby porownanie próbek w obrembie takiej grupy/klastru. Przykład: część probek oceniona u mnie w zakresie 20-40 mogłaby stanowić osobne badanie - podobnie zakres 0-20.",2623c5c3-ae66-44b6-8bcd-4b32ca7954bd,lq_label,S4500,5,123646,
label_test_3,4,nie,tak,"Focal Clear, Sennheiser HD800",25,inny,"Inżynier RnD - tematyka związana z technologią audio","Zbyt duża różnica próbki referencyjnej do pozostałych, a te pozostałe tworzyły kilka grup/klastrów podobnej jakości, a ciekawym byłoby porownanie próbek w obrembie takiej grupy/klastru. Przykład: część probek oceniona u mnie w zakresie 20-40 mogłaby stanowić osobne badanie - podobnie zakres 0-20.",2623c5c3-ae66-44b6-8bcd-4b32ca7954bd,lq_label,S7000,20,123646,
label_test_3,4,nie,tak,"Focal Clear, Sennheiser HD800",25,inny,"Inżynier RnD - tematyka związana z technologią audio","Zbyt duża różnica próbki referencyjnej do pozostałych, a te pozostałe tworzyły kilka grup/klastrów podobnej jakości, a ciekawym byłoby porownanie próbek w obrembie takiej grupy/klastru. Przykład: część probek oceniona u mnie w zakresie 20-40 mogłaby stanowić osobne badanie - podobnie zakres 0-20.",2623c5c3-ae66-44b6-8bcd-4b32ca7954bd,lq_label,S8000,40,123646,
label_test_3,4,nie,tak,"Focal Clear, Sennheiser HD800",25,inny,"Inżynier RnD - tematyka związana z technologią audio","Zbyt duża różnica próbki referencyjnej do pozostałych, a te pozostałe tworzyły kilka grup/klastrów podobnej jakości, a ciekawym byłoby porownanie próbek w obrembie takiej grupy/klastru. Przykład: część probek oceniona u mnie w zakresie 20-40 mogłaby stanowić osobne badanie - podobnie zakres 0-20.",2623c5c3-ae66-44b6-8bcd-4b32ca7954bd,lq_label,S10000,60,123646,
label_test_3,4,nie,tak,"Focal Clear, Sennheiser HD800",25,inny,"Inżynier RnD - tematyka związana z technologią audio","Zbyt duża różnica próbki referencyjnej do pozostałych, a te pozostałe tworzyły kilka grup/klastrów podobnej jakości, a ciekawym byłoby porownanie próbek w obrembie takiej grupy/klastru. Przykład: część probek oceniona u mnie w zakresie 20-40 mogłaby stanowić osobne badanie - podobnie zakres 0-20.",2623c5c3-ae66-44b6-8bcd-4b32ca7954bd,lq_label,S3500,0,123646,
label_test_3,4,nie,tak,"Focal Clear, Sennheiser HD800",25,inny,"Inżynier RnD - tematyka związana z technologią audio","Zbyt duża różnica próbki referencyjnej do pozostałych, a te pozostałe tworzyły kilka grup/klastrów podobnej jakości, a ciekawym byłoby porownanie próbek w obrembie takiej grupy/klastru. Przykład: część probek oceniona u mnie w zakresie 20-40 mogłaby stanowić osobne badanie - podobnie zakres 0-20.",2623c5c3-ae66-44b6-8bcd-4b32ca7954bd,lq_label,S6500,10,123646,
label_test_3,4,nie,tak,"Focal Clear, Sennheiser HD800",25,inny,"Inżynier RnD - tematyka związana z technologią audio","Zbyt duża różnica próbki referencyjnej do pozostałych, a te pozostałe tworzyły kilka grup/klastrów podobnej jakości, a ciekawym byłoby porownanie próbek w obrembie takiej grupy/klastru. Przykład: część probek oceniona u mnie w zakresie 20-40 mogłaby stanowić osobne badanie - podobnie zakres 0-20.",2623c5c3-ae66-44b6-8bcd-4b32ca7954bd,lq_label,S7000,30,193253,
label_test_3,4,nie,tak,"Focal Clear, Sennheiser HD800",25,inny,"Inżynier RnD - tematyka związana z technologią audio","Zbyt duża różnica próbki referencyjnej do pozostałych, a te pozostałe tworzyły kilka grup/klastrów podobnej jakości, a ciekawym byłoby porownanie próbek w obrembie takiej grupy/klastru. Przykład: część probek oceniona u mnie w zakresie 20-40 mogłaby stanowić osobne badanie - podobnie zakres 0-20.",2623c5c3-ae66-44b6-8bcd-4b32ca7954bd,lq_label,reference,100,193253,
label_test_3,4,nie,tak,"Focal Clear, Sennheiser HD800",25,inny,"Inżynier RnD - tematyka związana z technologią audio","Zbyt duża różnica próbki referencyjnej do pozostałych, a te pozostałe tworzyły kilka grup/klastrów podobnej jakości, a ciekawym byłoby porownanie próbek w obrembie takiej grupy/klastru. Przykład: część probek oceniona u mnie w zakresie 20-40 mogłaby stanowić osobne badanie - podobnie zakres 0-20.",2623c5c3-ae66-44b6-8bcd-4b32ca7954bd,lq_label,S3500,0,193253,
label_test_3,4,nie,tak,"Focal Clear, Sennheiser HD800",25,inny,"Inżynier RnD - tematyka związana z technologią audio","Zbyt duża różnica próbki referencyjnej do pozostałych, a te pozostałe tworzyły kilka grup/klastrów podobnej jakości, a ciekawym byłoby porownanie próbek w obrembie takiej grupy/klastru. Przykład: część probek oceniona u mnie w zakresie 20-40 mogłaby stanowić osobne badanie - podobnie zakres 0-20.",2623c5c3-ae66-44b6-8bcd-4b32ca7954bd,lq_label,S6000,20,193253,
label_test_3,4,nie,tak,"Focal Clear, Sennheiser HD800",25,inny,"Inżynier RnD - tematyka związana z technologią audio","Zbyt duża różnica próbki referencyjnej do pozostałych, a te pozostałe tworzyły kilka grup/klastrów podobnej jakości, a ciekawym byłoby porownanie próbek w obrembie takiej grupy/klastru. Przykład: część probek oceniona u mnie w zakresie 20-40 mogłaby stanowić osobne badanie - podobnie zakres 0-20.",2623c5c3-ae66-44b6-8bcd-4b32ca7954bd,lq_label,S6500,26,193253,
label_test_3,4,nie,tak,"Focal Clear, Sennheiser HD800",25,inny,"Inżynier RnD - tematyka związana z technologią audio","Zbyt duża różnica próbki referencyjnej do pozostałych, a te pozostałe tworzyły kilka grup/klastrów podobnej jakości, a ciekawym byłoby porownanie próbek w obrembie takiej grupy/klastru. Przykład: część probek oceniona u mnie w zakresie 20-40 mogłaby stanowić osobne badanie - podobnie zakres 0-20.",2623c5c3-ae66-44b6-8bcd-4b32ca7954bd,lq_label,S10000,60,193253,
label_test_3,4,nie,tak,"Focal Clear, Sennheiser HD800",25,inny,"Inżynier RnD - tematyka związana z technologią audio","Zbyt duża różnica próbki referencyjnej do pozostałych, a te pozostałe tworzyły kilka grup/klastrów podobnej jakości, a ciekawym byłoby porownanie próbek w obrembie takiej grupy/klastru. Przykład: część probek oceniona u mnie w zakresie 20-40 mogłaby stanowić osobne badanie - podobnie zakres 0-20.",2623c5c3-ae66-44b6-8bcd-4b32ca7954bd,lq_label,S5000,7,193253,
label_test_3,4,nie,tak,"Focal Clear, Sennheiser HD800",25,inny,"Inżynier RnD - tematyka związana z technologią audio","Zbyt duża różnica próbki referencyjnej do pozostałych, a te pozostałe tworzyły kilka grup/klastrów podobnej jakości, a ciekawym byłoby porownanie próbek w obrembie takiej grupy/klastru. Przykład: część probek oceniona u mnie w zakresie 20-40 mogłaby stanowić osobne badanie - podobnie zakres 0-20.",2623c5c3-ae66-44b6-8bcd-4b32ca7954bd,lq_label,S4500,3,193253,
label_test_3,4,nie,tak,"Focal Clear, Sennheiser HD800",25,inny,"Inżynier RnD - tematyka związana z technologią audio","Zbyt duża różnica próbki referencyjnej do pozostałych, a te pozostałe tworzyły kilka grup/klastrów podobnej jakości, a ciekawym byłoby porownanie próbek w obrembie takiej grupy/klastru. Przykład: część probek oceniona u mnie w zakresie 20-40 mogłaby stanowić osobne badanie - podobnie zakres 0-20.",2623c5c3-ae66-44b6-8bcd-4b32ca7954bd,lq_label,S4000,2,193253,
label_test_3,4,nie,tak,"Focal Clear, Sennheiser HD800",25,inny,"Inżynier RnD - tematyka związana z technologią audio","Zbyt duża różnica próbki referencyjnej do pozostałych, a te pozostałe tworzyły kilka grup/klastrów podobnej jakości, a ciekawym byłoby porownanie próbek w obrembie takiej grupy/klastru. Przykład: część probek oceniona u mnie w zakresie 20-40 mogłaby stanowić osobne badanie - podobnie zakres 0-20.",2623c5c3-ae66-44b6-8bcd-4b32ca7954bd,lq_label,S5500,17,193253,
label_test_3,4,nie,tak,"Focal Clear, Sennheiser HD800",25,inny,"Inżynier RnD - tematyka związana z technologią audio","Zbyt duża różnica próbki referencyjnej do pozostałych, a te pozostałe tworzyły kilka grup/klastrów podobnej jakości, a ciekawym byłoby porownanie próbek w obrembie takiej grupy/klastru. Przykład: część probek oceniona u mnie w zakresie 20-40 mogłaby stanowić osobne badanie - podobnie zakres 0-20.",2623c5c3-ae66-44b6-8bcd-4b32ca7954bd,lq_label,S8000,40,193253,
label_test_3,5,nie,tak,"Sennheiser HD600",35,inny,"Inżynier badawczy dźwięku",,679c2721-e3f5-4130-b424-71631a468210,trening,S8700,41,183666,
label_test_3,5,nie,tak,"Sennheiser HD600",35,inny,"Inżynier badawczy dźwięku",,679c2721-e3f5-4130-b424-71631a468210,trening,S8000,42,183666,
label_test_3,5,nie,tak,"Sennheiser HD600",35,inny,"Inżynier badawczy dźwięku",,679c2721-e3f5-4130-b424-71631a468210,trening,S10000,70,183666,
label_test_3,5,nie,tak,"Sennheiser HD600",35,inny,"Inżynier badawczy dźwięku",,679c2721-e3f5-4130-b424-71631a468210,trening,S5500,14,183666,
label_test_3,5,nie,tak,"Sennheiser HD600",35,inny,"Inżynier badawczy dźwięku",,679c2721-e3f5-4130-b424-71631a468210,trening,S9300,63,183666,
label_test_3,5,nie,tak,"Sennheiser HD600",35,inny,"Inżynier badawczy dźwięku",,679c2721-e3f5-4130-b424-71631a468210,trening,reference,100,183666,
label_test_3,5,nie,tak,"Sennheiser HD600",35,inny,"Inżynier badawczy dźwięku",,679c2721-e3f5-4130-b424-71631a468210,trening,S3500,3,183666,
label_test_3,5,nie,tak,"Sennheiser HD600",35,inny,"Inżynier badawczy dźwięku",,679c2721-e3f5-4130-b424-71631a468210,trening,S7000,21,183666,
label_test_3,5,nie,tak,"Sennheiser HD600",35,inny,"Inżynier badawczy dźwięku",,679c2721-e3f5-4130-b424-71631a468210,trening,S11300,78,183666,
label_test_3,5,nie,tak,"Sennheiser HD600",35,inny,"Inżynier badawczy dźwięku",,679c2721-e3f5-4130-b424-71631a468210,trening,S10700,81,183666,
label_test_3,5,nie,tak,"Sennheiser HD600",35,inny,"Inżynier badawczy dźwięku",,679c2721-e3f5-4130-b424-71631a468210,trening,S12000,88,183666,
label_test_3,5,nie,tak,"Sennheiser HD600",35,inny,"Inżynier badawczy dźwięku",,679c2721-e3f5-4130-b424-71631a468210,hq_no_label,S3500,15,155277,
label_test_3,5,nie,tak,"Sennheiser HD600",35,inny,"Inżynier badawczy dźwięku",,679c2721-e3f5-4130-b424-71631a468210,hq_no_label,S11300,86,155277,
label_test_3,5,nie,tak,"Sennheiser HD600",35,inny,"Inżynier badawczy dźwięku",,679c2721-e3f5-4130-b424-71631a468210,hq_no_label,S5500,20,155277,
label_test_3,5,nie,tak,"Sennheiser HD600",35,inny,"Inżynier badawczy dźwięku",,679c2721-e3f5-4130-b424-71631a468210,hq_no_label,S8700,77,155277,
label_test_3,5,nie,tak,"Sennheiser HD600",35,inny,"Inżynier badawczy dźwięku",,679c2721-e3f5-4130-b424-71631a468210,hq_no_label,S12000,91,155277,
label_test_3,5,nie,tak,"Sennheiser HD600",35,inny,"Inżynier badawczy dźwięku",,679c2721-e3f5-4130-b424-71631a468210,hq_no_label,S9300,79,155277,
label_test_3,5,nie,tak,"Sennheiser HD600",35,inny,"Inżynier badawczy dźwięku",,679c2721-e3f5-4130-b424-71631a468210,hq_no_label,S8000,71,155277,
label_test_3,5,nie,tak,"Sennheiser HD600",35,inny,"Inżynier badawczy dźwięku",,679c2721-e3f5-4130-b424-71631a468210,hq_no_label,S10700,87,155277,
label_test_3,5,nie,tak,"Sennheiser HD600",35,inny,"Inżynier badawczy dźwięku",,679c2721-e3f5-4130-b424-71631a468210,hq_no_label,S7000,41,155277,
label_test_3,5,nie,tak,"Sennheiser HD600",35,inny,"Inżynier badawczy dźwięku",,679c2721-e3f5-4130-b424-71631a468210,hq_no_label,S10000,85,155277,
label_test_3,5,nie,tak,"Sennheiser HD600",35,inny,"Inżynier badawczy dźwięku",,679c2721-e3f5-4130-b424-71631a468210,hq_no_label,reference,100,155277,
label_test_3,5,nie,tak,"Sennheiser HD600",35,inny,"Inżynier badawczy dźwięku",,679c2721-e3f5-4130-b424-71631a468210,hq_no_label,S9300,61,171973,
label_test_3,5,nie,tak,"Sennheiser HD600",35,inny,"Inżynier badawczy dźwięku",,679c2721-e3f5-4130-b424-71631a468210,hq_no_label,S12000,90,171973,
label_test_3,5,nie,tak,"Sennheiser HD600",35,inny,"Inżynier badawczy dźwięku",,679c2721-e3f5-4130-b424-71631a468210,hq_no_label,S5500,9,171973,
label_test_3,5,nie,tak,"Sennheiser HD600",35,inny,"Inżynier badawczy dźwięku",,679c2721-e3f5-4130-b424-71631a468210,hq_no_label,S8700,21,171973,
label_test_3,5,nie,tak,"Sennheiser HD600",35,inny,"Inżynier badawczy dźwięku",,679c2721-e3f5-4130-b424-71631a468210,hq_no_label,S8000,49,171973,
label_test_3,5,nie,tak,"Sennheiser HD600",35,inny,"Inżynier badawczy dźwięku",,679c2721-e3f5-4130-b424-71631a468210,hq_no_label,S10000,53,171973,
label_test_3,5,nie,tak,"Sennheiser HD600",35,inny,"Inżynier badawczy dźwięku",,679c2721-e3f5-4130-b424-71631a468210,hq_no_label,S7000,14,171973,
label_test_3,5,nie,tak,"Sennheiser HD600",35,inny,"Inżynier badawczy dźwięku",,679c2721-e3f5-4130-b424-71631a468210,hq_no_label,S11300,88,171973,
label_test_3,5,nie,tak,"Sennheiser HD600",35,inny,"Inżynier badawczy dźwięku",,679c2721-e3f5-4130-b424-71631a468210,hq_no_label,S10700,88,171973,
label_test_3,5,nie,tak,"Sennheiser HD600",35,inny,"Inżynier badawczy dźwięku",,679c2721-e3f5-4130-b424-71631a468210,hq_no_label,S3500,4,171973,
label_test_3,5,nie,tak,"Sennheiser HD600",35,inny,"Inżynier badawczy dźwięku",,679c2721-e3f5-4130-b424-71631a468210,hq_no_label,reference,100,171973,
label_test_3,4,nie,tak,"Beyerdynamic DT770",55,inny,"wykładowca inżynierii dźwięku","tekst włączył się dopiero za 4 razem; brak wyraźnego opisu, że ekran z ""filmem"" jest tylko ilustracją - użytkownik próbuje włączać odtwarzanie; niejasność w opisie - ""odniesienie"" jest tylko pod klaiwszem ""odniesienie"", czy też jedną (wieloma) z ocenianych opcji; ",fcfbf12f-3e6d-452a-b0eb-38d3ee90805d,trening,reference,100,383083,
label_test_3,4,nie,tak,"Beyerdynamic DT770",55,inny,"wykładowca inżynierii dźwięku","tekst włączył się dopiero za 4 razem; brak wyraźnego opisu, że ekran z ""filmem"" jest tylko ilustracją - użytkownik próbuje włączać odtwarzanie; niejasność w opisie - ""odniesienie"" jest tylko pod klaiwszem ""odniesienie"", czy też jedną (wieloma) z ocenianych opcji; ",fcfbf12f-3e6d-452a-b0eb-38d3ee90805d,trening,S5500,60,383083,
label_test_3,4,nie,tak,"Beyerdynamic DT770",55,inny,"wykładowca inżynierii dźwięku","tekst włączył się dopiero za 4 razem; brak wyraźnego opisu, że ekran z ""filmem"" jest tylko ilustracją - użytkownik próbuje włączać odtwarzanie; niejasność w opisie - ""odniesienie"" jest tylko pod klaiwszem ""odniesienie"", czy też jedną (wieloma) z ocenianych opcji; ",fcfbf12f-3e6d-452a-b0eb-38d3ee90805d,trening,S10000,100,383083,
label_test_3,4,nie,tak,"Beyerdynamic DT770",55,inny,"wykładowca inżynierii dźwięku","tekst włączył się dopiero za 4 razem; brak wyraźnego opisu, że ekran z ""filmem"" jest tylko ilustracją - użytkownik próbuje włączać odtwarzanie; niejasność w opisie - ""odniesienie"" jest tylko pod klaiwszem ""odniesienie"", czy też jedną (wieloma) z ocenianych opcji; ",fcfbf12f-3e6d-452a-b0eb-38d3ee90805d,trening,S8000,100,383083,
label_test_3,4,nie,tak,"Beyerdynamic DT770",55,inny,"wykładowca inżynierii dźwięku","tekst włączył się dopiero za 4 razem; brak wyraźnego opisu, że ekran z ""filmem"" jest tylko ilustracją - użytkownik próbuje włączać odtwarzanie; niejasność w opisie - ""odniesienie"" jest tylko pod klaiwszem ""odniesienie"", czy też jedną (wieloma) z ocenianych opcji; ",fcfbf12f-3e6d-452a-b0eb-38d3ee90805d,trening,S11300,100,383083,
label_test_3,4,nie,tak,"Beyerdynamic DT770",55,inny,"wykładowca inżynierii dźwięku","tekst włączył się dopiero za 4 razem; brak wyraźnego opisu, że ekran z ""filmem"" jest tylko ilustracją - użytkownik próbuje włączać odtwarzanie; niejasność w opisie - ""odniesienie"" jest tylko pod klaiwszem ""odniesienie"", czy też jedną (wieloma) z ocenianych opcji; ",fcfbf12f-3e6d-452a-b0eb-38d3ee90805d,trening,S3500,21,383083,
label_test_3,4,nie,tak,"Beyerdynamic DT770",55,inny,"wykładowca inżynierii dźwięku","tekst włączył się dopiero za 4 razem; brak wyraźnego opisu, że ekran z ""filmem"" jest tylko ilustracją - użytkownik próbuje włączać odtwarzanie; niejasność w opisie - ""odniesienie"" jest tylko pod klaiwszem ""odniesienie"", czy też jedną (wieloma) z ocenianych opcji; ",fcfbf12f-3e6d-452a-b0eb-38d3ee90805d,trening,S9300,100,383083,
label_test_3,4,nie,tak,"Beyerdynamic DT770",55,inny,"wykładowca inżynierii dźwięku","tekst włączył się dopiero za 4 razem; brak wyraźnego opisu, że ekran z ""filmem"" jest tylko ilustracją - użytkownik próbuje włączać odtwarzanie; niejasność w opisie - ""odniesienie"" jest tylko pod klaiwszem ""odniesienie"", czy też jedną (wieloma) z ocenianych opcji; ",fcfbf12f-3e6d-452a-b0eb-38d3ee90805d,trening,S10700,100,383083,
label_test_3,4,nie,tak,"Beyerdynamic DT770",55,inny,"wykładowca inżynierii dźwięku","tekst włączył się dopiero za 4 razem; brak wyraźnego opisu, że ekran z ""filmem"" jest tylko ilustracją - użytkownik próbuje włączać odtwarzanie; niejasność w opisie - ""odniesienie"" jest tylko pod klaiwszem ""odniesienie"", czy też jedną (wieloma) z ocenianych opcji; ",fcfbf12f-3e6d-452a-b0eb-38d3ee90805d,trening,S8700,100,383083,
label_test_3,4,nie,tak,"Beyerdynamic DT770",55,inny,"wykładowca inżynierii dźwięku","tekst włączył się dopiero za 4 razem; brak wyraźnego opisu, że ekran z ""filmem"" jest tylko ilustracją - użytkownik próbuje włączać odtwarzanie; niejasność w opisie - ""odniesienie"" jest tylko pod klaiwszem ""odniesienie"", czy też jedną (wieloma) z ocenianych opcji; ",fcfbf12f-3e6d-452a-b0eb-38d3ee90805d,trening,S7000,100,383083,
label_test_3,4,nie,tak,"Beyerdynamic DT770",55,inny,"wykładowca inżynierii dźwięku","tekst włączył się dopiero za 4 razem; brak wyraźnego opisu, że ekran z ""filmem"" jest tylko ilustracją - użytkownik próbuje włączać odtwarzanie; niejasność w opisie - ""odniesienie"" jest tylko pod klaiwszem ""odniesienie"", czy też jedną (wieloma) z ocenianych opcji; ",fcfbf12f-3e6d-452a-b0eb-38d3ee90805d,trening,S12000,100,383083,
label_test_3,4,nie,tak,"Beyerdynamic DT770",55,inny,"wykładowca inżynierii dźwięku","tekst włączył się dopiero za 4 razem; brak wyraźnego opisu, że ekran z ""filmem"" jest tylko ilustracją - użytkownik próbuje włączać odtwarzanie; niejasność w opisie - ""odniesienie"" jest tylko pod klaiwszem ""odniesienie"", czy też jedną (wieloma) z ocenianych opcji; ",fcfbf12f-3e6d-452a-b0eb-38d3ee90805d,hq_no_label,S10000,100,125112,
label_test_3,4,nie,tak,"Beyerdynamic DT770",55,inny,"wykładowca inżynierii dźwięku","tekst włączył się dopiero za 4 razem; brak wyraźnego opisu, że ekran z ""filmem"" jest tylko ilustracją - użytkownik próbuje włączać odtwarzanie; niejasność w opisie - ""odniesienie"" jest tylko pod klaiwszem ""odniesienie"", czy też jedną (wieloma) z ocenianych opcji; ",fcfbf12f-3e6d-452a-b0eb-38d3ee90805d,hq_no_label,S5500,40,125112,
label_test_3,4,nie,tak,"Beyerdynamic DT770",55,inny,"wykładowca inżynierii dźwięku","tekst włączył się dopiero za 4 razem; brak wyraźnego opisu, że ekran z ""filmem"" jest tylko ilustracją - użytkownik próbuje włączać odtwarzanie; niejasność w opisie - ""odniesienie"" jest tylko pod klaiwszem ""odniesienie"", czy też jedną (wieloma) z ocenianych opcji; ",fcfbf12f-3e6d-452a-b0eb-38d3ee90805d,hq_no_label,S8000,100,125112,
label_test_3,4,nie,tak,"Beyerdynamic DT770",55,inny,"wykładowca inżynierii dźwięku","tekst włączył się dopiero za 4 razem; brak wyraźnego opisu, że ekran z ""filmem"" jest tylko ilustracją - użytkownik próbuje włączać odtwarzanie; niejasność w opisie - ""odniesienie"" jest tylko pod klaiwszem ""odniesienie"", czy też jedną (wieloma) z ocenianych opcji; ",fcfbf12f-3e6d-452a-b0eb-38d3ee90805d,hq_no_label,reference,100,125112,
label_test_3,4,nie,tak,"Beyerdynamic DT770",55,inny,"wykładowca inżynierii dźwięku","tekst włączył się dopiero za 4 razem; brak wyraźnego opisu, że ekran z ""filmem"" jest tylko ilustracją - użytkownik próbuje włączać odtwarzanie; niejasność w opisie - ""odniesienie"" jest tylko pod klaiwszem ""odniesienie"", czy też jedną (wieloma) z ocenianych opcji; ",fcfbf12f-3e6d-452a-b0eb-38d3ee90805d,hq_no_label,S11300,100,125112,
label_test_3,4,nie,tak,"Beyerdynamic DT770",55,inny,"wykładowca inżynierii dźwięku","tekst włączył się dopiero za 4 razem; brak wyraźnego opisu, że ekran z ""filmem"" jest tylko ilustracją - użytkownik próbuje włączać odtwarzanie; niejasność w opisie - ""odniesienie"" jest tylko pod klaiwszem ""odniesienie"", czy też jedną (wieloma) z ocenianych opcji; ",fcfbf12f-3e6d-452a-b0eb-38d3ee90805d,hq_no_label,S8700,100,125112,
label_test_3,4,nie,tak,"Beyerdynamic DT770",55,inny,"wykładowca inżynierii dźwięku","tekst włączył się dopiero za 4 razem; brak wyraźnego opisu, że ekran z ""filmem"" jest tylko ilustracją - użytkownik próbuje włączać odtwarzanie; niejasność w opisie - ""odniesienie"" jest tylko pod klaiwszem ""odniesienie"", czy też jedną (wieloma) z ocenianych opcji; ",fcfbf12f-3e6d-452a-b0eb-38d3ee90805d,hq_no_label,S10700,100,125112,
label_test_3,4,nie,tak,"Beyerdynamic DT770",55,inny,"wykładowca inżynierii dźwięku","tekst włączył się dopiero za 4 razem; brak wyraźnego opisu, że ekran z ""filmem"" jest tylko ilustracją - użytkownik próbuje włączać odtwarzanie; niejasność w opisie - ""odniesienie"" jest tylko pod klaiwszem ""odniesienie"", czy też jedną (wieloma) z ocenianych opcji; ",fcfbf12f-3e6d-452a-b0eb-38d3ee90805d,hq_no_label,S3500,12,125112,
label_test_3,4,nie,tak,"Beyerdynamic DT770",55,inny,"wykładowca inżynierii dźwięku","tekst włączył się dopiero za 4 razem; brak wyraźnego opisu, że ekran z ""filmem"" jest tylko ilustracją - użytkownik próbuje włączać odtwarzanie; niejasność w opisie - ""odniesienie"" jest tylko pod klaiwszem ""odniesienie"", czy też jedną (wieloma) z ocenianych opcji; ",fcfbf12f-3e6d-452a-b0eb-38d3ee90805d,hq_no_label,S9300,100,125112,
label_test_3,4,nie,tak,"Beyerdynamic DT770",55,inny,"wykładowca inżynierii dźwięku","tekst włączył się dopiero za 4 razem; brak wyraźnego opisu, że ekran z ""filmem"" jest tylko ilustracją - użytkownik próbuje włączać odtwarzanie; niejasność w opisie - ""odniesienie"" jest tylko pod klaiwszem ""odniesienie"", czy też jedną (wieloma) z ocenianych opcji; ",fcfbf12f-3e6d-452a-b0eb-38d3ee90805d,hq_no_label,S7000,100,125112,
label_test_3,4,nie,tak,"Beyerdynamic DT770",55,inny,"wykładowca inżynierii dźwięku","tekst włączył się dopiero za 4 razem; brak wyraźnego opisu, że ekran z ""filmem"" jest tylko ilustracją - użytkownik próbuje włączać odtwarzanie; niejasność w opisie - ""odniesienie"" jest tylko pod klaiwszem ""odniesienie"", czy też jedną (wieloma) z ocenianych opcji; ",fcfbf12f-3e6d-452a-b0eb-38d3ee90805d,hq_no_label,S12000,100,125112,
label_test_3,4,nie,tak,"Beyerdynamic DT770",55,inny,"wykładowca inżynierii dźwięku","tekst włączył się dopiero za 4 razem; brak wyraźnego opisu, że ekran z ""filmem"" jest tylko ilustracją - użytkownik próbuje włączać odtwarzanie; niejasność w opisie - ""odniesienie"" jest tylko pod klaiwszem ""odniesienie"", czy też jedną (wieloma) z ocenianych opcji; ",fcfbf12f-3e6d-452a-b0eb-38d3ee90805d,hq_no_label,S12000,100,3389148,
label_test_3,4,nie,tak,"Beyerdynamic DT770",55,inny,"wykładowca inżynierii dźwięku","tekst włączył się dopiero za 4 razem; brak wyraźnego opisu, że ekran z ""filmem"" jest tylko ilustracją - użytkownik próbuje włączać odtwarzanie; niejasność w opisie - ""odniesienie"" jest tylko pod klaiwszem ""odniesienie"", czy też jedną (wieloma) z ocenianych opcji; ",fcfbf12f-3e6d-452a-b0eb-38d3ee90805d,hq_no_label,S3500,36,3389148,
label_test_3,4,nie,tak,"Beyerdynamic DT770",55,inny,"wykładowca inżynierii dźwięku","tekst włączył się dopiero za 4 razem; brak wyraźnego opisu, że ekran z ""filmem"" jest tylko ilustracją - użytkownik próbuje włączać odtwarzanie; niejasność w opisie - ""odniesienie"" jest tylko pod klaiwszem ""odniesienie"", czy też jedną (wieloma) z ocenianych opcji; ",fcfbf12f-3e6d-452a-b0eb-38d3ee90805d,hq_no_label,S10000,100,3389148,
label_test_3,4,nie,tak,"Beyerdynamic DT770",55,inny,"wykładowca inżynierii dźwięku","tekst włączył się dopiero za 4 razem; brak wyraźnego opisu, że ekran z ""filmem"" jest tylko ilustracją - użytkownik próbuje włączać odtwarzanie; niejasność w opisie - ""odniesienie"" jest tylko pod klaiwszem ""odniesienie"", czy też jedną (wieloma) z ocenianych opcji; ",fcfbf12f-3e6d-452a-b0eb-38d3ee90805d,hq_no_label,S8000,100,3389148,
label_test_3,4,nie,tak,"Beyerdynamic DT770",55,inny,"wykładowca inżynierii dźwięku","tekst włączył się dopiero za 4 razem; brak wyraźnego opisu, że ekran z ""filmem"" jest tylko ilustracją - użytkownik próbuje włączać odtwarzanie; niejasność w opisie - ""odniesienie"" jest tylko pod klaiwszem ""odniesienie"", czy też jedną (wieloma) z ocenianych opcji; ",fcfbf12f-3e6d-452a-b0eb-38d3ee90805d,hq_no_label,S10700,100,3389148,
label_test_3,4,nie,tak,"Beyerdynamic DT770",55,inny,"wykładowca inżynierii dźwięku","tekst włączył się dopiero za 4 razem; brak wyraźnego opisu, że ekran z ""filmem"" jest tylko ilustracją - użytkownik próbuje włączać odtwarzanie; niejasność w opisie - ""odniesienie"" jest tylko pod klaiwszem ""odniesienie"", czy też jedną (wieloma) z ocenianych opcji; ",fcfbf12f-3e6d-452a-b0eb-38d3ee90805d,hq_no_label,S5500,68,3389148,
label_test_3,4,nie,tak,"Beyerdynamic DT770",55,inny,"wykładowca inżynierii dźwięku","tekst włączył się dopiero za 4 razem; brak wyraźnego opisu, że ekran z ""filmem"" jest tylko ilustracją - użytkownik próbuje włączać odtwarzanie; niejasność w opisie - ""odniesienie"" jest tylko pod klaiwszem ""odniesienie"", czy też jedną (wieloma) z ocenianych opcji; ",fcfbf12f-3e6d-452a-b0eb-38d3ee90805d,hq_no_label,S11300,100,3389148,
label_test_3,4,nie,tak,"Beyerdynamic DT770",55,inny,"wykładowca inżynierii dźwięku","tekst włączył się dopiero za 4 razem; brak wyraźnego opisu, że ekran z ""filmem"" jest tylko ilustracją - użytkownik próbuje włączać odtwarzanie; niejasność w opisie - ""odniesienie"" jest tylko pod klaiwszem ""odniesienie"", czy też jedną (wieloma) z ocenianych opcji; ",fcfbf12f-3e6d-452a-b0eb-38d3ee90805d,hq_no_label,reference,100,3389148,
label_test_3,4,nie,tak,"Beyerdynamic DT770",55,inny,"wykładowca inżynierii dźwięku","tekst włączył się dopiero za 4 razem; brak wyraźnego opisu, że ekran z ""filmem"" jest tylko ilustracją - użytkownik próbuje włączać odtwarzanie; niejasność w opisie - ""odniesienie"" jest tylko pod klaiwszem ""odniesienie"", czy też jedną (wieloma) z ocenianych opcji; ",fcfbf12f-3e6d-452a-b0eb-38d3ee90805d,hq_no_label,S7000,100,3389148,
label_test_3,4,nie,tak,"Beyerdynamic DT770",55,inny,"wykładowca inżynierii dźwięku","tekst włączył się dopiero za 4 razem; brak wyraźnego opisu, że ekran z ""filmem"" jest tylko ilustracją - użytkownik próbuje włączać odtwarzanie; niejasność w opisie - ""odniesienie"" jest tylko pod klaiwszem ""odniesienie"", czy też jedną (wieloma) z ocenianych opcji; ",fcfbf12f-3e6d-452a-b0eb-38d3ee90805d,hq_no_label,S9300,100,3389148,
label_test_3,4,nie,tak,"Beyerdynamic DT770",55,inny,"wykładowca inżynierii dźwięku","tekst włączył się dopiero za 4 razem; brak wyraźnego opisu, że ekran z ""filmem"" jest tylko ilustracją - użytkownik próbuje włączać odtwarzanie; niejasność w opisie - ""odniesienie"" jest tylko pod klaiwszem ""odniesienie"", czy też jedną (wieloma) z ocenianych opcji; ",fcfbf12f-3e6d-452a-b0eb-38d3ee90805d,hq_no_label,S8700,100,3389148,
label_test_3,4,tak,tak,DT990,35,doktorant,,"Bardzo dobrze skonstruowany test, czasem było ciężko porównać ścieżki które miały zawężone pasmo z tymi o szerszym paśmie w zakresie wysokich częstotliwości, ale z wyraźnie słyszalnymi zniekształceniami dźwięku. Ilustrując na przykładzie dźwięku hi-hatu... czy dźwięk o wyższej jakości to ten gdzie go słychać, ale jest zniekształcony, czy też gdy nie słychać tego instrumentu wcale. Jako uzupełnienie do pytania o problemy ze słuchem - cierpię na tinnitus.",1d72dc97-3e1c-493b-a6c6-c4f425454f3c,trening,S10700,64,534219,
label_test_3,4,tak,tak,DT990,35,doktorant,,"Bardzo dobrze skonstruowany test, czasem było ciężko porównać ścieżki które miały zawężone pasmo z tymi o szerszym paśmie w zakresie wysokich częstotliwości, ale z wyraźnie słyszalnymi zniekształceniami dźwięku. Ilustrując na przykładzie dźwięku hi-hatu... czy dźwięk o wyższej jakości to ten gdzie go słychać, ale jest zniekształcony, czy też gdy nie słychać tego instrumentu wcale. Jako uzupełnienie do pytania o problemy ze słuchem - cierpię na tinnitus.",1d72dc97-3e1c-493b-a6c6-c4f425454f3c,trening,S7000,20,534219,
label_test_3,4,tak,tak,DT990,35,doktorant,,"Bardzo dobrze skonstruowany test, czasem było ciężko porównać ścieżki które miały zawężone pasmo z tymi o szerszym paśmie w zakresie wysokich częstotliwości, ale z wyraźnie słyszalnymi zniekształceniami dźwięku. Ilustrując na przykładzie dźwięku hi-hatu... czy dźwięk o wyższej jakości to ten gdzie go słychać, ale jest zniekształcony, czy też gdy nie słychać tego instrumentu wcale. Jako uzupełnienie do pytania o problemy ze słuchem - cierpię na tinnitus.",1d72dc97-3e1c-493b-a6c6-c4f425454f3c,trening,reference,100,534219,
label_test_3,4,tak,tak,DT990,35,doktorant,,"Bardzo dobrze skonstruowany test, czasem było ciężko porównać ścieżki które miały zawężone pasmo z tymi o szerszym paśmie w zakresie wysokich częstotliwości, ale z wyraźnie słyszalnymi zniekształceniami dźwięku. Ilustrując na przykładzie dźwięku hi-hatu... czy dźwięk o wyższej jakości to ten gdzie go słychać, ale jest zniekształcony, czy też gdy nie słychać tego instrumentu wcale. Jako uzupełnienie do pytania o problemy ze słuchem - cierpię na tinnitus.",1d72dc97-3e1c-493b-a6c6-c4f425454f3c,trening,S8000,24,534219,
label_test_3,4,tak,tak,DT990,35,doktorant,,"Bardzo dobrze skonstruowany test, czasem było ciężko porównać ścieżki które miały zawężone pasmo z tymi o szerszym paśmie w zakresie wysokich częstotliwości, ale z wyraźnie słyszalnymi zniekształceniami dźwięku. Ilustrując na przykładzie dźwięku hi-hatu... czy dźwięk o wyższej jakości to ten gdzie go słychać, ale jest zniekształcony, czy też gdy nie słychać tego instrumentu wcale. Jako uzupełnienie do pytania o problemy ze słuchem - cierpię na tinnitus.",1d72dc97-3e1c-493b-a6c6-c4f425454f3c,trening,S11300,71,534219,
label_test_3,4,tak,tak,DT990,35,doktorant,,"Bardzo dobrze skonstruowany test, czasem było ciężko porównać ścieżki które miały zawężone pasmo z tymi o szerszym paśmie w zakresie wysokich częstotliwości, ale z wyraźnie słyszalnymi zniekształceniami dźwięku. Ilustrując na przykładzie dźwięku hi-hatu... czy dźwięk o wyższej jakości to ten gdzie go słychać, ale jest zniekształcony, czy też gdy nie słychać tego instrumentu wcale. Jako uzupełnienie do pytania o problemy ze słuchem - cierpię na tinnitus.",1d72dc97-3e1c-493b-a6c6-c4f425454f3c,trening,S3500,0,534219,
label_test_3,4,tak,tak,DT990,35,doktorant,,"Bardzo dobrze skonstruowany test, czasem było ciężko porównać ścieżki które miały zawężone pasmo z tymi o szerszym paśmie w zakresie wysokich częstotliwości, ale z wyraźnie słyszalnymi zniekształceniami dźwięku. Ilustrując na przykładzie dźwięku hi-hatu... czy dźwięk o wyższej jakości to ten gdzie go słychać, ale jest zniekształcony, czy też gdy nie słychać tego instrumentu wcale. Jako uzupełnienie do pytania o problemy ze słuchem - cierpię na tinnitus.",1d72dc97-3e1c-493b-a6c6-c4f425454f3c,trening,S10000,49,534219,
label_test_3,4,tak,tak,DT990,35,doktorant,,"Bardzo dobrze skonstruowany test, czasem było ciężko porównać ścieżki które miały zawężone pasmo z tymi o szerszym paśmie w zakresie wysokich częstotliwości, ale z wyraźnie słyszalnymi zniekształceniami dźwięku. Ilustrując na przykładzie dźwięku hi-hatu... czy dźwięk o wyższej jakości to ten gdzie go słychać, ale jest zniekształcony, czy też gdy nie słychać tego instrumentu wcale. Jako uzupełnienie do pytania o problemy ze słuchem - cierpię na tinnitus.",1d72dc97-3e1c-493b-a6c6-c4f425454f3c,trening,S8700,41,534219,
label_test_3,4,tak,tak,DT990,35,doktorant,,"Bardzo dobrze skonstruowany test, czasem było ciężko porównać ścieżki które miały zawężone pasmo z tymi o szerszym paśmie w zakresie wysokich częstotliwości, ale z wyraźnie słyszalnymi zniekształceniami dźwięku. Ilustrując na przykładzie dźwięku hi-hatu... czy dźwięk o wyższej jakości to ten gdzie go słychać, ale jest zniekształcony, czy też gdy nie słychać tego instrumentu wcale. Jako uzupełnienie do pytania o problemy ze słuchem - cierpię na tinnitus.",1d72dc97-3e1c-493b-a6c6-c4f425454f3c,trening,S9300,57,534219,
label_test_3,4,tak,tak,DT990,35,doktorant,,"Bardzo dobrze skonstruowany test, czasem było ciężko porównać ścieżki które miały zawężone pasmo z tymi o szerszym paśmie w zakresie wysokich częstotliwości, ale z wyraźnie słyszalnymi zniekształceniami dźwięku. Ilustrując na przykładzie dźwięku hi-hatu... czy dźwięk o wyższej jakości to ten gdzie go słychać, ale jest zniekształcony, czy też gdy nie słychać tego instrumentu wcale. Jako uzupełnienie do pytania o problemy ze słuchem - cierpię na tinnitus.",1d72dc97-3e1c-493b-a6c6-c4f425454f3c,trening,S5500,26,534219,
label_test_3,4,tak,tak,DT990,35,doktorant,,"Bardzo dobrze skonstruowany test, czasem było ciężko porównać ścieżki które miały zawężone pasmo z tymi o szerszym paśmie w zakresie wysokich częstotliwości, ale z wyraźnie słyszalnymi zniekształceniami dźwięku. Ilustrując na przykładzie dźwięku hi-hatu... czy dźwięk o wyższej jakości to ten gdzie go słychać, ale jest zniekształcony, czy też gdy nie słychać tego instrumentu wcale. Jako uzupełnienie do pytania o problemy ze słuchem - cierpię na tinnitus.",1d72dc97-3e1c-493b-a6c6-c4f425454f3c,trening,S12000,83,534219,
label_test_3,4,tak,tak,DT990,35,doktorant,,"Bardzo dobrze skonstruowany test, czasem było ciężko porównać ścieżki które miały zawężone pasmo z tymi o szerszym paśmie w zakresie wysokich częstotliwości, ale z wyraźnie słyszalnymi zniekształceniami dźwięku. Ilustrując na przykładzie dźwięku hi-hatu... czy dźwięk o wyższej jakości to ten gdzie go słychać, ale jest zniekształcony, czy też gdy nie słychać tego instrumentu wcale. Jako uzupełnienie do pytania o problemy ze słuchem - cierpię na tinnitus.",1d72dc97-3e1c-493b-a6c6-c4f425454f3c,hq_label,S8000,40,337327,
label_test_3,4,tak,tak,DT990,35,doktorant,,"Bardzo dobrze skonstruowany test, czasem było ciężko porównać ścieżki które miały zawężone pasmo z tymi o szerszym paśmie w zakresie wysokich częstotliwości, ale z wyraźnie słyszalnymi zniekształceniami dźwięku. Ilustrując na przykładzie dźwięku hi-hatu... czy dźwięk o wyższej jakości to ten gdzie go słychać, ale jest zniekształcony, czy też gdy nie słychać tego instrumentu wcale. Jako uzupełnienie do pytania o problemy ze słuchem - cierpię na tinnitus.",1d72dc97-3e1c-493b-a6c6-c4f425454f3c,hq_label,S12000,90,337327,
label_test_3,4,tak,tak,DT990,35,doktorant,,"Bardzo dobrze skonstruowany test, czasem było ciężko porównać ścieżki które miały zawężone pasmo z tymi o szerszym paśmie w zakresie wysokich częstotliwości, ale z wyraźnie słyszalnymi zniekształceniami dźwięku. Ilustrując na przykładzie dźwięku hi-hatu... czy dźwięk o wyższej jakości to ten gdzie go słychać, ale jest zniekształcony, czy też gdy nie słychać tego instrumentu wcale. Jako uzupełnienie do pytania o problemy ze słuchem - cierpię na tinnitus.",1d72dc97-3e1c-493b-a6c6-c4f425454f3c,hq_label,S10700,75,337327,
label_test_3,4,tak,tak,DT990,35,doktorant,,"Bardzo dobrze skonstruowany test, czasem było ciężko porównać ścieżki które miały zawężone pasmo z tymi o szerszym paśmie w zakresie wysokich częstotliwości, ale z wyraźnie słyszalnymi zniekształceniami dźwięku. Ilustrując na przykładzie dźwięku hi-hatu... czy dźwięk o wyższej jakości to ten gdzie go słychać, ale jest zniekształcony, czy też gdy nie słychać tego instrumentu wcale. Jako uzupełnienie do pytania o problemy ze słuchem - cierpię na tinnitus.",1d72dc97-3e1c-493b-a6c6-c4f425454f3c,hq_label,S5500,17,337327,
label_test_3,4,tak,tak,DT990,35,doktorant,,"Bardzo dobrze skonstruowany test, czasem było ciężko porównać ścieżki które miały zawężone pasmo z tymi o szerszym paśmie w zakresie wysokich częstotliwości, ale z wyraźnie słyszalnymi zniekształceniami dźwięku. Ilustrując na przykładzie dźwięku hi-hatu... czy dźwięk o wyższej jakości to ten gdzie go słychać, ale jest zniekształcony, czy też gdy nie słychać tego instrumentu wcale. Jako uzupełnienie do pytania o problemy ze słuchem - cierpię na tinnitus.",1d72dc97-3e1c-493b-a6c6-c4f425454f3c,hq_label,S9300,51,337327,
label_test_3,4,tak,tak,DT990,35,doktorant,,"Bardzo dobrze skonstruowany test, czasem było ciężko porównać ścieżki które miały zawężone pasmo z tymi o szerszym paśmie w zakresie wysokich częstotliwości, ale z wyraźnie słyszalnymi zniekształceniami dźwięku. Ilustrując na przykładzie dźwięku hi-hatu... czy dźwięk o wyższej jakości to ten gdzie go słychać, ale jest zniekształcony, czy też gdy nie słychać tego instrumentu wcale. Jako uzupełnienie do pytania o problemy ze słuchem - cierpię na tinnitus.",1d72dc97-3e1c-493b-a6c6-c4f425454f3c,hq_label,reference,100,337327,
label_test_3,4,tak,tak,DT990,35,doktorant,,"Bardzo dobrze skonstruowany test, czasem było ciężko porównać ścieżki które miały zawężone pasmo z tymi o szerszym paśmie w zakresie wysokich częstotliwości, ale z wyraźnie słyszalnymi zniekształceniami dźwięku. Ilustrując na przykładzie dźwięku hi-hatu... czy dźwięk o wyższej jakości to ten gdzie go słychać, ale jest zniekształcony, czy też gdy nie słychać tego instrumentu wcale. Jako uzupełnienie do pytania o problemy ze słuchem - cierpię na tinnitus.",1d72dc97-3e1c-493b-a6c6-c4f425454f3c,hq_label,S10000,63,337327,
label_test_3,4,tak,tak,DT990,35,doktorant,,"Bardzo dobrze skonstruowany test, czasem było ciężko porównać ścieżki które miały zawężone pasmo z tymi o szerszym paśmie w zakresie wysokich częstotliwości, ale z wyraźnie słyszalnymi zniekształceniami dźwięku. Ilustrując na przykładzie dźwięku hi-hatu... czy dźwięk o wyższej jakości to ten gdzie go słychać, ale jest zniekształcony, czy też gdy nie słychać tego instrumentu wcale. Jako uzupełnienie do pytania o problemy ze słuchem - cierpię na tinnitus.",1d72dc97-3e1c-493b-a6c6-c4f425454f3c,hq_label,S8700,46,337327,
label_test_3,4,tak,tak,DT990,35,doktorant,,"Bardzo dobrze skonstruowany test, czasem było ciężko porównać ścieżki które miały zawężone pasmo z tymi o szerszym paśmie w zakresie wysokich częstotliwości, ale z wyraźnie słyszalnymi zniekształceniami dźwięku. Ilustrując na przykładzie dźwięku hi-hatu... czy dźwięk o wyższej jakości to ten gdzie go słychać, ale jest zniekształcony, czy też gdy nie słychać tego instrumentu wcale. Jako uzupełnienie do pytania o problemy ze słuchem - cierpię na tinnitus.",1d72dc97-3e1c-493b-a6c6-c4f425454f3c,hq_label,S3500,0,337327,
label_test_3,4,tak,tak,DT990,35,doktorant,,"Bardzo dobrze skonstruowany test, czasem było ciężko porównać ścieżki które miały zawężone pasmo z tymi o szerszym paśmie w zakresie wysokich częstotliwości, ale z wyraźnie słyszalnymi zniekształceniami dźwięku. Ilustrując na przykładzie dźwięku hi-hatu... czy dźwięk o wyższej jakości to ten gdzie go słychać, ale jest zniekształcony, czy też gdy nie słychać tego instrumentu wcale. Jako uzupełnienie do pytania o problemy ze słuchem - cierpię na tinnitus.",1d72dc97-3e1c-493b-a6c6-c4f425454f3c,hq_label,S7000,27,337327,
label_test_3,4,tak,tak,DT990,35,doktorant,,"Bardzo dobrze skonstruowany test, czasem było ciężko porównać ścieżki które miały zawężone pasmo z tymi o szerszym paśmie w zakresie wysokich częstotliwości, ale z wyraźnie słyszalnymi zniekształceniami dźwięku. Ilustrując na przykładzie dźwięku hi-hatu... czy dźwięk o wyższej jakości to ten gdzie go słychać, ale jest zniekształcony, czy też gdy nie słychać tego instrumentu wcale. Jako uzupełnienie do pytania o problemy ze słuchem - cierpię na tinnitus.",1d72dc97-3e1c-493b-a6c6-c4f425454f3c,hq_label,S11300,81,337327,
label_test_3,4,tak,tak,DT990,35,doktorant,,"Bardzo dobrze skonstruowany test, czasem było ciężko porównać ścieżki które miały zawężone pasmo z tymi o szerszym paśmie w zakresie wysokich częstotliwości, ale z wyraźnie słyszalnymi zniekształceniami dźwięku. Ilustrując na przykładzie dźwięku hi-hatu... czy dźwięk o wyższej jakości to ten gdzie go słychać, ale jest zniekształcony, czy też gdy nie słychać tego instrumentu wcale. Jako uzupełnienie do pytania o problemy ze słuchem - cierpię na tinnitus.",1d72dc97-3e1c-493b-a6c6-c4f425454f3c,hq_label,reference,100,468078,
label_test_3,4,tak,tak,DT990,35,doktorant,,"Bardzo dobrze skonstruowany test, czasem było ciężko porównać ścieżki które miały zawężone pasmo z tymi o szerszym paśmie w zakresie wysokich częstotliwości, ale z wyraźnie słyszalnymi zniekształceniami dźwięku. Ilustrując na przykładzie dźwięku hi-hatu... czy dźwięk o wyższej jakości to ten gdzie go słychać, ale jest zniekształcony, czy też gdy nie słychać tego instrumentu wcale. Jako uzupełnienie do pytania o problemy ze słuchem - cierpię na tinnitus.",1d72dc97-3e1c-493b-a6c6-c4f425454f3c,hq_label,S7000,23,468078,
label_test_3,4,tak,tak,DT990,35,doktorant,,"Bardzo dobrze skonstruowany test, czasem było ciężko porównać ścieżki które miały zawężone pasmo z tymi o szerszym paśmie w zakresie wysokich częstotliwości, ale z wyraźnie słyszalnymi zniekształceniami dźwięku. Ilustrując na przykładzie dźwięku hi-hatu... czy dźwięk o wyższej jakości to ten gdzie go słychać, ale jest zniekształcony, czy też gdy nie słychać tego instrumentu wcale. Jako uzupełnienie do pytania o problemy ze słuchem - cierpię na tinnitus.",1d72dc97-3e1c-493b-a6c6-c4f425454f3c,hq_label,S11300,77,468078,
label_test_3,4,tak,tak,DT990,35,doktorant,,"Bardzo dobrze skonstruowany test, czasem było ciężko porównać ścieżki które miały zawężone pasmo z tymi o szerszym paśmie w zakresie wysokich częstotliwości, ale z wyraźnie słyszalnymi zniekształceniami dźwięku. Ilustrując na przykładzie dźwięku hi-hatu... czy dźwięk o wyższej jakości to ten gdzie go słychać, ale jest zniekształcony, czy też gdy nie słychać tego instrumentu wcale. Jako uzupełnienie do pytania o problemy ze słuchem - cierpię na tinnitus.",1d72dc97-3e1c-493b-a6c6-c4f425454f3c,hq_label,S12000,90,468078,
label_test_3,4,tak,tak,DT990,35,doktorant,,"Bardzo dobrze skonstruowany test, czasem było ciężko porównać ścieżki które miały zawężone pasmo z tymi o szerszym paśmie w zakresie wysokich częstotliwości, ale z wyraźnie słyszalnymi zniekształceniami dźwięku. Ilustrując na przykładzie dźwięku hi-hatu... czy dźwięk o wyższej jakości to ten gdzie go słychać, ale jest zniekształcony, czy też gdy nie słychać tego instrumentu wcale. Jako uzupełnienie do pytania o problemy ze słuchem - cierpię na tinnitus.",1d72dc97-3e1c-493b-a6c6-c4f425454f3c,hq_label,S5500,15,468078,
label_test_3,4,tak,tak,DT990,35,doktorant,,"Bardzo dobrze skonstruowany test, czasem było ciężko porównać ścieżki które miały zawężone pasmo z tymi o szerszym paśmie w zakresie wysokich częstotliwości, ale z wyraźnie słyszalnymi zniekształceniami dźwięku. Ilustrując na przykładzie dźwięku hi-hatu... czy dźwięk o wyższej jakości to ten gdzie go słychać, ale jest zniekształcony, czy też gdy nie słychać tego instrumentu wcale. Jako uzupełnienie do pytania o problemy ze słuchem - cierpię na tinnitus.",1d72dc97-3e1c-493b-a6c6-c4f425454f3c,hq_label,S8000,35,468078,
label_test_3,4,tak,tak,DT990,35,doktorant,,"Bardzo dobrze skonstruowany test, czasem było ciężko porównać ścieżki które miały zawężone pasmo z tymi o szerszym paśmie w zakresie wysokich częstotliwości, ale z wyraźnie słyszalnymi zniekształceniami dźwięku. Ilustrując na przykładzie dźwięku hi-hatu... czy dźwięk o wyższej jakości to ten gdzie go słychać, ale jest zniekształcony, czy też gdy nie słychać tego instrumentu wcale. Jako uzupełnienie do pytania o problemy ze słuchem - cierpię na tinnitus.",1d72dc97-3e1c-493b-a6c6-c4f425454f3c,hq_label,S8700,42,468078,
label_test_3,4,tak,tak,DT990,35,doktorant,,"Bardzo dobrze skonstruowany test, czasem było ciężko porównać ścieżki które miały zawężone pasmo z tymi o szerszym paśmie w zakresie wysokich częstotliwości, ale z wyraźnie słyszalnymi zniekształceniami dźwięku. Ilustrując na przykładzie dźwięku hi-hatu... czy dźwięk o wyższej jakości to ten gdzie go słychać, ale jest zniekształcony, czy też gdy nie słychać tego instrumentu wcale. Jako uzupełnienie do pytania o problemy ze słuchem - cierpię na tinnitus.",1d72dc97-3e1c-493b-a6c6-c4f425454f3c,hq_label,S9300,50,468078,
label_test_3,4,tak,tak,DT990,35,doktorant,,"Bardzo dobrze skonstruowany test, czasem było ciężko porównać ścieżki które miały zawężone pasmo z tymi o szerszym paśmie w zakresie wysokich częstotliwości, ale z wyraźnie słyszalnymi zniekształceniami dźwięku. Ilustrując na przykładzie dźwięku hi-hatu... czy dźwięk o wyższej jakości to ten gdzie go słychać, ale jest zniekształcony, czy też gdy nie słychać tego instrumentu wcale. Jako uzupełnienie do pytania o problemy ze słuchem - cierpię na tinnitus.",1d72dc97-3e1c-493b-a6c6-c4f425454f3c,hq_label,S10700,67,468078,
label_test_3,4,tak,tak,DT990,35,doktorant,,"Bardzo dobrze skonstruowany test, czasem było ciężko porównać ścieżki które miały zawężone pasmo z tymi o szerszym paśmie w zakresie wysokich częstotliwości, ale z wyraźnie słyszalnymi zniekształceniami dźwięku. Ilustrując na przykładzie dźwięku hi-hatu... czy dźwięk o wyższej jakości to ten gdzie go słychać, ale jest zniekształcony, czy też gdy nie słychać tego instrumentu wcale. Jako uzupełnienie do pytania o problemy ze słuchem - cierpię na tinnitus.",1d72dc97-3e1c-493b-a6c6-c4f425454f3c,hq_label,S10000,60,468078,
label_test_3,4,tak,tak,DT990,35,doktorant,,"Bardzo dobrze skonstruowany test, czasem było ciężko porównać ścieżki które miały zawężone pasmo z tymi o szerszym paśmie w zakresie wysokich częstotliwości, ale z wyraźnie słyszalnymi zniekształceniami dźwięku. Ilustrując na przykładzie dźwięku hi-hatu... czy dźwięk o wyższej jakości to ten gdzie go słychać, ale jest zniekształcony, czy też gdy nie słychać tego instrumentu wcale. Jako uzupełnienie do pytania o problemy ze słuchem - cierpię na tinnitus.",1d72dc97-3e1c-493b-a6c6-c4f425454f3c,hq_label,S3500,0,468078,
label_test_3,2,nie,tak,"SteelSeries Arctis Nova 5",18,student,,,b6ce29e0-ca91-43eb-ae82-24af77be14ca,trening,S8700,60,208883,
label_test_3,2,nie,tak,"SteelSeries Arctis Nova 5",18,student,,,b6ce29e0-ca91-43eb-ae82-24af77be14ca,trening,S3500,0,208883,
label_test_3,2,nie,tak,"SteelSeries Arctis Nova 5",18,student,,,b6ce29e0-ca91-43eb-ae82-24af77be14ca,trening,S12000,100,208883,
label_test_3,2,nie,tak,"SteelSeries Arctis Nova 5",18,student,,,b6ce29e0-ca91-43eb-ae82-24af77be14ca,trening,S8000,27,208883,
label_test_3,2,nie,tak,"SteelSeries Arctis Nova 5",18,student,,,b6ce29e0-ca91-43eb-ae82-24af77be14ca,trening,reference,78,208883,
label_test_3,2,nie,tak,"SteelSeries Arctis Nova 5",18,student,,,b6ce29e0-ca91-43eb-ae82-24af77be14ca,trening,S7000,18,208883,
label_test_3,2,nie,tak,"SteelSeries Arctis Nova 5",18,student,,,b6ce29e0-ca91-43eb-ae82-24af77be14ca,trening,S5500,21,208883,
label_test_3,2,nie,tak,"SteelSeries Arctis Nova 5",18,student,,,b6ce29e0-ca91-43eb-ae82-24af77be14ca,trening,S11300,61,208883,
label_test_3,2,nie,tak,"SteelSeries Arctis Nova 5",18,student,,,b6ce29e0-ca91-43eb-ae82-24af77be14ca,trening,S9300,38,208883,
label_test_3,2,nie,tak,"SteelSeries Arctis Nova 5",18,student,,,b6ce29e0-ca91-43eb-ae82-24af77be14ca,trening,S10000,43,208883,
label_test_3,2,nie,tak,"SteelSeries Arctis Nova 5",18,student,,,b6ce29e0-ca91-43eb-ae82-24af77be14ca,trening,S10700,73,208883,
label_test_3,2,nie,tak,"SteelSeries Arctis Nova 5",18,student,,,b6ce29e0-ca91-43eb-ae82-24af77be14ca,hq_label,S9300,53,156073,
label_test_3,2,nie,tak,"SteelSeries Arctis Nova 5",18,student,,,b6ce29e0-ca91-43eb-ae82-24af77be14ca,hq_label,S8000,28,156073,
label_test_3,2,nie,tak,"SteelSeries Arctis Nova 5",18,student,,,b6ce29e0-ca91-43eb-ae82-24af77be14ca,hq_label,S10000,69,156073,
label_test_3,2,nie,tak,"SteelSeries Arctis Nova 5",18,student,,,b6ce29e0-ca91-43eb-ae82-24af77be14ca,hq_label,S8700,48,156073,
label_test_3,2,nie,tak,"SteelSeries Arctis Nova 5",18,student,,,b6ce29e0-ca91-43eb-ae82-24af77be14ca,hq_label,S12000,100,156073,
label_test_3,2,nie,tak,"SteelSeries Arctis Nova 5",18,student,,,b6ce29e0-ca91-43eb-ae82-24af77be14ca,hq_label,S3500,18,156073,
label_test_3,2,nie,tak,"SteelSeries Arctis Nova 5",18,student,,,b6ce29e0-ca91-43eb-ae82-24af77be14ca,hq_label,S10700,74,156073,
label_test_3,2,nie,tak,"SteelSeries Arctis Nova 5",18,student,,,b6ce29e0-ca91-43eb-ae82-24af77be14ca,hq_label,S5500,37,156073,
label_test_3,2,nie,tak,"SteelSeries Arctis Nova 5",18,student,,,b6ce29e0-ca91-43eb-ae82-24af77be14ca,hq_label,reference,84,156073,
label_test_3,2,nie,tak,"SteelSeries Arctis Nova 5",18,student,,,b6ce29e0-ca91-43eb-ae82-24af77be14ca,hq_label,S11300,74,156073,
label_test_3,2,nie,tak,"SteelSeries Arctis Nova 5",18,student,,,b6ce29e0-ca91-43eb-ae82-24af77be14ca,hq_label,S7000,42,156073,
label_test_3,2,nie,tak,"SteelSeries Arctis Nova 5",18,student,,,b6ce29e0-ca91-43eb-ae82-24af77be14ca,hq_label,reference,100,164161,
label_test_3,2,nie,tak,"SteelSeries Arctis Nova 5",18,student,,,b6ce29e0-ca91-43eb-ae82-24af77be14ca,hq_label,S12000,77,164161,
label_test_3,2,nie,tak,"SteelSeries Arctis Nova 5",18,student,,,b6ce29e0-ca91-43eb-ae82-24af77be14ca,hq_label,S8700,57,164161,
label_test_3,2,nie,tak,"SteelSeries Arctis Nova 5",18,student,,,b6ce29e0-ca91-43eb-ae82-24af77be14ca,hq_label,S5500,26,164161,
label_test_3,2,nie,tak,"SteelSeries Arctis Nova 5",18,student,,,b6ce29e0-ca91-43eb-ae82-24af77be14ca,hq_label,S10700,77,164161,
label_test_3,2,nie,tak,"SteelSeries Arctis Nova 5",18,student,,,b6ce29e0-ca91-43eb-ae82-24af77be14ca,hq_label,S10000,62,164161,
label_test_3,2,nie,tak,"SteelSeries Arctis Nova 5",18,student,,,b6ce29e0-ca91-43eb-ae82-24af77be14ca,hq_label,S9300,49,164161,
label_test_3,2,nie,tak,"SteelSeries Arctis Nova 5",18,student,,,b6ce29e0-ca91-43eb-ae82-24af77be14ca,hq_label,S3500,7,164161,
label_test_3,2,nie,tak,"SteelSeries Arctis Nova 5",18,student,,,b6ce29e0-ca91-43eb-ae82-24af77be14ca,hq_label,S8000,31,164161,
label_test_3,2,nie,tak,"SteelSeries Arctis Nova 5",18,student,,,b6ce29e0-ca91-43eb-ae82-24af77be14ca,hq_label,S7000,12,164161,
label_test_3,2,nie,tak,"SteelSeries Arctis Nova 5",18,student,,,b6ce29e0-ca91-43eb-ae82-24af77be14ca,hq_label,S11300,86,164161,
label_test_3,3,nie,tak,"HyperX Cloud II",25,inny,"absolwent magister inżynier inżynierii dźwięku i obrazu",,c83948e3-34a3-41ad-b330-e2b4ffe5719d,trening,S9300,55,286199,
label_test_3,3,nie,tak,"HyperX Cloud II",25,inny,"absolwent magister inżynier inżynierii dźwięku i obrazu",,c83948e3-34a3-41ad-b330-e2b4ffe5719d,trening,S3500,14,286199,
label_test_3,3,nie,tak,"HyperX Cloud II",25,inny,"absolwent magister inżynier inżynierii dźwięku i obrazu",,c83948e3-34a3-41ad-b330-e2b4ffe5719d,trening,S5500,27,286199,
label_test_3,3,nie,tak,"HyperX Cloud II",25,inny,"absolwent magister inżynier inżynierii dźwięku i obrazu",,c83948e3-34a3-41ad-b330-e2b4ffe5719d,trening,S7000,66,286199,
label_test_3,3,nie,tak,"HyperX Cloud II",25,inny,"absolwent magister inżynier inżynierii dźwięku i obrazu",,c83948e3-34a3-41ad-b330-e2b4ffe5719d,trening,S10700,79,286199,
label_test_3,3,nie,tak,"HyperX Cloud II",25,inny,"absolwent magister inżynier inżynierii dźwięku i obrazu",,c83948e3-34a3-41ad-b330-e2b4ffe5719d,trening,S8000,39,286199,
label_test_3,3,nie,tak,"HyperX Cloud II",25,inny,"absolwent magister inżynier inżynierii dźwięku i obrazu",,c83948e3-34a3-41ad-b330-e2b4ffe5719d,trening,S8700,56,286199,
label_test_3,3,nie,tak,"HyperX Cloud II",25,inny,"absolwent magister inżynier inżynierii dźwięku i obrazu",,c83948e3-34a3-41ad-b330-e2b4ffe5719d,trening,S11300,77,286199,
label_test_3,3,nie,tak,"HyperX Cloud II",25,inny,"absolwent magister inżynier inżynierii dźwięku i obrazu",,c83948e3-34a3-41ad-b330-e2b4ffe5719d,trening,reference,100,286199,
label_test_3,3,nie,tak,"HyperX Cloud II",25,inny,"absolwent magister inżynier inżynierii dźwięku i obrazu",,c83948e3-34a3-41ad-b330-e2b4ffe5719d,trening,S12000,84,286199,
label_test_3,3,nie,tak,"HyperX Cloud II",25,inny,"absolwent magister inżynier inżynierii dźwięku i obrazu",,c83948e3-34a3-41ad-b330-e2b4ffe5719d,trening,S10000,45,286199,
label_test_3,3,nie,tak,"HyperX Cloud II",25,inny,"absolwent magister inżynier inżynierii dźwięku i obrazu",,c83948e3-34a3-41ad-b330-e2b4ffe5719d,hq_label,S9300,63,170383,
label_test_3,3,nie,tak,"HyperX Cloud II",25,inny,"absolwent magister inżynier inżynierii dźwięku i obrazu",,c83948e3-34a3-41ad-b330-e2b4ffe5719d,hq_label,S8000,35,170383,
label_test_3,3,nie,tak,"HyperX Cloud II",25,inny,"absolwent magister inżynier inżynierii dźwięku i obrazu",,c83948e3-34a3-41ad-b330-e2b4ffe5719d,hq_label,S12000,65,170383,
label_test_3,3,nie,tak,"HyperX Cloud II",25,inny,"absolwent magister inżynier inżynierii dźwięku i obrazu",,c83948e3-34a3-41ad-b330-e2b4ffe5719d,hq_label,S5500,28,170383,
label_test_3,3,nie,tak,"HyperX Cloud II",25,inny,"absolwent magister inżynier inżynierii dźwięku i obrazu",,c83948e3-34a3-41ad-b330-e2b4ffe5719d,hq_label,S8700,50,170383,
label_test_3,3,nie,tak,"HyperX Cloud II",25,inny,"absolwent magister inżynier inżynierii dźwięku i obrazu",,c83948e3-34a3-41ad-b330-e2b4ffe5719d,hq_label,reference,100,170383,
label_test_3,3,nie,tak,"HyperX Cloud II",25,inny,"absolwent magister inżynier inżynierii dźwięku i obrazu",,c83948e3-34a3-41ad-b330-e2b4ffe5719d,hq_label,S10000,70,170383,
label_test_3,3,nie,tak,"HyperX Cloud II",25,inny,"absolwent magister inżynier inżynierii dźwięku i obrazu",,c83948e3-34a3-41ad-b330-e2b4ffe5719d,hq_label,S10700,83,170383,
label_test_3,3,nie,tak,"HyperX Cloud II",25,inny,"absolwent magister inżynier inżynierii dźwięku i obrazu",,c83948e3-34a3-41ad-b330-e2b4ffe5719d,hq_label,S11300,83,170383,
label_test_3,3,nie,tak,"HyperX Cloud II",25,inny,"absolwent magister inżynier inżynierii dźwięku i obrazu",,c83948e3-34a3-41ad-b330-e2b4ffe5719d,hq_label,S3500,15,170383,
label_test_3,3,nie,tak,"HyperX Cloud II",25,inny,"absolwent magister inżynier inżynierii dźwięku i obrazu",,c83948e3-34a3-41ad-b330-e2b4ffe5719d,hq_label,S7000,46,170383,
label_test_3,3,nie,tak,"HyperX Cloud II",25,inny,"absolwent magister inżynier inżynierii dźwięku i obrazu",,c83948e3-34a3-41ad-b330-e2b4ffe5719d,hq_label,reference,100,253826,
label_test_3,3,nie,tak,"HyperX Cloud II",25,inny,"absolwent magister inżynier inżynierii dźwięku i obrazu",,c83948e3-34a3-41ad-b330-e2b4ffe5719d,hq_label,S11300,76,253826,
label_test_3,3,nie,tak,"HyperX Cloud II",25,inny,"absolwent magister inżynier inżynierii dźwięku i obrazu",,c83948e3-34a3-41ad-b330-e2b4ffe5719d,hq_label,S8700,60,253826,
label_test_3,3,nie,tak,"HyperX Cloud II",25,inny,"absolwent magister inżynier inżynierii dźwięku i obrazu",,c83948e3-34a3-41ad-b330-e2b4ffe5719d,hq_label,S7000,33,253826,
label_test_3,3,nie,tak,"HyperX Cloud II",25,inny,"absolwent magister inżynier inżynierii dźwięku i obrazu",,c83948e3-34a3-41ad-b330-e2b4ffe5719d,hq_label,S10700,74,253826,
label_test_3,3,nie,tak,"HyperX Cloud II",25,inny,"absolwent magister inżynier inżynierii dźwięku i obrazu",,c83948e3-34a3-41ad-b330-e2b4ffe5719d,hq_label,S5500,20,253826,
label_test_3,3,nie,tak,"HyperX Cloud II",25,inny,"absolwent magister inżynier inżynierii dźwięku i obrazu",,c83948e3-34a3-41ad-b330-e2b4ffe5719d,hq_label,S12000,86,253826,
label_test_3,3,nie,tak,"HyperX Cloud II",25,inny,"absolwent magister inżynier inżynierii dźwięku i obrazu",,c83948e3-34a3-41ad-b330-e2b4ffe5719d,hq_label,S10000,56,253826,
label_test_3,3,nie,tak,"HyperX Cloud II",25,inny,"absolwent magister inżynier inżynierii dźwięku i obrazu",,c83948e3-34a3-41ad-b330-e2b4ffe5719d,hq_label,S9300,78,253826,
label_test_3,3,nie,tak,"HyperX Cloud II",25,inny,"absolwent magister inżynier inżynierii dźwięku i obrazu",,c83948e3-34a3-41ad-b330-e2b4ffe5719d,hq_label,S8000,45,253826,
label_test_3,3,nie,tak,"HyperX Cloud II",25,inny,"absolwent magister inżynier inżynierii dźwięku i obrazu",,c83948e3-34a3-41ad-b330-e2b4ffe5719d,hq_label,S3500,15,253826,
label_test_3,4,nie,tak,"Akg k701",35,doktorant,,,8de488b3-38ea-40c5-9cdf-2b0438e0d99f,trening,S6000,20,305656,
label_test_3,4,nie,tak,"Akg k701",35,doktorant,,,8de488b3-38ea-40c5-9cdf-2b0438e0d99f,trening,S7000,39,305656,
label_test_3,4,nie,tak,"Akg k701",35,doktorant,,,8de488b3-38ea-40c5-9cdf-2b0438e0d99f,trening,S3500,0,305656,
label_test_3,4,nie,tak,"Akg k701",35,doktorant,,,8de488b3-38ea-40c5-9cdf-2b0438e0d99f,trening,S8000,54,305656,
label_test_3,4,nie,tak,"Akg k701",35,doktorant,,,8de488b3-38ea-40c5-9cdf-2b0438e0d99f,trening,reference,100,305656,
label_test_3,4,nie,tak,"Akg k701",35,doktorant,,,8de488b3-38ea-40c5-9cdf-2b0438e0d99f,trening,S4500,17,305656,
label_test_3,4,nie,tak,"Akg k701",35,doktorant,,,8de488b3-38ea-40c5-9cdf-2b0438e0d99f,trening,S5000,25,305656,
label_test_3,4,nie,tak,"Akg k701",35,doktorant,,,8de488b3-38ea-40c5-9cdf-2b0438e0d99f,trening,S6500,28,305656,
label_test_3,4,nie,tak,"Akg k701",35,doktorant,,,8de488b3-38ea-40c5-9cdf-2b0438e0d99f,trening,S4000,16,305656,
label_test_3,4,nie,tak,"Akg k701",35,doktorant,,,8de488b3-38ea-40c5-9cdf-2b0438e0d99f,trening,S5500,29,305656,
label_test_3,4,nie,tak,"Akg k701",35,doktorant,,,8de488b3-38ea-40c5-9cdf-2b0438e0d99f,trening,S10000,81,305656,
label_test_3,4,nie,tak,"Akg k701",35,doktorant,,,8de488b3-38ea-40c5-9cdf-2b0438e0d99f,lq_no_label,S5000,17,129391,
label_test_3,4,nie,tak,"Akg k701",35,doktorant,,,8de488b3-38ea-40c5-9cdf-2b0438e0d99f,lq_no_label,S8000,73,129391,
label_test_3,4,nie,tak,"Akg k701",35,doktorant,,,8de488b3-38ea-40c5-9cdf-2b0438e0d99f,lq_no_label,S7000,53,129391,
label_test_3,4,nie,tak,"Akg k701",35,doktorant,,,8de488b3-38ea-40c5-9cdf-2b0438e0d99f,lq_no_label,S4000,15,129391,
label_test_3,4,nie,tak,"Akg k701",35,doktorant,,,8de488b3-38ea-40c5-9cdf-2b0438e0d99f,lq_no_label,S6500,60,129391,
label_test_3,4,nie,tak,"Akg k701",35,doktorant,,,8de488b3-38ea-40c5-9cdf-2b0438e0d99f,lq_no_label,S6000,31,129391,
label_test_3,4,nie,tak,"Akg k701",35,doktorant,,,8de488b3-38ea-40c5-9cdf-2b0438e0d99f,lq_no_label,S5500,23,129391,
label_test_3,4,nie,tak,"Akg k701",35,doktorant,,,8de488b3-38ea-40c5-9cdf-2b0438e0d99f,lq_no_label,reference,100,129391,
label_test_3,4,nie,tak,"Akg k701",35,doktorant,,,8de488b3-38ea-40c5-9cdf-2b0438e0d99f,lq_no_label,S10000,79,129391,
label_test_3,4,nie,tak,"Akg k701",35,doktorant,,,8de488b3-38ea-40c5-9cdf-2b0438e0d99f,lq_no_label,S3500,2,129391,
label_test_3,4,nie,tak,"Akg k701",35,doktorant,,,8de488b3-38ea-40c5-9cdf-2b0438e0d99f,lq_no_label,S4500,18,129391,
label_test_3,4,nie,tak,"Akg k701",35,doktorant,,,8de488b3-38ea-40c5-9cdf-2b0438e0d99f,lq_no_label,S6000,48,76590,
label_test_3,4,nie,tak,"Akg k701",35,doktorant,,,8de488b3-38ea-40c5-9cdf-2b0438e0d99f,lq_no_label,reference,100,76590,
label_test_3,4,nie,tak,"Akg k701",35,doktorant,,,8de488b3-38ea-40c5-9cdf-2b0438e0d99f,lq_no_label,S10000,85,76590,
label_test_3,4,nie,tak,"Akg k701",35,doktorant,,,8de488b3-38ea-40c5-9cdf-2b0438e0d99f,lq_no_label,S4000,17,76590,
label_test_3,4,nie,tak,"Akg k701",35,doktorant,,,8de488b3-38ea-40c5-9cdf-2b0438e0d99f,lq_no_label,S7000,45,76590,
label_test_3,4,nie,tak,"Akg k701",35,doktorant,,,8de488b3-38ea-40c5-9cdf-2b0438e0d99f,lq_no_label,S5500,37,76590,
label_test_3,4,nie,tak,"Akg k701",35,doktorant,,,8de488b3-38ea-40c5-9cdf-2b0438e0d99f,lq_no_label,S8000,60,76590,
label_test_3,4,nie,tak,"Akg k701",35,doktorant,,,8de488b3-38ea-40c5-9cdf-2b0438e0d99f,lq_no_label,S3500,11,76590,
label_test_3,4,nie,tak,"Akg k701",35,doktorant,,,8de488b3-38ea-40c5-9cdf-2b0438e0d99f,lq_no_label,S5000,35,76590,
label_test_3,4,nie,tak,"Akg k701",35,doktorant,,,8de488b3-38ea-40c5-9cdf-2b0438e0d99f,lq_no_label,S4500,24,76590,
label_test_3,4,nie,tak,"Akg k701",35,doktorant,,,8de488b3-38ea-40c5-9cdf-2b0438e0d99f,lq_no_label,S6500,53,76590,
label_test_3,3,nie,tak,"Beyerdynamic DT 990 Pro",18,student,,"W instrukcji do badania nie wpisano że słuchawki mają być przewodowe, a użycie słuchawek bluetooth może wpłynąć na ocenę jakości dźwięku gdyż protokół ten używa kompresji stratnej.",7c97d08a-cea4-4b6c-b78d-d916744b7427,trening,S10000,65,232839,
label_test_3,3,nie,tak,"Beyerdynamic DT 990 Pro",18,student,,"W instrukcji do badania nie wpisano że słuchawki mają być przewodowe, a użycie słuchawek bluetooth może wpłynąć na ocenę jakości dźwięku gdyż protokół ten używa kompresji stratnej.",7c97d08a-cea4-4b6c-b78d-d916744b7427,trening,S11300,75,232839,
label_test_3,3,nie,tak,"Beyerdynamic DT 990 Pro",18,student,,"W instrukcji do badania nie wpisano że słuchawki mają być przewodowe, a użycie słuchawek bluetooth może wpłynąć na ocenę jakości dźwięku gdyż protokół ten używa kompresji stratnej.",7c97d08a-cea4-4b6c-b78d-d916744b7427,trening,reference,100,232839,
label_test_3,3,nie,tak,"Beyerdynamic DT 990 Pro",18,student,,"W instrukcji do badania nie wpisano że słuchawki mają być przewodowe, a użycie słuchawek bluetooth może wpłynąć na ocenę jakości dźwięku gdyż protokół ten używa kompresji stratnej.",7c97d08a-cea4-4b6c-b78d-d916744b7427,trening,S5500,27,232839,
label_test_3,3,nie,tak,"Beyerdynamic DT 990 Pro",18,student,,"W instrukcji do badania nie wpisano że słuchawki mają być przewodowe, a użycie słuchawek bluetooth może wpłynąć na ocenę jakości dźwięku gdyż protokół ten używa kompresji stratnej.",7c97d08a-cea4-4b6c-b78d-d916744b7427,trening,S7000,40,232839,
label_test_3,3,nie,tak,"Beyerdynamic DT 990 Pro",18,student,,"W instrukcji do badania nie wpisano że słuchawki mają być przewodowe, a użycie słuchawek bluetooth może wpłynąć na ocenę jakości dźwięku gdyż protokół ten używa kompresji stratnej.",7c97d08a-cea4-4b6c-b78d-d916744b7427,trening,S9300,70,232839,
label_test_3,3,nie,tak,"Beyerdynamic DT 990 Pro",18,student,,"W instrukcji do badania nie wpisano że słuchawki mają być przewodowe, a użycie słuchawek bluetooth może wpłynąć na ocenę jakości dźwięku gdyż protokół ten używa kompresji stratnej.",7c97d08a-cea4-4b6c-b78d-d916744b7427,trening,S8000,47,232839,
label_test_3,3,nie,tak,"Beyerdynamic DT 990 Pro",18,student,,"W instrukcji do badania nie wpisano że słuchawki mają być przewodowe, a użycie słuchawek bluetooth może wpłynąć na ocenę jakości dźwięku gdyż protokół ten używa kompresji stratnej.",7c97d08a-cea4-4b6c-b78d-d916744b7427,trening,S3500,10,232839,
label_test_3,3,nie,tak,"Beyerdynamic DT 990 Pro",18,student,,"W instrukcji do badania nie wpisano że słuchawki mają być przewodowe, a użycie słuchawek bluetooth może wpłynąć na ocenę jakości dźwięku gdyż protokół ten używa kompresji stratnej.",7c97d08a-cea4-4b6c-b78d-d916744b7427,trening,S12000,90,232839,
label_test_3,3,nie,tak,"Beyerdynamic DT 990 Pro",18,student,,"W instrukcji do badania nie wpisano że słuchawki mają być przewodowe, a użycie słuchawek bluetooth może wpłynąć na ocenę jakości dźwięku gdyż protokół ten używa kompresji stratnej.",7c97d08a-cea4-4b6c-b78d-d916744b7427,trening,S8700,60,232839,
label_test_3,3,nie,tak,"Beyerdynamic DT 990 Pro",18,student,,"W instrukcji do badania nie wpisano że słuchawki mają być przewodowe, a użycie słuchawek bluetooth może wpłynąć na ocenę jakości dźwięku gdyż protokół ten używa kompresji stratnej.",7c97d08a-cea4-4b6c-b78d-d916744b7427,trening,S10700,75,232839,
label_test_3,3,nie,tak,"Beyerdynamic DT 990 Pro",18,student,,"W instrukcji do badania nie wpisano że słuchawki mają być przewodowe, a użycie słuchawek bluetooth może wpłynąć na ocenę jakości dźwięku gdyż protokół ten używa kompresji stratnej.",7c97d08a-cea4-4b6c-b78d-d916744b7427,hq_label,S8700,57,146586,
label_test_3,3,nie,tak,"Beyerdynamic DT 990 Pro",18,student,,"W instrukcji do badania nie wpisano że słuchawki mają być przewodowe, a użycie słuchawek bluetooth może wpłynąć na ocenę jakości dźwięku gdyż protokół ten używa kompresji stratnej.",7c97d08a-cea4-4b6c-b78d-d916744b7427,hq_label,S10700,77,146586,
label_test_3,3,nie,tak,"Beyerdynamic DT 990 Pro",18,student,,"W instrukcji do badania nie wpisano że słuchawki mają być przewodowe, a użycie słuchawek bluetooth może wpłynąć na ocenę jakości dźwięku gdyż protokół ten używa kompresji stratnej.",7c97d08a-cea4-4b6c-b78d-d916744b7427,hq_label,S10000,58,146586,
label_test_3,3,nie,tak,"Beyerdynamic DT 990 Pro",18,student,,"W instrukcji do badania nie wpisano że słuchawki mają być przewodowe, a użycie słuchawek bluetooth może wpłynąć na ocenę jakości dźwięku gdyż protokół ten używa kompresji stratnej.",7c97d08a-cea4-4b6c-b78d-d916744b7427,hq_label,S11300,82,146586,
label_test_3,3,nie,tak,"Beyerdynamic DT 990 Pro",18,student,,"W instrukcji do badania nie wpisano że słuchawki mają być przewodowe, a użycie słuchawek bluetooth może wpłynąć na ocenę jakości dźwięku gdyż protokół ten używa kompresji stratnej.",7c97d08a-cea4-4b6c-b78d-d916744b7427,hq_label,S12000,90,146586,
label_test_3,3,nie,tak,"Beyerdynamic DT 990 Pro",18,student,,"W instrukcji do badania nie wpisano że słuchawki mają być przewodowe, a użycie słuchawek bluetooth może wpłynąć na ocenę jakości dźwięku gdyż protokół ten używa kompresji stratnej.",7c97d08a-cea4-4b6c-b78d-d916744b7427,hq_label,reference,100,146586,
label_test_3,3,nie,tak,"Beyerdynamic DT 990 Pro",18,student,,"W instrukcji do badania nie wpisano że słuchawki mają być przewodowe, a użycie słuchawek bluetooth może wpłynąć na ocenę jakości dźwięku gdyż protokół ten używa kompresji stratnej.",7c97d08a-cea4-4b6c-b78d-d916744b7427,hq_label,S5500,26,146586,
label_test_3,3,nie,tak,"Beyerdynamic DT 990 Pro",18,student,,"W instrukcji do badania nie wpisano że słuchawki mają być przewodowe, a użycie słuchawek bluetooth może wpłynąć na ocenę jakości dźwięku gdyż protokół ten używa kompresji stratnej.",7c97d08a-cea4-4b6c-b78d-d916744b7427,hq_label,S9300,58,146586,
label_test_3,3,nie,tak,"Beyerdynamic DT 990 Pro",18,student,,"W instrukcji do badania nie wpisano że słuchawki mają być przewodowe, a użycie słuchawek bluetooth może wpłynąć na ocenę jakości dźwięku gdyż protokół ten używa kompresji stratnej.",7c97d08a-cea4-4b6c-b78d-d916744b7427,hq_label,S3500,9,146586,
label_test_3,3,nie,tak,"Beyerdynamic DT 990 Pro",18,student,,"W instrukcji do badania nie wpisano że słuchawki mają być przewodowe, a użycie słuchawek bluetooth może wpłynąć na ocenę jakości dźwięku gdyż protokół ten używa kompresji stratnej.",7c97d08a-cea4-4b6c-b78d-d916744b7427,hq_label,S8000,38,146586,
label_test_3,3,nie,tak,"Beyerdynamic DT 990 Pro",18,student,,"W instrukcji do badania nie wpisano że słuchawki mają być przewodowe, a użycie słuchawek bluetooth może wpłynąć na ocenę jakości dźwięku gdyż protokół ten używa kompresji stratnej.",7c97d08a-cea4-4b6c-b78d-d916744b7427,hq_label,S7000,33,146586,
label_test_3,3,nie,tak,"Beyerdynamic DT 990 Pro",18,student,,"W instrukcji do badania nie wpisano że słuchawki mają być przewodowe, a użycie słuchawek bluetooth może wpłynąć na ocenę jakości dźwięku gdyż protokół ten używa kompresji stratnej.",7c97d08a-cea4-4b6c-b78d-d916744b7427,hq_label,S8000,40,128472,
label_test_3,3,nie,tak,"Beyerdynamic DT 990 Pro",18,student,,"W instrukcji do badania nie wpisano że słuchawki mają być przewodowe, a użycie słuchawek bluetooth może wpłynąć na ocenę jakości dźwięku gdyż protokół ten używa kompresji stratnej.",7c97d08a-cea4-4b6c-b78d-d916744b7427,hq_label,S10700,80,128472,
label_test_3,3,nie,tak,"Beyerdynamic DT 990 Pro",18,student,,"W instrukcji do badania nie wpisano że słuchawki mają być przewodowe, a użycie słuchawek bluetooth może wpłynąć na ocenę jakości dźwięku gdyż protokół ten używa kompresji stratnej.",7c97d08a-cea4-4b6c-b78d-d916744b7427,hq_label,S7000,31,128472,
label_test_3,3,nie,tak,"Beyerdynamic DT 990 Pro",18,student,,"W instrukcji do badania nie wpisano że słuchawki mają być przewodowe, a użycie słuchawek bluetooth może wpłynąć na ocenę jakości dźwięku gdyż protokół ten używa kompresji stratnej.",7c97d08a-cea4-4b6c-b78d-d916744b7427,hq_label,S11300,85,128472,
label_test_3,3,nie,tak,"Beyerdynamic DT 990 Pro",18,student,,"W instrukcji do badania nie wpisano że słuchawki mają być przewodowe, a użycie słuchawek bluetooth może wpłynąć na ocenę jakości dźwięku gdyż protokół ten używa kompresji stratnej.",7c97d08a-cea4-4b6c-b78d-d916744b7427,hq_label,S5500,23,128472,
label_test_3,3,nie,tak,"Beyerdynamic DT 990 Pro",18,student,,"W instrukcji do badania nie wpisano że słuchawki mają być przewodowe, a użycie słuchawek bluetooth może wpłynąć na ocenę jakości dźwięku gdyż protokół ten używa kompresji stratnej.",7c97d08a-cea4-4b6c-b78d-d916744b7427,hq_label,S12000,90,128472,
label_test_3,3,nie,tak,"Beyerdynamic DT 990 Pro",18,student,,"W instrukcji do badania nie wpisano że słuchawki mają być przewodowe, a użycie słuchawek bluetooth może wpłynąć na ocenę jakości dźwięku gdyż protokół ten używa kompresji stratnej.",7c97d08a-cea4-4b6c-b78d-d916744b7427,hq_label,S9300,66,128472,
label_test_3,3,nie,tak,"Beyerdynamic DT 990 Pro",18,student,,"W instrukcji do badania nie wpisano że słuchawki mają być przewodowe, a użycie słuchawek bluetooth może wpłynąć na ocenę jakości dźwięku gdyż protokół ten używa kompresji stratnej.",7c97d08a-cea4-4b6c-b78d-d916744b7427,hq_label,S3500,10,128472,
label_test_3,3,nie,tak,"Beyerdynamic DT 990 Pro",18,student,,"W instrukcji do badania nie wpisano że słuchawki mają być przewodowe, a użycie słuchawek bluetooth może wpłynąć na ocenę jakości dźwięku gdyż protokół ten używa kompresji stratnej.",7c97d08a-cea4-4b6c-b78d-d916744b7427,hq_label,S10000,72,128472,
label_test_3,3,nie,tak,"Beyerdynamic DT 990 Pro",18,student,,"W instrukcji do badania nie wpisano że słuchawki mają być przewodowe, a użycie słuchawek bluetooth może wpłynąć na ocenę jakości dźwięku gdyż protokół ten używa kompresji stratnej.",7c97d08a-cea4-4b6c-b78d-d916744b7427,hq_label,S8700,67,128472,
label_test_3,3,nie,tak,"Beyerdynamic DT 990 Pro",18,student,,"W instrukcji do badania nie wpisano że słuchawki mają być przewodowe, a użycie słuchawek bluetooth może wpłynąć na ocenę jakości dźwięku gdyż protokół ten używa kompresji stratnej.",7c97d08a-cea4-4b6c-b78d-d916744b7427,hq_label,reference,100,128472,
label_test_3,3,tak,tak,"AirPods III Pro 2",45,doktorant,,,ae2d45c8-e526-4c9d-b672-24d7d4571d8e,trening,S5500,38,187700,
label_test_3,3,tak,tak,"AirPods III Pro 2",45,doktorant,,,ae2d45c8-e526-4c9d-b672-24d7d4571d8e,trening,S4000,30,187700,
label_test_3,3,tak,tak,"AirPods III Pro 2",45,doktorant,,,ae2d45c8-e526-4c9d-b672-24d7d4571d8e,trening,S3500,57,187700,
label_test_3,3,tak,tak,"AirPods III Pro 2",45,doktorant,,,ae2d45c8-e526-4c9d-b672-24d7d4571d8e,trening,S5000,74,187700,
label_test_3,3,tak,tak,"AirPods III Pro 2",45,doktorant,,,ae2d45c8-e526-4c9d-b672-24d7d4571d8e,trening,S4500,71,187700,
label_test_3,3,tak,tak,"AirPods III Pro 2",45,doktorant,,,ae2d45c8-e526-4c9d-b672-24d7d4571d8e,trening,S7000,80,187700,
label_test_3,3,tak,tak,"AirPods III Pro 2",45,doktorant,,,ae2d45c8-e526-4c9d-b672-24d7d4571d8e,trening,reference,88,187700,
label_test_3,3,tak,tak,"AirPods III Pro 2",45,doktorant,,,ae2d45c8-e526-4c9d-b672-24d7d4571d8e,trening,S8000,79,187700,
label_test_3,3,tak,tak,"AirPods III Pro 2",45,doktorant,,,ae2d45c8-e526-4c9d-b672-24d7d4571d8e,trening,S6000,57,187700,
label_test_3,3,tak,tak,"AirPods III Pro 2",45,doktorant,,,ae2d45c8-e526-4c9d-b672-24d7d4571d8e,trening,S10000,89,187700,
label_test_3,3,tak,tak,"AirPods III Pro 2",45,doktorant,,,ae2d45c8-e526-4c9d-b672-24d7d4571d8e,trening,S6500,76,187700,
label_test_3,3,tak,tak,"AirPods III Pro 2",45,doktorant,,,ae2d45c8-e526-4c9d-b672-24d7d4571d8e,lq_no_label,S8000,43,158209,
label_test_3,3,tak,tak,"AirPods III Pro 2",45,doktorant,,,ae2d45c8-e526-4c9d-b672-24d7d4571d8e,lq_no_label,S7000,51,158209,
label_test_3,3,tak,tak,"AirPods III Pro 2",45,doktorant,,,ae2d45c8-e526-4c9d-b672-24d7d4571d8e,lq_no_label,S5500,31,158209,
label_test_3,3,tak,tak,"AirPods III Pro 2",45,doktorant,,,ae2d45c8-e526-4c9d-b672-24d7d4571d8e,lq_no_label,reference,100,158209,
label_test_3,3,tak,tak,"AirPods III Pro 2",45,doktorant,,,ae2d45c8-e526-4c9d-b672-24d7d4571d8e,lq_no_label,S6500,64,158209,
label_test_3,3,tak,tak,"AirPods III Pro 2",45,doktorant,,,ae2d45c8-e526-4c9d-b672-24d7d4571d8e,lq_no_label,S5000,62,158209,
label_test_3,3,tak,tak,"AirPods III Pro 2",45,doktorant,,,ae2d45c8-e526-4c9d-b672-24d7d4571d8e,lq_no_label,S10000,78,158209,
label_test_3,3,tak,tak,"AirPods III Pro 2",45,doktorant,,,ae2d45c8-e526-4c9d-b672-24d7d4571d8e,lq_no_label,S4500,44,158209,
label_test_3,3,tak,tak,"AirPods III Pro 2",45,doktorant,,,ae2d45c8-e526-4c9d-b672-24d7d4571d8e,lq_no_label,S3500,35,158209,
label_test_3,3,tak,tak,"AirPods III Pro 2",45,doktorant,,,ae2d45c8-e526-4c9d-b672-24d7d4571d8e,lq_no_label,S6000,49,158209,
label_test_3,3,tak,tak,"AirPods III Pro 2",45,doktorant,,,ae2d45c8-e526-4c9d-b672-24d7d4571d8e,lq_no_label,S4000,57,158209,
label_test_3,3,tak,tak,"AirPods III Pro 2",45,doktorant,,,ae2d45c8-e526-4c9d-b672-24d7d4571d8e,lq_no_label,S10000,77,113442,
label_test_3,3,tak,tak,"AirPods III Pro 2",45,doktorant,,,ae2d45c8-e526-4c9d-b672-24d7d4571d8e,lq_no_label,S8000,86,113442,
label_test_3,3,tak,tak,"AirPods III Pro 2",45,doktorant,,,ae2d45c8-e526-4c9d-b672-24d7d4571d8e,lq_no_label,S6500,79,113442,
label_test_3,3,tak,tak,"AirPods III Pro 2",45,doktorant,,,ae2d45c8-e526-4c9d-b672-24d7d4571d8e,lq_no_label,S5000,62,113442,
label_test_3,3,tak,tak,"AirPods III Pro 2",45,doktorant,,,ae2d45c8-e526-4c9d-b672-24d7d4571d8e,lq_no_label,S6000,71,113442,
label_test_3,3,tak,tak,"AirPods III Pro 2",45,doktorant,,,ae2d45c8-e526-4c9d-b672-24d7d4571d8e,lq_no_label,S4500,49,113442,
label_test_3,3,tak,tak,"AirPods III Pro 2",45,doktorant,,,ae2d45c8-e526-4c9d-b672-24d7d4571d8e,lq_no_label,S5500,57,113442,
label_test_3,3,tak,tak,"AirPods III Pro 2",45,doktorant,,,ae2d45c8-e526-4c9d-b672-24d7d4571d8e,lq_no_label,reference,100,113442,
label_test_3,3,tak,tak,"AirPods III Pro 2",45,doktorant,,,ae2d45c8-e526-4c9d-b672-24d7d4571d8e,lq_no_label,S7000,71,113442,
label_test_3,3,tak,tak,"AirPods III Pro 2",45,doktorant,,,ae2d45c8-e526-4c9d-b672-24d7d4571d8e,lq_no_label,S3500,35,113442,
label_test_3,3,tak,tak,"AirPods III Pro 2",45,doktorant,,,ae2d45c8-e526-4c9d-b672-24d7d4571d8e,lq_no_label,S4000,40,113442,
label_test_3,4,nie,tak,"Logitech PRO X",25,student,,,62b309cb-aa9b-4ebb-8648-0e65b14181a8,trening,S3500,9,58775,
label_test_3,4,nie,tak,"Logitech PRO X",25,student,,,62b309cb-aa9b-4ebb-8648-0e65b14181a8,trening,S5500,15,58775,
label_test_3,4,nie,tak,"Logitech PRO X",25,student,,,62b309cb-aa9b-4ebb-8648-0e65b14181a8,trening,reference,100,58775,
label_test_3,4,nie,tak,"Logitech PRO X",25,student,,,62b309cb-aa9b-4ebb-8648-0e65b14181a8,trening,S8000,37,58775,
label_test_3,4,nie,tak,"Logitech PRO X",25,student,,,62b309cb-aa9b-4ebb-8648-0e65b14181a8,trening,S10000,54,58775,
label_test_3,4,nie,tak,"Logitech PRO X",25,student,,,62b309cb-aa9b-4ebb-8648-0e65b14181a8,trening,S4500,15,58775,
label_test_3,4,nie,tak,"Logitech PRO X",25,student,,,62b309cb-aa9b-4ebb-8648-0e65b14181a8,trening,S4000,14,58775,
label_test_3,4,nie,tak,"Logitech PRO X",25,student,,,62b309cb-aa9b-4ebb-8648-0e65b14181a8,trening,S5000,43,58775,
label_test_3,4,nie,tak,"Logitech PRO X",25,student,,,62b309cb-aa9b-4ebb-8648-0e65b14181a8,trening,S6500,49,58775,
label_test_3,4,nie,tak,"Logitech PRO X",25,student,,,62b309cb-aa9b-4ebb-8648-0e65b14181a8,trening,S7000,51,58775,
label_test_3,4,nie,tak,"Logitech PRO X",25,student,,,62b309cb-aa9b-4ebb-8648-0e65b14181a8,trening,S6000,43,58775,
label_test_3,4,nie,tak,"Logitech PRO X",25,student,,,62b309cb-aa9b-4ebb-8648-0e65b14181a8,lq_label,S4000,15,41164,
label_test_3,4,nie,tak,"Logitech PRO X",25,student,,,62b309cb-aa9b-4ebb-8648-0e65b14181a8,lq_label,reference,100,41164,
label_test_3,4,nie,tak,"Logitech PRO X",25,student,,,62b309cb-aa9b-4ebb-8648-0e65b14181a8,lq_label,S6000,64,41164,
label_test_3,4,nie,tak,"Logitech PRO X",25,student,,,62b309cb-aa9b-4ebb-8648-0e65b14181a8,lq_label,S4500,46,41164,
label_test_3,4,nie,tak,"Logitech PRO X",25,student,,,62b309cb-aa9b-4ebb-8648-0e65b14181a8,lq_label,S5000,38,41164,
label_test_3,4,nie,tak,"Logitech PRO X",25,student,,,62b309cb-aa9b-4ebb-8648-0e65b14181a8,lq_label,S10000,65,41164,
label_test_3,4,nie,tak,"Logitech PRO X",25,student,,,62b309cb-aa9b-4ebb-8648-0e65b14181a8,lq_label,S8000,61,41164,
label_test_3,4,nie,tak,"Logitech PRO X",25,student,,,62b309cb-aa9b-4ebb-8648-0e65b14181a8,lq_label,S5500,39,41164,
label_test_3,4,nie,tak,"Logitech PRO X",25,student,,,62b309cb-aa9b-4ebb-8648-0e65b14181a8,lq_label,S6500,47,41164,
label_test_3,4,nie,tak,"Logitech PRO X",25,student,,,62b309cb-aa9b-4ebb-8648-0e65b14181a8,lq_label,S7000,41,41164,
label_test_3,4,nie,tak,"Logitech PRO X",25,student,,,62b309cb-aa9b-4ebb-8648-0e65b14181a8,lq_label,S3500,8,41164,
label_test_3,4,nie,tak,"Logitech PRO X",25,student,,,62b309cb-aa9b-4ebb-8648-0e65b14181a8,lq_label,S7000,37,40186,
label_test_3,4,nie,tak,"Logitech PRO X",25,student,,,62b309cb-aa9b-4ebb-8648-0e65b14181a8,lq_label,S4000,43,40186,
label_test_3,4,nie,tak,"Logitech PRO X",25,student,,,62b309cb-aa9b-4ebb-8648-0e65b14181a8,lq_label,S3500,21,40186,
label_test_3,4,nie,tak,"Logitech PRO X",25,student,,,62b309cb-aa9b-4ebb-8648-0e65b14181a8,lq_label,S4500,35,40186,
label_test_3,4,nie,tak,"Logitech PRO X",25,student,,,62b309cb-aa9b-4ebb-8648-0e65b14181a8,lq_label,S5000,28,40186,
label_test_3,4,nie,tak,"Logitech PRO X",25,student,,,62b309cb-aa9b-4ebb-8648-0e65b14181a8,lq_label,S6000,34,40186,
label_test_3,4,nie,tak,"Logitech PRO X",25,student,,,62b309cb-aa9b-4ebb-8648-0e65b14181a8,lq_label,reference,100,40186,
label_test_3,4,nie,tak,"Logitech PRO X",25,student,,,62b309cb-aa9b-4ebb-8648-0e65b14181a8,lq_label,S8000,67,40186,
label_test_3,4,nie,tak,"Logitech PRO X",25,student,,,62b309cb-aa9b-4ebb-8648-0e65b14181a8,lq_label,S5500,15,40186,
label_test_3,4,nie,tak,"Logitech PRO X",25,student,,,62b309cb-aa9b-4ebb-8648-0e65b14181a8,lq_label,S6500,23,40186,
label_test_3,4,nie,tak,"Logitech PRO X",25,student,,,62b309cb-aa9b-4ebb-8648-0e65b14181a8,lq_label,S10000,64,40186,
