session_test_id,session_uuid,trial_id,rating_stimulus,rating_score,rating_time,rating_comment
label_test_2,aee8e8d6-0900-4507-be4e-b607e26cda23,trening,S12000,98,154970,
label_test_2,aee8e8d6-0900-4507-be4e-b607e26cda23,trening,S3500,73,154970,
label_test_2,aee8e8d6-0900-4507-be4e-b607e26cda23,trening,S10700,88,154970,
label_test_2,aee8e8d6-0900-4507-be4e-b607e26cda23,trening,S11300,98,154970,
label_test_2,aee8e8d6-0900-4507-be4e-b607e26cda23,trening,S8000,64,154970,
label_test_2,aee8e8d6-0900-4507-be4e-b607e26cda23,trening,S8700,43,154970,
label_test_2,aee8e8d6-0900-4507-be4e-b607e26cda23,trening,S9300,83,154970,
label_test_2,aee8e8d6-0900-4507-be4e-b607e26cda23,trening,S7000,24,154970,
label_test_2,aee8e8d6-0900-4507-be4e-b607e26cda23,trening,reference,100,154970,
label_test_2,aee8e8d6-0900-4507-be4e-b607e26cda23,trening,S10000,70,154970,
label_test_2,aee8e8d6-0900-4507-be4e-b607e26cda23,trening,S5500,29,154970,
label_test_2,aee8e8d6-0900-4507-be4e-b607e26cda23,hq_label,reference,100,47531,
label_test_2,aee8e8d6-0900-4507-be4e-b607e26cda23,hq_label,S7000,68,47531,
label_test_2,aee8e8d6-0900-4507-be4e-b607e26cda23,hq_label,S12000,80,47531,
label_test_2,aee8e8d6-0900-4507-be4e-b607e26cda23,hq_label,S3500,24,47531,
label_test_2,aee8e8d6-0900-4507-be4e-b607e26cda23,hq_label,S8000,39,47531,
label_test_2,aee8e8d6-0900-4507-be4e-b607e26cda23,hq_label,S5500,52,47531,
label_test_2,aee8e8d6-0900-4507-be4e-b607e26cda23,hq_label,S9300,63,47531,
label_test_2,aee8e8d6-0900-4507-be4e-b607e26cda23,hq_label,S11300,93,47531,
label_test_2,aee8e8d6-0900-4507-be4e-b607e26cda23,hq_label,S10700,98,47531,
label_test_2,aee8e8d6-0900-4507-be4e-b607e26cda23,hq_label,S8700,45,47531,
label_test_2,aee8e8d6-0900-4507-be4e-b607e26cda23,hq_label,S10000,95,47531,
label_test_2,aee8e8d6-0900-4507-be4e-b607e26cda23,hq_label,reference,100,73839,
label_test_2,aee8e8d6-0900-4507-be4e-b607e26cda23,hq_label,S9300,69,73839,
label_test_2,aee8e8d6-0900-4507-be4e-b607e26cda23,hq_label,S8000,36,73839,
label_test_2,aee8e8d6-0900-4507-be4e-b607e26cda23,hq_label,S11300,91,73839,
label_test_2,aee8e8d6-0900-4507-be4e-b607e26cda23,hq_label,S12000,99,73839,
label_test_2,aee8e8d6-0900-4507-be4e-b607e26cda23,hq_label,S10000,81,73839,
label_test_2,aee8e8d6-0900-4507-be4e-b607e26cda23,hq_label,S8700,84,73839,
label_test_2,aee8e8d6-0900-4507-be4e-b607e26cda23,hq_label,S3500,17,73839,
label_test_2,aee8e8d6-0900-4507-be4e-b607e26cda23,hq_label,S10700,94,73839,
label_test_2,aee8e8d6-0900-4507-be4e-b607e26cda23,hq_label,S7000,41,73839,
label_test_2,aee8e8d6-0900-4507-be4e-b607e26cda23,hq_label,S5500,24,73839,
label_test_2,334ebe64-8c04-4147-b635-81d6a57fedcd,trening,S7000,33,126348,
label_test_2,334ebe64-8c04-4147-b635-81d6a57fedcd,trening,S10000,51,126348,
label_test_2,334ebe64-8c04-4147-b635-81d6a57fedcd,trening,S8000,45,126348,
label_test_2,334ebe64-8c04-4147-b635-81d6a57fedcd,trening,S3500,10,126348,
label_test_2,334ebe64-8c04-4147-b635-81d6a57fedcd,trening,S10700,88,126348,
label_test_2,334ebe64-8c04-4147-b635-81d6a57fedcd,trening,S9300,91,126348,
label_test_2,334ebe64-8c04-4147-b635-81d6a57fedcd,trening,S11300,94,126348,
label_test_2,334ebe64-8c04-4147-b635-81d6a57fedcd,trening,S8700,70,126348,
label_test_2,334ebe64-8c04-4147-b635-81d6a57fedcd,trening,S12000,98,126348,
label_test_2,334ebe64-8c04-4147-b635-81d6a57fedcd,trening,S5500,17,126348,
label_test_2,334ebe64-8c04-4147-b635-81d6a57fedcd,trening,reference,100,126348,
label_test_2,334ebe64-8c04-4147-b635-81d6a57fedcd,hq_label,S8000,12,60263,
label_test_2,334ebe64-8c04-4147-b635-81d6a57fedcd,hq_label,S5500,1,60263,
label_test_2,334ebe64-8c04-4147-b635-81d6a57fedcd,hq_label,S7000,21,60263,
label_test_2,334ebe64-8c04-4147-b635-81d6a57fedcd,hq_label,reference,100,60263,
label_test_2,334ebe64-8c04-4147-b635-81d6a57fedcd,hq_label,S11300,89,60263,
label_test_2,334ebe64-8c04-4147-b635-81d6a57fedcd,hq_label,S3500,18,60263,
label_test_2,334ebe64-8c04-4147-b635-81d6a57fedcd,hq_label,S10000,50,60263,
label_test_2,334ebe64-8c04-4147-b635-81d6a57fedcd,hq_label,S12000,100,60263,
label_test_2,334ebe64-8c04-4147-b635-81d6a57fedcd,hq_label,S10700,70,60263,
label_test_2,334ebe64-8c04-4147-b635-81d6a57fedcd,hq_label,S8700,30,60263,
label_test_2,334ebe64-8c04-4147-b635-81d6a57fedcd,hq_label,S9300,41,60263,
label_test_2,334ebe64-8c04-4147-b635-81d6a57fedcd,hq_label,S10700,33,51507,
label_test_2,334ebe64-8c04-4147-b635-81d6a57fedcd,hq_label,S11300,39,51507,
label_test_2,334ebe64-8c04-4147-b635-81d6a57fedcd,hq_label,S7000,5,51507,
label_test_2,334ebe64-8c04-4147-b635-81d6a57fedcd,hq_label,S3500,1,51507,
label_test_2,334ebe64-8c04-4147-b635-81d6a57fedcd,hq_label,reference,100,51507,
label_test_2,334ebe64-8c04-4147-b635-81d6a57fedcd,hq_label,S9300,63,51507,
label_test_2,334ebe64-8c04-4147-b635-81d6a57fedcd,hq_label,S5500,23,51507,
label_test_2,334ebe64-8c04-4147-b635-81d6a57fedcd,hq_label,S8000,32,51507,
label_test_2,334ebe64-8c04-4147-b635-81d6a57fedcd,hq_label,S12000,100,51507,
label_test_2,334ebe64-8c04-4147-b635-81d6a57fedcd,hq_label,S8700,48,51507,
label_test_2,334ebe64-8c04-4147-b635-81d6a57fedcd,hq_label,S10000,67,51507,
label_test_2,511f42ec-3449-44ec-9fb4-ca0dc4891b32,trening,S8700,38,60947,
label_test_2,511f42ec-3449-44ec-9fb4-ca0dc4891b32,trening,S5500,51,60947,
label_test_2,511f42ec-3449-44ec-9fb4-ca0dc4891b32,trening,S10700,88,60947,
label_test_2,511f42ec-3449-44ec-9fb4-ca0dc4891b32,trening,S7000,64,60947,
label_test_2,511f42ec-3449-44ec-9fb4-ca0dc4891b32,trening,S11300,95,60947,
label_test_2,511f42ec-3449-44ec-9fb4-ca0dc4891b32,trening,S8000,68,60947,
label_test_2,511f42ec-3449-44ec-9fb4-ca0dc4891b32,trening,S12000,100,60947,
label_test_2,511f42ec-3449-44ec-9fb4-ca0dc4891b32,trening,S9300,79,60947,
label_test_2,511f42ec-3449-44ec-9fb4-ca0dc4891b32,trening,S10000,84,60947,
label_test_2,511f42ec-3449-44ec-9fb4-ca0dc4891b32,trening,reference,96,60947,
label_test_2,511f42ec-3449-44ec-9fb4-ca0dc4891b32,trening,S3500,21,60947,
label_test_2,511f42ec-3449-44ec-9fb4-ca0dc4891b32,hq_label,S10700,29,53036,
label_test_2,511f42ec-3449-44ec-9fb4-ca0dc4891b32,hq_label,S5500,4,53036,
label_test_2,511f42ec-3449-44ec-9fb4-ca0dc4891b32,hq_label,S7000,12,53036,
label_test_2,511f42ec-3449-44ec-9fb4-ca0dc4891b32,hq_label,S12000,89,53036,
label_test_2,511f42ec-3449-44ec-9fb4-ca0dc4891b32,hq_label,S10000,74,53036,
label_test_2,511f42ec-3449-44ec-9fb4-ca0dc4891b32,hq_label,S3500,0,53036,
label_test_2,511f42ec-3449-44ec-9fb4-ca0dc4891b32,hq_label,S8000,16,53036,
label_test_2,511f42ec-3449-44ec-9fb4-ca0dc4891b32,hq_label,S8700,75,53036,
label_test_2,511f42ec-3449-44ec-9fb4-ca0dc4891b32,hq_label,S9300,80,53036,
label_test_2,511f42ec-3449-44ec-9fb4-ca0dc4891b32,hq_label,S11300,86,53036,
label_test_2,511f42ec-3449-44ec-9fb4-ca0dc4891b32,hq_label,reference,100,53036,
label_test_2,511f42ec-3449-44ec-9fb4-ca0dc4891b32,hq_label,S10700,70,54537,
label_test_2,511f42ec-3449-44ec-9fb4-ca0dc4891b32,hq_label,S10000,75,54537,
label_test_2,511f42ec-3449-44ec-9fb4-ca0dc4891b32,hq_label,S8000,27,54537,
label_test_2,511f42ec-3449-44ec-9fb4-ca0dc4891b32,hq_label,S11300,96,54537,
label_test_2,511f42ec-3449-44ec-9fb4-ca0dc4891b32,hq_label,S3500,1,54537,
label_test_2,511f42ec-3449-44ec-9fb4-ca0dc4891b32,hq_label,reference,96,54537,
label_test_2,511f42ec-3449-44ec-9fb4-ca0dc4891b32,hq_label,S5500,11,54537,
label_test_2,511f42ec-3449-44ec-9fb4-ca0dc4891b32,hq_label,S7000,9,54537,
label_test_2,511f42ec-3449-44ec-9fb4-ca0dc4891b32,hq_label,S12000,100,54537,
label_test_2,511f42ec-3449-44ec-9fb4-ca0dc4891b32,hq_label,S8700,90,54537,
label_test_2,511f42ec-3449-44ec-9fb4-ca0dc4891b32,hq_label,S9300,83,54537,
label_test_2,b4ebd69b-c840-4755-8006-20051c158b60,trening,S3500,14,70939,
label_test_2,b4ebd69b-c840-4755-8006-20051c158b60,trening,S11300,68,70939,
label_test_2,b4ebd69b-c840-4755-8006-20051c158b60,trening,S10000,20,70939,
label_test_2,b4ebd69b-c840-4755-8006-20051c158b60,trening,S8000,53,70939,
label_test_2,b4ebd69b-c840-4755-8006-20051c158b60,trening,S8700,59,70939,
label_test_2,b4ebd69b-c840-4755-8006-20051c158b60,trening,S10700,75,70939,
label_test_2,b4ebd69b-c840-4755-8006-20051c158b60,trening,S12000,96,70939,
label_test_2,b4ebd69b-c840-4755-8006-20051c158b60,trening,S7000,0,70939,
label_test_2,b4ebd69b-c840-4755-8006-20051c158b60,trening,reference,100,70939,
label_test_2,b4ebd69b-c840-4755-8006-20051c158b60,trening,S9300,80,70939,
label_test_2,b4ebd69b-c840-4755-8006-20051c158b60,trening,S5500,41,70939,
label_test_2,b4ebd69b-c840-4755-8006-20051c158b60,hq_label,S3500,10,57884,
label_test_2,b4ebd69b-c840-4755-8006-20051c158b60,hq_label,S11300,51,57884,
label_test_2,b4ebd69b-c840-4755-8006-20051c158b60,hq_label,reference,100,57884,
label_test_2,b4ebd69b-c840-4755-8006-20051c158b60,hq_label,S10700,74,57884,
label_test_2,b4ebd69b-c840-4755-8006-20051c158b60,hq_label,S5500,4,57884,
label_test_2,b4ebd69b-c840-4755-8006-20051c158b60,hq_label,S12000,97,57884,
label_test_2,b4ebd69b-c840-4755-8006-20051c158b60,hq_label,S8700,47,57884,
label_test_2,b4ebd69b-c840-4755-8006-20051c158b60,hq_label,S8000,36,57884,
label_test_2,b4ebd69b-c840-4755-8006-20051c158b60,hq_label,S7000,30,57884,
label_test_2,b4ebd69b-c840-4755-8006-20051c158b60,hq_label,S10000,80,57884,
label_test_2,b4ebd69b-c840-4755-8006-20051c158b60,hq_label,S9300,86,57884,
label_test_2,b4ebd69b-c840-4755-8006-20051c158b60,hq_label,S8000,30,55017,
label_test_2,b4ebd69b-c840-4755-8006-20051c158b60,hq_label,S10000,50,55017,
label_test_2,b4ebd69b-c840-4755-8006-20051c158b60,hq_label,S12000,100,55017,
label_test_2,b4ebd69b-c840-4755-8006-20051c158b60,hq_label,S5500,5,55017,
label_test_2,b4ebd69b-c840-4755-8006-20051c158b60,hq_label,S10700,83,55017,
label_test_2,b4ebd69b-c840-4755-8006-20051c158b60,hq_label,S7000,26,55017,
label_test_2,b4ebd69b-c840-4755-8006-20051c158b60,hq_label,S9300,37,55017,
label_test_2,b4ebd69b-c840-4755-8006-20051c158b60,hq_label,S3500,0,55017,
label_test_2,b4ebd69b-c840-4755-8006-20051c158b60,hq_label,S8700,14,55017,
label_test_2,b4ebd69b-c840-4755-8006-20051c158b60,hq_label,reference,89,55017,
label_test_2,b4ebd69b-c840-4755-8006-20051c158b60,hq_label,S11300,98,55017,
label_test_2,c9414ac2-05a4-42e0-bfcb-ea8014e162e7,trening,S10700,68,100007,
label_test_2,c9414ac2-05a4-42e0-bfcb-ea8014e162e7,trening,S10000,100,100007,
label_test_2,c9414ac2-05a4-42e0-bfcb-ea8014e162e7,trening,S5500,0,100007,
label_test_2,c9414ac2-05a4-42e0-bfcb-ea8014e162e7,trening,S7000,0,100007,
label_test_2,c9414ac2-05a4-42e0-bfcb-ea8014e162e7,trening,S3500,0,100007,
label_test_2,c9414ac2-05a4-42e0-bfcb-ea8014e162e7,trening,S8700,50,100007,
label_test_2,c9414ac2-05a4-42e0-bfcb-ea8014e162e7,trening,S11300,69,100007,
label_test_2,c9414ac2-05a4-42e0-bfcb-ea8014e162e7,trening,S12000,71,100007,
label_test_2,c9414ac2-05a4-42e0-bfcb-ea8014e162e7,trening,reference,50,100007,
label_test_2,c9414ac2-05a4-42e0-bfcb-ea8014e162e7,trening,S9300,31,100007,
label_test_2,c9414ac2-05a4-42e0-bfcb-ea8014e162e7,trening,S8000,28,100007,
label_test_2,c9414ac2-05a4-42e0-bfcb-ea8014e162e7,hq_label,S10700,71,107588,
label_test_2,c9414ac2-05a4-42e0-bfcb-ea8014e162e7,hq_label,S10000,72,107588,
label_test_2,c9414ac2-05a4-42e0-bfcb-ea8014e162e7,hq_label,S5500,0,107588,
label_test_2,c9414ac2-05a4-42e0-bfcb-ea8014e162e7,hq_label,S7000,0,107588,
label_test_2,c9414ac2-05a4-42e0-bfcb-ea8014e162e7,hq_label,S8700,28,107588,
label_test_2,c9414ac2-05a4-42e0-bfcb-ea8014e162e7,hq_label,S9300,32,107588,
label_test_2,c9414ac2-05a4-42e0-bfcb-ea8014e162e7,hq_label,S11300,51,107588,
label_test_2,c9414ac2-05a4-42e0-bfcb-ea8014e162e7,hq_label,S8000,30,107588,
label_test_2,c9414ac2-05a4-42e0-bfcb-ea8014e162e7,hq_label,S12000,94,107588,
label_test_2,c9414ac2-05a4-42e0-bfcb-ea8014e162e7,hq_label,S3500,6,107588,
label_test_2,c9414ac2-05a4-42e0-bfcb-ea8014e162e7,hq_label,reference,95,107588,
label_test_2,c9414ac2-05a4-42e0-bfcb-ea8014e162e7,hq_label,S9300,27,69759,
label_test_2,c9414ac2-05a4-42e0-bfcb-ea8014e162e7,hq_label,S8000,31,69759,
label_test_2,c9414ac2-05a4-42e0-bfcb-ea8014e162e7,hq_label,reference,100,69759,
label_test_2,c9414ac2-05a4-42e0-bfcb-ea8014e162e7,hq_label,S7000,6,69759,
label_test_2,c9414ac2-05a4-42e0-bfcb-ea8014e162e7,hq_label,S10700,67,69759,
label_test_2,c9414ac2-05a4-42e0-bfcb-ea8014e162e7,hq_label,S5500,0,69759,
label_test_2,c9414ac2-05a4-42e0-bfcb-ea8014e162e7,hq_label,S3500,0,69759,
label_test_2,c9414ac2-05a4-42e0-bfcb-ea8014e162e7,hq_label,S12000,100,69759,
label_test_2,c9414ac2-05a4-42e0-bfcb-ea8014e162e7,hq_label,S11300,100,69759,
label_test_2,c9414ac2-05a4-42e0-bfcb-ea8014e162e7,hq_label,S8700,51,69759,
label_test_2,c9414ac2-05a4-42e0-bfcb-ea8014e162e7,hq_label,S10000,49,69759,
label_test_2,30a3bf2a-b5a4-404f-8910-44f224a6357b,trening,reference,100,276291,
label_test_2,30a3bf2a-b5a4-404f-8910-44f224a6357b,trening,S9300,28,276291,
label_test_2,30a3bf2a-b5a4-404f-8910-44f224a6357b,trening,S7000,12,276291,
label_test_2,30a3bf2a-b5a4-404f-8910-44f224a6357b,trening,S8000,18,276291,
label_test_2,30a3bf2a-b5a4-404f-8910-44f224a6357b,trening,S12000,51,276291,
label_test_2,30a3bf2a-b5a4-404f-8910-44f224a6357b,trening,S5500,6,276291,
label_test_2,30a3bf2a-b5a4-404f-8910-44f224a6357b,trening,S10700,40,276291,
label_test_2,30a3bf2a-b5a4-404f-8910-44f224a6357b,trening,S8700,25,276291,
label_test_2,30a3bf2a-b5a4-404f-8910-44f224a6357b,trening,S11300,71,276291,
label_test_2,30a3bf2a-b5a4-404f-8910-44f224a6357b,trening,S10000,34,276291,
label_test_2,30a3bf2a-b5a4-404f-8910-44f224a6357b,trening,S3500,3,276291,
label_test_2,30a3bf2a-b5a4-404f-8910-44f224a6357b,hq_label,S8000,41,139327,
label_test_2,30a3bf2a-b5a4-404f-8910-44f224a6357b,hq_label,S7000,30,139327,
label_test_2,30a3bf2a-b5a4-404f-8910-44f224a6357b,hq_label,S11300,68,139327,
label_test_2,30a3bf2a-b5a4-404f-8910-44f224a6357b,hq_label,S10700,62,139327,
label_test_2,30a3bf2a-b5a4-404f-8910-44f224a6357b,hq_label,reference,100,139327,
label_test_2,30a3bf2a-b5a4-404f-8910-44f224a6357b,hq_label,S10000,57,139327,
label_test_2,30a3bf2a-b5a4-404f-8910-44f224a6357b,hq_label,S9300,57,139327,
label_test_2,30a3bf2a-b5a4-404f-8910-44f224a6357b,hq_label,S12000,75,139327,
label_test_2,30a3bf2a-b5a4-404f-8910-44f224a6357b,hq_label,S3500,11,139327,
label_test_2,30a3bf2a-b5a4-404f-8910-44f224a6357b,hq_label,S8700,57,139327,
label_test_2,30a3bf2a-b5a4-404f-8910-44f224a6357b,hq_label,S5500,20,139327,
label_test_2,30a3bf2a-b5a4-404f-8910-44f224a6357b,hq_label,S9300,49,127234,
label_test_2,30a3bf2a-b5a4-404f-8910-44f224a6357b,hq_label,S8000,42,127234,
label_test_2,30a3bf2a-b5a4-404f-8910-44f224a6357b,hq_label,S11300,76,127234,
label_test_2,30a3bf2a-b5a4-404f-8910-44f224a6357b,hq_label,S7000,25,127234,
label_test_2,30a3bf2a-b5a4-404f-8910-44f224a6357b,hq_label,S8700,35,127234,
label_test_2,30a3bf2a-b5a4-404f-8910-44f224a6357b,hq_label,S3500,6,127234,
label_test_2,30a3bf2a-b5a4-404f-8910-44f224a6357b,hq_label,S10700,68,127234,
label_test_2,30a3bf2a-b5a4-404f-8910-44f224a6357b,hq_label,S12000,80,127234,
label_test_2,30a3bf2a-b5a4-404f-8910-44f224a6357b,hq_label,S5500,8,127234,
label_test_2,30a3bf2a-b5a4-404f-8910-44f224a6357b,hq_label,S10000,56,127234,
label_test_2,30a3bf2a-b5a4-404f-8910-44f224a6357b,hq_label,reference,100,127234,
label_test_2,5e67f257-33d4-4679-bc4f-24a8159b8bcd,trening,reference,100,143248,
label_test_2,5e67f257-33d4-4679-bc4f-24a8159b8bcd,trening,S12000,100,143248,
label_test_2,5e67f257-33d4-4679-bc4f-24a8159b8bcd,trening,S8700,34,143248,
label_test_2,5e67f257-33d4-4679-bc4f-24a8159b8bcd,trening,S10700,51,143248,
label_test_2,5e67f257-33d4-4679-bc4f-24a8159b8bcd,trening,S11300,58,143248,
label_test_2,5e67f257-33d4-4679-bc4f-24a8159b8bcd,trening,S7000,20,143248,
label_test_2,5e67f257-33d4-4679-bc4f-24a8159b8bcd,trening,S10000,79,143248,
label_test_2,5e67f257-33d4-4679-bc4f-24a8159b8bcd,trening,S9300,51,143248,
label_test_2,5e67f257-33d4-4679-bc4f-24a8159b8bcd,trening,S8000,45,143248,
label_test_2,5e67f257-33d4-4679-bc4f-24a8159b8bcd,trening,S5500,32,143248,
label_test_2,5e67f257-33d4-4679-bc4f-24a8159b8bcd,trening,S3500,12,143248,
label_test_2,5e67f257-33d4-4679-bc4f-24a8159b8bcd,hq_label,S9300,62,167430,
label_test_2,5e67f257-33d4-4679-bc4f-24a8159b8bcd,hq_label,S5500,28,167430,
label_test_2,5e67f257-33d4-4679-bc4f-24a8159b8bcd,hq_label,S12000,92,167430,
label_test_2,5e67f257-33d4-4679-bc4f-24a8159b8bcd,hq_label,S8000,45,167430,
label_test_2,5e67f257-33d4-4679-bc4f-24a8159b8bcd,hq_label,S7000,37,167430,
label_test_2,5e67f257-33d4-4679-bc4f-24a8159b8bcd,hq_label,S11300,81,167430,
label_test_2,5e67f257-33d4-4679-bc4f-24a8159b8bcd,hq_label,S3500,16,167430,
label_test_2,5e67f257-33d4-4679-bc4f-24a8159b8bcd,hq_label,reference,100,167430,
label_test_2,5e67f257-33d4-4679-bc4f-24a8159b8bcd,hq_label,S10700,73,167430,
label_test_2,5e67f257-33d4-4679-bc4f-24a8159b8bcd,hq_label,S10000,73,167430,
label_test_2,5e67f257-33d4-4679-bc4f-24a8159b8bcd,hq_label,S8700,54,167430,
label_test_2,5e67f257-33d4-4679-bc4f-24a8159b8bcd,hq_label,S5500,21,200463,
label_test_2,5e67f257-33d4-4679-bc4f-24a8159b8bcd,hq_label,S10000,89,200463,
label_test_2,5e67f257-33d4-4679-bc4f-24a8159b8bcd,hq_label,S11300,96,200463,
label_test_2,5e67f257-33d4-4679-bc4f-24a8159b8bcd,hq_label,S9300,64,200463,
label_test_2,5e67f257-33d4-4679-bc4f-24a8159b8bcd,hq_label,S7000,34,200463,
label_test_2,5e67f257-33d4-4679-bc4f-24a8159b8bcd,hq_label,S10700,89,200463,
label_test_2,5e67f257-33d4-4679-bc4f-24a8159b8bcd,hq_label,S8000,68,200463,
label_test_2,5e67f257-33d4-4679-bc4f-24a8159b8bcd,hq_label,S8700,77,200463,
label_test_2,5e67f257-33d4-4679-bc4f-24a8159b8bcd,hq_label,S12000,100,200463,
label_test_2,5e67f257-33d4-4679-bc4f-24a8159b8bcd,hq_label,S3500,12,200463,
label_test_2,5e67f257-33d4-4679-bc4f-24a8159b8bcd,hq_label,reference,100,200463,
label_test_2,06394932-97ac-437d-822e-9f44786c1586,trening,S3500,20,437280,
label_test_2,06394932-97ac-437d-822e-9f44786c1586,trening,S9300,60,437280,
label_test_2,06394932-97ac-437d-822e-9f44786c1586,trening,reference,100,437280,
label_test_2,06394932-97ac-437d-822e-9f44786c1586,trening,S10000,80,437280,
label_test_2,06394932-97ac-437d-822e-9f44786c1586,trening,S7000,40,437280,
label_test_2,06394932-97ac-437d-822e-9f44786c1586,trening,S8700,70,437280,
label_test_2,06394932-97ac-437d-822e-9f44786c1586,trening,S8000,50,437280,
label_test_2,06394932-97ac-437d-822e-9f44786c1586,trening,S10700,90,437280,
label_test_2,06394932-97ac-437d-822e-9f44786c1586,trening,S12000,95,437280,
label_test_2,06394932-97ac-437d-822e-9f44786c1586,trening,S11300,85,437280,
label_test_2,06394932-97ac-437d-822e-9f44786c1586,trening,S5500,30,437280,
label_test_2,06394932-97ac-437d-822e-9f44786c1586,hq_label,S5500,21,140557,
label_test_2,06394932-97ac-437d-822e-9f44786c1586,hq_label,S12000,90,140557,
label_test_2,06394932-97ac-437d-822e-9f44786c1586,hq_label,reference,100,140557,
label_test_2,06394932-97ac-437d-822e-9f44786c1586,hq_label,S8000,62,140557,
label_test_2,06394932-97ac-437d-822e-9f44786c1586,hq_label,S7000,32,140557,
label_test_2,06394932-97ac-437d-822e-9f44786c1586,hq_label,S3500,15,140557,
label_test_2,06394932-97ac-437d-822e-9f44786c1586,hq_label,S9300,71,140557,
label_test_2,06394932-97ac-437d-822e-9f44786c1586,hq_label,S10000,82,140557,
label_test_2,06394932-97ac-437d-822e-9f44786c1586,hq_label,S8700,76,140557,
label_test_2,06394932-97ac-437d-822e-9f44786c1586,hq_label,S10700,88,140557,
label_test_2,06394932-97ac-437d-822e-9f44786c1586,hq_label,S11300,92,140557,
label_test_2,06394932-97ac-437d-822e-9f44786c1586,hq_label,S3500,13,69751,
label_test_2,06394932-97ac-437d-822e-9f44786c1586,hq_label,S11300,78,69751,
label_test_2,06394932-97ac-437d-822e-9f44786c1586,hq_label,S10700,90,69751,
label_test_2,06394932-97ac-437d-822e-9f44786c1586,hq_label,S7000,31,69751,
label_test_2,06394932-97ac-437d-822e-9f44786c1586,hq_label,S10000,51,69751,
label_test_2,06394932-97ac-437d-822e-9f44786c1586,hq_label,S8700,71,69751,
label_test_2,06394932-97ac-437d-822e-9f44786c1586,hq_label,S9300,51,69751,
label_test_2,06394932-97ac-437d-822e-9f44786c1586,hq_label,S5500,32,69751,
label_test_2,06394932-97ac-437d-822e-9f44786c1586,hq_label,S8000,67,69751,
label_test_2,06394932-97ac-437d-822e-9f44786c1586,hq_label,reference,85,69751,
label_test_2,06394932-97ac-437d-822e-9f44786c1586,hq_label,S12000,71,69751,
label_test_2,e3532072-0d51-4e9a-9a95-9b37178f4e0c,trening,S10000,67,499062,
label_test_2,e3532072-0d51-4e9a-9a95-9b37178f4e0c,trening,S9300,53,499062,
label_test_2,e3532072-0d51-4e9a-9a95-9b37178f4e0c,trening,S8700,38,499062,
label_test_2,e3532072-0d51-4e9a-9a95-9b37178f4e0c,trening,S8000,43,499062,
label_test_2,e3532072-0d51-4e9a-9a95-9b37178f4e0c,trening,S12000,78,499062,
label_test_2,e3532072-0d51-4e9a-9a95-9b37178f4e0c,trening,reference,100,499062,
label_test_2,e3532072-0d51-4e9a-9a95-9b37178f4e0c,trening,S10700,67,499062,
label_test_2,e3532072-0d51-4e9a-9a95-9b37178f4e0c,trening,S11300,63,499062,
label_test_2,e3532072-0d51-4e9a-9a95-9b37178f4e0c,trening,S7000,34,499062,
label_test_2,e3532072-0d51-4e9a-9a95-9b37178f4e0c,trening,S5500,25,499062,
label_test_2,e3532072-0d51-4e9a-9a95-9b37178f4e0c,trening,S3500,19,499062,
label_test_2,e3532072-0d51-4e9a-9a95-9b37178f4e0c,hq_label,S10000,69,251326,
label_test_2,e3532072-0d51-4e9a-9a95-9b37178f4e0c,hq_label,reference,99,251326,
label_test_2,e3532072-0d51-4e9a-9a95-9b37178f4e0c,hq_label,S8700,57,251326,
label_test_2,e3532072-0d51-4e9a-9a95-9b37178f4e0c,hq_label,S8000,53,251326,
label_test_2,e3532072-0d51-4e9a-9a95-9b37178f4e0c,hq_label,S12000,96,251326,
label_test_2,e3532072-0d51-4e9a-9a95-9b37178f4e0c,hq_label,S5500,33,251326,
label_test_2,e3532072-0d51-4e9a-9a95-9b37178f4e0c,hq_label,S9300,71,251326,
label_test_2,e3532072-0d51-4e9a-9a95-9b37178f4e0c,hq_label,S3500,28,251326,
label_test_2,e3532072-0d51-4e9a-9a95-9b37178f4e0c,hq_label,S11300,74,251326,
label_test_2,e3532072-0d51-4e9a-9a95-9b37178f4e0c,hq_label,S10700,80,251326,
label_test_2,e3532072-0d51-4e9a-9a95-9b37178f4e0c,hq_label,S7000,39,251326,
label_test_2,e3532072-0d51-4e9a-9a95-9b37178f4e0c,hq_label,S8000,62,336118,
label_test_2,e3532072-0d51-4e9a-9a95-9b37178f4e0c,hq_label,S12000,92,336118,
label_test_2,e3532072-0d51-4e9a-9a95-9b37178f4e0c,hq_label,reference,100,336118,
label_test_2,e3532072-0d51-4e9a-9a95-9b37178f4e0c,hq_label,S7000,45,336118,
label_test_2,e3532072-0d51-4e9a-9a95-9b37178f4e0c,hq_label,S5500,29,336118,
label_test_2,e3532072-0d51-4e9a-9a95-9b37178f4e0c,hq_label,S3500,17,336118,
label_test_2,e3532072-0d51-4e9a-9a95-9b37178f4e0c,hq_label,S10000,45,336118,
label_test_2,e3532072-0d51-4e9a-9a95-9b37178f4e0c,hq_label,S8700,54,336118,
label_test_2,e3532072-0d51-4e9a-9a95-9b37178f4e0c,hq_label,S10700,75,336118,
label_test_2,e3532072-0d51-4e9a-9a95-9b37178f4e0c,hq_label,S11300,90,336118,
label_test_2,e3532072-0d51-4e9a-9a95-9b37178f4e0c,hq_label,S9300,67,336118,
label_test_2,71986603-7ebd-415c-85f3-4c6d3949bd9c,trening,S11300,40,85763,
label_test_2,71986603-7ebd-415c-85f3-4c6d3949bd9c,trening,S3500,1,85763,
label_test_2,71986603-7ebd-415c-85f3-4c6d3949bd9c,trening,S12000,100,85763,
label_test_2,71986603-7ebd-415c-85f3-4c6d3949bd9c,trening,S8000,22,85763,
label_test_2,71986603-7ebd-415c-85f3-4c6d3949bd9c,trening,S7000,22,85763,
label_test_2,71986603-7ebd-415c-85f3-4c6d3949bd9c,trening,S10000,61,85763,
label_test_2,71986603-7ebd-415c-85f3-4c6d3949bd9c,trening,S10700,100,85763,
label_test_2,71986603-7ebd-415c-85f3-4c6d3949bd9c,trening,S5500,21,85763,
label_test_2,71986603-7ebd-415c-85f3-4c6d3949bd9c,trening,S8700,61,85763,
label_test_2,71986603-7ebd-415c-85f3-4c6d3949bd9c,trening,S9300,81,85763,
label_test_2,71986603-7ebd-415c-85f3-4c6d3949bd9c,trening,reference,82,85763,
label_test_2,71986603-7ebd-415c-85f3-4c6d3949bd9c,hq_label,S5500,25,76336,
label_test_2,71986603-7ebd-415c-85f3-4c6d3949bd9c,hq_label,S11300,100,76336,
label_test_2,71986603-7ebd-415c-85f3-4c6d3949bd9c,hq_label,S3500,24,76336,
label_test_2,71986603-7ebd-415c-85f3-4c6d3949bd9c,hq_label,reference,100,76336,
label_test_2,71986603-7ebd-415c-85f3-4c6d3949bd9c,hq_label,S8000,61,76336,
label_test_2,71986603-7ebd-415c-85f3-4c6d3949bd9c,hq_label,S12000,100,76336,
label_test_2,71986603-7ebd-415c-85f3-4c6d3949bd9c,hq_label,S8700,81,76336,
label_test_2,71986603-7ebd-415c-85f3-4c6d3949bd9c,hq_label,S7000,42,76336,
label_test_2,71986603-7ebd-415c-85f3-4c6d3949bd9c,hq_label,S9300,81,76336,
label_test_2,71986603-7ebd-415c-85f3-4c6d3949bd9c,hq_label,S10700,81,76336,
label_test_2,71986603-7ebd-415c-85f3-4c6d3949bd9c,hq_label,S10000,100,76336,
label_test_2,71986603-7ebd-415c-85f3-4c6d3949bd9c,hq_label,S9300,83,106132,
label_test_2,71986603-7ebd-415c-85f3-4c6d3949bd9c,hq_label,S10000,80,106132,
label_test_2,71986603-7ebd-415c-85f3-4c6d3949bd9c,hq_label,S8000,80,106132,
label_test_2,71986603-7ebd-415c-85f3-4c6d3949bd9c,hq_label,reference,100,106132,
label_test_2,71986603-7ebd-415c-85f3-4c6d3949bd9c,hq_label,S5500,42,106132,
label_test_2,71986603-7ebd-415c-85f3-4c6d3949bd9c,hq_label,S7000,41,106132,
label_test_2,71986603-7ebd-415c-85f3-4c6d3949bd9c,hq_label,S3500,0,106132,
label_test_2,71986603-7ebd-415c-85f3-4c6d3949bd9c,hq_label,S8700,81,106132,
label_test_2,71986603-7ebd-415c-85f3-4c6d3949bd9c,hq_label,S11300,100,106132,
label_test_2,71986603-7ebd-415c-85f3-4c6d3949bd9c,hq_label,S12000,100,106132,
label_test_2,71986603-7ebd-415c-85f3-4c6d3949bd9c,hq_label,S10700,90,106132,
label_test_2,ea83633b-83be-44b2-b690-9fb55d4e97ed,trening,S11300,100,178535,
label_test_2,ea83633b-83be-44b2-b690-9fb55d4e97ed,trening,S8000,85,178535,
label_test_2,ea83633b-83be-44b2-b690-9fb55d4e97ed,trening,S5500,20,178535,
label_test_2,ea83633b-83be-44b2-b690-9fb55d4e97ed,trening,S10700,100,178535,
label_test_2,ea83633b-83be-44b2-b690-9fb55d4e97ed,trening,S8700,100,178535,
label_test_2,ea83633b-83be-44b2-b690-9fb55d4e97ed,trening,S3500,15,178535,
label_test_2,ea83633b-83be-44b2-b690-9fb55d4e97ed,trening,S12000,100,178535,
label_test_2,ea83633b-83be-44b2-b690-9fb55d4e97ed,trening,S10000,100,178535,
label_test_2,ea83633b-83be-44b2-b690-9fb55d4e97ed,trening,S9300,67,178535,
label_test_2,ea83633b-83be-44b2-b690-9fb55d4e97ed,trening,reference,100,178535,
label_test_2,ea83633b-83be-44b2-b690-9fb55d4e97ed,trening,S7000,85,178535,
label_test_2,ea83633b-83be-44b2-b690-9fb55d4e97ed,hq_label,S12000,100,95573,
label_test_2,ea83633b-83be-44b2-b690-9fb55d4e97ed,hq_label,reference,100,95573,
label_test_2,ea83633b-83be-44b2-b690-9fb55d4e97ed,hq_label,S11300,100,95573,
label_test_2,ea83633b-83be-44b2-b690-9fb55d4e97ed,hq_label,S10000,100,95573,
label_test_2,ea83633b-83be-44b2-b690-9fb55d4e97ed,hq_label,S5500,33,95573,
label_test_2,ea83633b-83be-44b2-b690-9fb55d4e97ed,hq_label,S3500,10,95573,
label_test_2,ea83633b-83be-44b2-b690-9fb55d4e97ed,hq_label,S9300,100,95573,
label_test_2,ea83633b-83be-44b2-b690-9fb55d4e97ed,hq_label,S8700,100,95573,
label_test_2,ea83633b-83be-44b2-b690-9fb55d4e97ed,hq_label,S7000,55,95573,
label_test_2,ea83633b-83be-44b2-b690-9fb55d4e97ed,hq_label,S8000,87,95573,
label_test_2,ea83633b-83be-44b2-b690-9fb55d4e97ed,hq_label,S10700,100,95573,
label_test_2,ea83633b-83be-44b2-b690-9fb55d4e97ed,hq_label,reference,100,78254,
label_test_2,ea83633b-83be-44b2-b690-9fb55d4e97ed,hq_label,S5500,49,78254,
label_test_2,ea83633b-83be-44b2-b690-9fb55d4e97ed,hq_label,S12000,100,78254,
label_test_2,ea83633b-83be-44b2-b690-9fb55d4e97ed,hq_label,S10700,100,78254,
label_test_2,ea83633b-83be-44b2-b690-9fb55d4e97ed,hq_label,S3500,12,78254,
label_test_2,ea83633b-83be-44b2-b690-9fb55d4e97ed,hq_label,S9300,100,78254,
label_test_2,ea83633b-83be-44b2-b690-9fb55d4e97ed,hq_label,S8000,73,78254,
label_test_2,ea83633b-83be-44b2-b690-9fb55d4e97ed,hq_label,S10000,100,78254,
label_test_2,ea83633b-83be-44b2-b690-9fb55d4e97ed,hq_label,S11300,100,78254,
label_test_2,ea83633b-83be-44b2-b690-9fb55d4e97ed,hq_label,S8700,100,78254,
label_test_2,ea83633b-83be-44b2-b690-9fb55d4e97ed,hq_label,S7000,32,78254,
label_test_2,5cd47fd9-6c05-4b44-895a-51f5bc8c4a3c,trening,S12000,81,297771,
label_test_2,5cd47fd9-6c05-4b44-895a-51f5bc8c4a3c,trening,S9300,52,297771,
label_test_2,5cd47fd9-6c05-4b44-895a-51f5bc8c4a3c,trening,S3500,31,297771,
label_test_2,5cd47fd9-6c05-4b44-895a-51f5bc8c4a3c,trening,reference,100,297771,
label_test_2,5cd47fd9-6c05-4b44-895a-51f5bc8c4a3c,trening,S10000,37,297771,
label_test_2,5cd47fd9-6c05-4b44-895a-51f5bc8c4a3c,trening,S8700,47,297771,
label_test_2,5cd47fd9-6c05-4b44-895a-51f5bc8c4a3c,trening,S7000,18,297771,
label_test_2,5cd47fd9-6c05-4b44-895a-51f5bc8c4a3c,trening,S8000,53,297771,
label_test_2,5cd47fd9-6c05-4b44-895a-51f5bc8c4a3c,trening,S11300,66,297771,
label_test_2,5cd47fd9-6c05-4b44-895a-51f5bc8c4a3c,trening,S10700,62,297771,
label_test_2,5cd47fd9-6c05-4b44-895a-51f5bc8c4a3c,trening,S5500,24,297771,
label_test_2,5cd47fd9-6c05-4b44-895a-51f5bc8c4a3c,hq_label,S11300,80,134000,
label_test_2,5cd47fd9-6c05-4b44-895a-51f5bc8c4a3c,hq_label,S8700,23,134000,
label_test_2,5cd47fd9-6c05-4b44-895a-51f5bc8c4a3c,hq_label,S8000,41,134000,
label_test_2,5cd47fd9-6c05-4b44-895a-51f5bc8c4a3c,hq_label,S12000,77,134000,
label_test_2,5cd47fd9-6c05-4b44-895a-51f5bc8c4a3c,hq_label,S10000,46,134000,
label_test_2,5cd47fd9-6c05-4b44-895a-51f5bc8c4a3c,hq_label,reference,100,134000,
label_test_2,5cd47fd9-6c05-4b44-895a-51f5bc8c4a3c,hq_label,S5500,84,134000,
label_test_2,5cd47fd9-6c05-4b44-895a-51f5bc8c4a3c,hq_label,S10700,57,134000,
label_test_2,5cd47fd9-6c05-4b44-895a-51f5bc8c4a3c,hq_label,S9300,49,134000,
label_test_2,5cd47fd9-6c05-4b44-895a-51f5bc8c4a3c,hq_label,S7000,10,134000,
label_test_2,5cd47fd9-6c05-4b44-895a-51f5bc8c4a3c,hq_label,S3500,0,134000,
label_test_2,5cd47fd9-6c05-4b44-895a-51f5bc8c4a3c,hq_label,S8000,27,158178,
label_test_2,5cd47fd9-6c05-4b44-895a-51f5bc8c4a3c,hq_label,S3500,0,158178,
label_test_2,5cd47fd9-6c05-4b44-895a-51f5bc8c4a3c,hq_label,S8700,38,158178,
label_test_2,5cd47fd9-6c05-4b44-895a-51f5bc8c4a3c,hq_label,S10700,55,158178,
label_test_2,5cd47fd9-6c05-4b44-895a-51f5bc8c4a3c,hq_label,reference,100,158178,
label_test_2,5cd47fd9-6c05-4b44-895a-51f5bc8c4a3c,hq_label,S9300,33,158178,
label_test_2,5cd47fd9-6c05-4b44-895a-51f5bc8c4a3c,hq_label,S5500,21,158178,
label_test_2,5cd47fd9-6c05-4b44-895a-51f5bc8c4a3c,hq_label,S11300,47,158178,
label_test_2,5cd47fd9-6c05-4b44-895a-51f5bc8c4a3c,hq_label,S10000,42,158178,
label_test_2,5cd47fd9-6c05-4b44-895a-51f5bc8c4a3c,hq_label,S7000,22,158178,
label_test_2,5cd47fd9-6c05-4b44-895a-51f5bc8c4a3c,hq_label,S12000,72,158178,
label_test_2,1e3bb1c6-6b0a-4fc7-9bc1-05adf5212d58,trening,S7000,51,456429,
label_test_2,1e3bb1c6-6b0a-4fc7-9bc1-05adf5212d58,trening,S10000,69,456429,
label_test_2,1e3bb1c6-6b0a-4fc7-9bc1-05adf5212d58,trening,reference,100,456429,
label_test_2,1e3bb1c6-6b0a-4fc7-9bc1-05adf5212d58,trening,S12000,75,456429,
label_test_2,1e3bb1c6-6b0a-4fc7-9bc1-05adf5212d58,trening,S5500,33,456429,
label_test_2,1e3bb1c6-6b0a-4fc7-9bc1-05adf5212d58,trening,S10700,78,456429,
label_test_2,1e3bb1c6-6b0a-4fc7-9bc1-05adf5212d58,trening,S9300,66,456429,
label_test_2,1e3bb1c6-6b0a-4fc7-9bc1-05adf5212d58,trening,S8700,45,456429,
label_test_2,1e3bb1c6-6b0a-4fc7-9bc1-05adf5212d58,trening,S8000,46,456429,
label_test_2,1e3bb1c6-6b0a-4fc7-9bc1-05adf5212d58,trening,S11300,72,456429,
label_test_2,1e3bb1c6-6b0a-4fc7-9bc1-05adf5212d58,trening,S3500,6,456429,
label_test_2,1e3bb1c6-6b0a-4fc7-9bc1-05adf5212d58,hq_label,S8700,36,246385,
label_test_2,1e3bb1c6-6b0a-4fc7-9bc1-05adf5212d58,hq_label,S10000,55,246385,
label_test_2,1e3bb1c6-6b0a-4fc7-9bc1-05adf5212d58,hq_label,S12000,81,246385,
label_test_2,1e3bb1c6-6b0a-4fc7-9bc1-05adf5212d58,hq_label,S3500,11,246385,
label_test_2,1e3bb1c6-6b0a-4fc7-9bc1-05adf5212d58,hq_label,S7000,52,246385,
label_test_2,1e3bb1c6-6b0a-4fc7-9bc1-05adf5212d58,hq_label,S5500,32,246385,
label_test_2,1e3bb1c6-6b0a-4fc7-9bc1-05adf5212d58,hq_label,S10700,77,246385,
label_test_2,1e3bb1c6-6b0a-4fc7-9bc1-05adf5212d58,hq_label,S11300,79,246385,
label_test_2,1e3bb1c6-6b0a-4fc7-9bc1-05adf5212d58,hq_label,S9300,68,246385,
label_test_2,1e3bb1c6-6b0a-4fc7-9bc1-05adf5212d58,hq_label,S8000,62,246385,
label_test_2,1e3bb1c6-6b0a-4fc7-9bc1-05adf5212d58,hq_label,reference,100,246385,
label_test_2,1e3bb1c6-6b0a-4fc7-9bc1-05adf5212d58,hq_label,S3500,13,172624,
label_test_2,1e3bb1c6-6b0a-4fc7-9bc1-05adf5212d58,hq_label,S8700,40,172624,
label_test_2,1e3bb1c6-6b0a-4fc7-9bc1-05adf5212d58,hq_label,reference,100,172624,
label_test_2,1e3bb1c6-6b0a-4fc7-9bc1-05adf5212d58,hq_label,S8000,54,172624,
label_test_2,1e3bb1c6-6b0a-4fc7-9bc1-05adf5212d58,hq_label,S5500,13,172624,
label_test_2,1e3bb1c6-6b0a-4fc7-9bc1-05adf5212d58,hq_label,S11300,65,172624,
label_test_2,1e3bb1c6-6b0a-4fc7-9bc1-05adf5212d58,hq_label,S10700,71,172624,
label_test_2,1e3bb1c6-6b0a-4fc7-9bc1-05adf5212d58,hq_label,S9300,55,172624,
label_test_2,1e3bb1c6-6b0a-4fc7-9bc1-05adf5212d58,hq_label,S7000,33,172624,
label_test_2,1e3bb1c6-6b0a-4fc7-9bc1-05adf5212d58,hq_label,S12000,62,172624,
label_test_2,1e3bb1c6-6b0a-4fc7-9bc1-05adf5212d58,hq_label,S10000,71,172624,
label_test_2,33859ec3-15c0-4b47-9648-ce30cabac693,trening,S8700,59,162755,
label_test_2,33859ec3-15c0-4b47-9648-ce30cabac693,trening,S8000,62,162755,
label_test_2,33859ec3-15c0-4b47-9648-ce30cabac693,trening,S10000,29,162755,
label_test_2,33859ec3-15c0-4b47-9648-ce30cabac693,trening,S10700,80,162755,
label_test_2,33859ec3-15c0-4b47-9648-ce30cabac693,trening,S12000,68,162755,
label_test_2,33859ec3-15c0-4b47-9648-ce30cabac693,trening,S7000,71,162755,
label_test_2,33859ec3-15c0-4b47-9648-ce30cabac693,trening,S9300,89,162755,
label_test_2,33859ec3-15c0-4b47-9648-ce30cabac693,trening,S5500,70,162755,
label_test_2,33859ec3-15c0-4b47-9648-ce30cabac693,trening,reference,100,162755,
label_test_2,33859ec3-15c0-4b47-9648-ce30cabac693,trening,S11300,83,162755,
label_test_2,33859ec3-15c0-4b47-9648-ce30cabac693,trening,S3500,17,162755,
label_test_2,33859ec3-15c0-4b47-9648-ce30cabac693,hq_label,S9300,71,70468,
label_test_2,33859ec3-15c0-4b47-9648-ce30cabac693,hq_label,S5500,31,70468,
label_test_2,33859ec3-15c0-4b47-9648-ce30cabac693,hq_label,S10700,71,70468,
label_test_2,33859ec3-15c0-4b47-9648-ce30cabac693,hq_label,S12000,86,70468,
label_test_2,33859ec3-15c0-4b47-9648-ce30cabac693,hq_label,S11300,75,70468,
label_test_2,33859ec3-15c0-4b47-9648-ce30cabac693,hq_label,S8000,50,70468,
label_test_2,33859ec3-15c0-4b47-9648-ce30cabac693,hq_label,S7000,37,70468,
label_test_2,33859ec3-15c0-4b47-9648-ce30cabac693,hq_label,S3500,27,70468,
label_test_2,33859ec3-15c0-4b47-9648-ce30cabac693,hq_label,reference,100,70468,
label_test_2,33859ec3-15c0-4b47-9648-ce30cabac693,hq_label,S10000,70,70468,
label_test_2,33859ec3-15c0-4b47-9648-ce30cabac693,hq_label,S8700,46,70468,
label_test_2,33859ec3-15c0-4b47-9648-ce30cabac693,hq_label,S8700,71,54719,
label_test_2,33859ec3-15c0-4b47-9648-ce30cabac693,hq_label,S3500,34,54719,
label_test_2,33859ec3-15c0-4b47-9648-ce30cabac693,hq_label,S10700,78,54719,
label_test_2,33859ec3-15c0-4b47-9648-ce30cabac693,hq_label,S10000,57,54719,
label_test_2,33859ec3-15c0-4b47-9648-ce30cabac693,hq_label,S9300,63,54719,
label_test_2,33859ec3-15c0-4b47-9648-ce30cabac693,hq_label,reference,83,54719,
label_test_2,33859ec3-15c0-4b47-9648-ce30cabac693,hq_label,S8000,51,54719,
label_test_2,33859ec3-15c0-4b47-9648-ce30cabac693,hq_label,S7000,32,54719,
label_test_2,33859ec3-15c0-4b47-9648-ce30cabac693,hq_label,S5500,22,54719,
label_test_2,33859ec3-15c0-4b47-9648-ce30cabac693,hq_label,S12000,83,54719,
label_test_2,33859ec3-15c0-4b47-9648-ce30cabac693,hq_label,S11300,91,54719,
label_test_2,b1669c8d-0a7f-4a5b-a9db-07fb7d75bc7d,trening,S11300,75,173211,
label_test_2,b1669c8d-0a7f-4a5b-a9db-07fb7d75bc7d,trening,S3500,27,173211,
label_test_2,b1669c8d-0a7f-4a5b-a9db-07fb7d75bc7d,trening,S10000,60,173211,
label_test_2,b1669c8d-0a7f-4a5b-a9db-07fb7d75bc7d,trening,reference,100,173211,
label_test_2,b1669c8d-0a7f-4a5b-a9db-07fb7d75bc7d,trening,S5500,34,173211,
label_test_2,b1669c8d-0a7f-4a5b-a9db-07fb7d75bc7d,trening,S8000,22,173211,
label_test_2,b1669c8d-0a7f-4a5b-a9db-07fb7d75bc7d,trening,S8700,40,173211,
label_test_2,b1669c8d-0a7f-4a5b-a9db-07fb7d75bc7d,trening,S12000,84,173211,
label_test_2,b1669c8d-0a7f-4a5b-a9db-07fb7d75bc7d,trening,S9300,38,173211,
label_test_2,b1669c8d-0a7f-4a5b-a9db-07fb7d75bc7d,trening,S7000,21,173211,
label_test_2,b1669c8d-0a7f-4a5b-a9db-07fb7d75bc7d,trening,S10700,51,173211,
label_test_2,b1669c8d-0a7f-4a5b-a9db-07fb7d75bc7d,hq_label,S8700,30,84199,
label_test_2,b1669c8d-0a7f-4a5b-a9db-07fb7d75bc7d,hq_label,S3500,11,84199,
label_test_2,b1669c8d-0a7f-4a5b-a9db-07fb7d75bc7d,hq_label,S7000,33,84199,
label_test_2,b1669c8d-0a7f-4a5b-a9db-07fb7d75bc7d,hq_label,S12000,71,84199,
label_test_2,b1669c8d-0a7f-4a5b-a9db-07fb7d75bc7d,hq_label,S10000,51,84199,
label_test_2,b1669c8d-0a7f-4a5b-a9db-07fb7d75bc7d,hq_label,reference,87,84199,
label_test_2,b1669c8d-0a7f-4a5b-a9db-07fb7d75bc7d,hq_label,S5500,15,84199,
label_test_2,b1669c8d-0a7f-4a5b-a9db-07fb7d75bc7d,hq_label,S8000,39,84199,
label_test_2,b1669c8d-0a7f-4a5b-a9db-07fb7d75bc7d,hq_label,S10700,61,84199,
label_test_2,b1669c8d-0a7f-4a5b-a9db-07fb7d75bc7d,hq_label,S9300,42,84199,
label_test_2,b1669c8d-0a7f-4a5b-a9db-07fb7d75bc7d,hq_label,S11300,76,84199,
label_test_2,b1669c8d-0a7f-4a5b-a9db-07fb7d75bc7d,hq_label,S7000,52,73289,
label_test_2,b1669c8d-0a7f-4a5b-a9db-07fb7d75bc7d,hq_label,S9300,61,73289,
label_test_2,b1669c8d-0a7f-4a5b-a9db-07fb7d75bc7d,hq_label,S11300,79,73289,
label_test_2,b1669c8d-0a7f-4a5b-a9db-07fb7d75bc7d,hq_label,S5500,34,73289,
label_test_2,b1669c8d-0a7f-4a5b-a9db-07fb7d75bc7d,hq_label,S3500,15,73289,
label_test_2,b1669c8d-0a7f-4a5b-a9db-07fb7d75bc7d,hq_label,S8700,44,73289,
label_test_2,b1669c8d-0a7f-4a5b-a9db-07fb7d75bc7d,hq_label,S10700,64,73289,
label_test_2,b1669c8d-0a7f-4a5b-a9db-07fb7d75bc7d,hq_label,reference,92,73289,
label_test_2,b1669c8d-0a7f-4a5b-a9db-07fb7d75bc7d,hq_label,S10000,56,73289,
label_test_2,b1669c8d-0a7f-4a5b-a9db-07fb7d75bc7d,hq_label,S8000,35,73289,
label_test_2,b1669c8d-0a7f-4a5b-a9db-07fb7d75bc7d,hq_label,S12000,83,73289,
label_test_2,32947645-bde0-4aaa-9fca-fb10bf968bc7,trening,S8000,48,305122,
label_test_2,32947645-bde0-4aaa-9fca-fb10bf968bc7,trening,reference,100,305122,
label_test_2,32947645-bde0-4aaa-9fca-fb10bf968bc7,trening,S7000,35,305122,
label_test_2,32947645-bde0-4aaa-9fca-fb10bf968bc7,trening,S11300,79,305122,
label_test_2,32947645-bde0-4aaa-9fca-fb10bf968bc7,trening,S9300,58,305122,
label_test_2,32947645-bde0-4aaa-9fca-fb10bf968bc7,trening,S10700,74,305122,
label_test_2,32947645-bde0-4aaa-9fca-fb10bf968bc7,trening,S5500,9,305122,
label_test_2,32947645-bde0-4aaa-9fca-fb10bf968bc7,trening,S10000,60,305122,
label_test_2,32947645-bde0-4aaa-9fca-fb10bf968bc7,trening,S12000,85,305122,
label_test_2,32947645-bde0-4aaa-9fca-fb10bf968bc7,trening,S3500,0,305122,
label_test_2,32947645-bde0-4aaa-9fca-fb10bf968bc7,trening,S8700,52,305122,
label_test_2,32947645-bde0-4aaa-9fca-fb10bf968bc7,hq_label,S8700,58,299739,
label_test_2,32947645-bde0-4aaa-9fca-fb10bf968bc7,hq_label,S5500,21,299739,
label_test_2,32947645-bde0-4aaa-9fca-fb10bf968bc7,hq_label,S10000,74,299739,
label_test_2,32947645-bde0-4aaa-9fca-fb10bf968bc7,hq_label,S10700,83,299739,
label_test_2,32947645-bde0-4aaa-9fca-fb10bf968bc7,hq_label,S7000,34,299739,
label_test_2,32947645-bde0-4aaa-9fca-fb10bf968bc7,hq_label,S3500,0,299739,
label_test_2,32947645-bde0-4aaa-9fca-fb10bf968bc7,hq_label,S12000,94,299739,
label_test_2,32947645-bde0-4aaa-9fca-fb10bf968bc7,hq_label,S8000,40,299739,
label_test_2,32947645-bde0-4aaa-9fca-fb10bf968bc7,hq_label,reference,100,299739,
label_test_2,32947645-bde0-4aaa-9fca-fb10bf968bc7,hq_label,S11300,83,299739,
label_test_2,32947645-bde0-4aaa-9fca-fb10bf968bc7,hq_label,S9300,52,299739,
label_test_2,32947645-bde0-4aaa-9fca-fb10bf968bc7,hq_label,S9300,50,188422,
label_test_2,32947645-bde0-4aaa-9fca-fb10bf968bc7,hq_label,reference,100,188422,
label_test_2,32947645-bde0-4aaa-9fca-fb10bf968bc7,hq_label,S11300,71,188422,
label_test_2,32947645-bde0-4aaa-9fca-fb10bf968bc7,hq_label,S10700,71,188422,
label_test_2,32947645-bde0-4aaa-9fca-fb10bf968bc7,hq_label,S7000,30,188422,
label_test_2,32947645-bde0-4aaa-9fca-fb10bf968bc7,hq_label,S12000,79,188422,
label_test_2,32947645-bde0-4aaa-9fca-fb10bf968bc7,hq_label,S8000,31,188422,
label_test_2,32947645-bde0-4aaa-9fca-fb10bf968bc7,hq_label,S10000,50,188422,
label_test_2,32947645-bde0-4aaa-9fca-fb10bf968bc7,hq_label,S8700,33,188422,
label_test_2,32947645-bde0-4aaa-9fca-fb10bf968bc7,hq_label,S3500,0,188422,
label_test_2,32947645-bde0-4aaa-9fca-fb10bf968bc7,hq_label,S5500,22,188422,
label_test_2,7a72e37f-01f6-403b-9257-4ba632d34a04,trening,S10700,71,261199,
label_test_2,7a72e37f-01f6-403b-9257-4ba632d34a04,trening,S5500,10,261199,
label_test_2,7a72e37f-01f6-403b-9257-4ba632d34a04,trening,S10000,44,261199,
label_test_2,7a72e37f-01f6-403b-9257-4ba632d34a04,trening,S8000,25,261199,
label_test_2,7a72e37f-01f6-403b-9257-4ba632d34a04,trening,S12000,87,261199,
label_test_2,7a72e37f-01f6-403b-9257-4ba632d34a04,trening,S8700,35,261199,
label_test_2,7a72e37f-01f6-403b-9257-4ba632d34a04,trening,S9300,51,261199,
label_test_2,7a72e37f-01f6-403b-9257-4ba632d34a04,trening,S3500,0,261199,
label_test_2,7a72e37f-01f6-403b-9257-4ba632d34a04,trening,S7000,20,261199,
label_test_2,7a72e37f-01f6-403b-9257-4ba632d34a04,trening,S11300,86,261199,
label_test_2,7a72e37f-01f6-403b-9257-4ba632d34a04,trening,reference,100,261199,
label_test_2,7a72e37f-01f6-403b-9257-4ba632d34a04,hq_label,reference,90,58884,
label_test_2,7a72e37f-01f6-403b-9257-4ba632d34a04,hq_label,S11300,49,58884,
label_test_2,7a72e37f-01f6-403b-9257-4ba632d34a04,hq_label,S3500,0,58884,
label_test_2,7a72e37f-01f6-403b-9257-4ba632d34a04,hq_label,S10700,79,58884,
label_test_2,7a72e37f-01f6-403b-9257-4ba632d34a04,hq_label,S8000,29,58884,
label_test_2,7a72e37f-01f6-403b-9257-4ba632d34a04,hq_label,S10000,58,58884,
label_test_2,7a72e37f-01f6-403b-9257-4ba632d34a04,hq_label,S5500,20,58884,
label_test_2,7a72e37f-01f6-403b-9257-4ba632d34a04,hq_label,S12000,100,58884,
label_test_2,7a72e37f-01f6-403b-9257-4ba632d34a04,hq_label,S7000,25,58884,
label_test_2,7a72e37f-01f6-403b-9257-4ba632d34a04,hq_label,S8700,43,58884,
label_test_2,7a72e37f-01f6-403b-9257-4ba632d34a04,hq_label,S9300,59,58884,
label_test_2,7a72e37f-01f6-403b-9257-4ba632d34a04,hq_label,S10000,46,53884,
label_test_2,7a72e37f-01f6-403b-9257-4ba632d34a04,hq_label,S5500,34,53884,
label_test_2,7a72e37f-01f6-403b-9257-4ba632d34a04,hq_label,reference,100,53884,
label_test_2,7a72e37f-01f6-403b-9257-4ba632d34a04,hq_label,S8700,45,53884,
label_test_2,7a72e37f-01f6-403b-9257-4ba632d34a04,hq_label,S12000,84,53884,
label_test_2,7a72e37f-01f6-403b-9257-4ba632d34a04,hq_label,S10700,76,53884,
label_test_2,7a72e37f-01f6-403b-9257-4ba632d34a04,hq_label,S8000,53,53884,
label_test_2,7a72e37f-01f6-403b-9257-4ba632d34a04,hq_label,S9300,66,53884,
label_test_2,7a72e37f-01f6-403b-9257-4ba632d34a04,hq_label,S11300,85,53884,
label_test_2,7a72e37f-01f6-403b-9257-4ba632d34a04,hq_label,S7000,23,53884,
label_test_2,7a72e37f-01f6-403b-9257-4ba632d34a04,hq_label,S3500,9,53884,
label_test_2,34674259-04e0-4a7f-bab6-f386159ffbd8,trening,S12000,100,219584,
label_test_2,34674259-04e0-4a7f-bab6-f386159ffbd8,trening,S9300,91,219584,
label_test_2,34674259-04e0-4a7f-bab6-f386159ffbd8,trening,S7000,70,219584,
label_test_2,34674259-04e0-4a7f-bab6-f386159ffbd8,trening,S8000,89,219584,
label_test_2,34674259-04e0-4a7f-bab6-f386159ffbd8,trening,S10000,96,219584,
label_test_2,34674259-04e0-4a7f-bab6-f386159ffbd8,trening,S11300,100,219584,
label_test_2,34674259-04e0-4a7f-bab6-f386159ffbd8,trening,S3500,50,219584,
label_test_2,34674259-04e0-4a7f-bab6-f386159ffbd8,trening,reference,90,219584,
label_test_2,34674259-04e0-4a7f-bab6-f386159ffbd8,trening,S8700,80,219584,
label_test_2,34674259-04e0-4a7f-bab6-f386159ffbd8,trening,S5500,40,219584,
label_test_2,34674259-04e0-4a7f-bab6-f386159ffbd8,trening,S10700,95,219584,
label_test_2,34674259-04e0-4a7f-bab6-f386159ffbd8,hq_label,reference,98,50848,
label_test_2,34674259-04e0-4a7f-bab6-f386159ffbd8,hq_label,S9300,75,50848,
label_test_2,34674259-04e0-4a7f-bab6-f386159ffbd8,hq_label,S7000,60,50848,
label_test_2,34674259-04e0-4a7f-bab6-f386159ffbd8,hq_label,S8700,85,50848,
label_test_2,34674259-04e0-4a7f-bab6-f386159ffbd8,hq_label,S11300,96,50848,
label_test_2,34674259-04e0-4a7f-bab6-f386159ffbd8,hq_label,S3500,40,50848,
label_test_2,34674259-04e0-4a7f-bab6-f386159ffbd8,hq_label,S10000,91,50848,
label_test_2,34674259-04e0-4a7f-bab6-f386159ffbd8,hq_label,S8000,73,50848,
label_test_2,34674259-04e0-4a7f-bab6-f386159ffbd8,hq_label,S5500,45,50848,
label_test_2,34674259-04e0-4a7f-bab6-f386159ffbd8,hq_label,S10700,97,50848,
label_test_2,34674259-04e0-4a7f-bab6-f386159ffbd8,hq_label,S12000,100,50848,
label_test_2,34674259-04e0-4a7f-bab6-f386159ffbd8,hq_label,S10700,85,38656,
label_test_2,34674259-04e0-4a7f-bab6-f386159ffbd8,hq_label,S8000,72,38656,
label_test_2,34674259-04e0-4a7f-bab6-f386159ffbd8,hq_label,S9300,95,38656,
label_test_2,34674259-04e0-4a7f-bab6-f386159ffbd8,hq_label,S3500,47,38656,
label_test_2,34674259-04e0-4a7f-bab6-f386159ffbd8,hq_label,S11300,96,38656,
label_test_2,34674259-04e0-4a7f-bab6-f386159ffbd8,hq_label,S5500,59,38656,
label_test_2,34674259-04e0-4a7f-bab6-f386159ffbd8,hq_label,S10000,70,38656,
label_test_2,34674259-04e0-4a7f-bab6-f386159ffbd8,hq_label,reference,100,38656,
label_test_2,34674259-04e0-4a7f-bab6-f386159ffbd8,hq_label,S8700,81,38656,
label_test_2,34674259-04e0-4a7f-bab6-f386159ffbd8,hq_label,S12000,89,38656,
label_test_2,34674259-04e0-4a7f-bab6-f386159ffbd8,hq_label,S7000,44,38656,
label_test_2,edef14c5-bdac-47a8-9ec3-f9cb98c97b12,trening,S10000,49,177700,
label_test_2,edef14c5-bdac-47a8-9ec3-f9cb98c97b12,trening,S12000,91,177700,
label_test_2,edef14c5-bdac-47a8-9ec3-f9cb98c97b12,trening,S9300,37,177700,
label_test_2,edef14c5-bdac-47a8-9ec3-f9cb98c97b12,trening,S11300,84,177700,
label_test_2,edef14c5-bdac-47a8-9ec3-f9cb98c97b12,trening,S10700,71,177700,
label_test_2,edef14c5-bdac-47a8-9ec3-f9cb98c97b12,trening,S8700,59,177700,
label_test_2,edef14c5-bdac-47a8-9ec3-f9cb98c97b12,trening,S8000,41,177700,
label_test_2,edef14c5-bdac-47a8-9ec3-f9cb98c97b12,trening,reference,92,177700,
label_test_2,edef14c5-bdac-47a8-9ec3-f9cb98c97b12,trening,S5500,14,177700,
label_test_2,edef14c5-bdac-47a8-9ec3-f9cb98c97b12,trening,S7000,27,177700,
label_test_2,edef14c5-bdac-47a8-9ec3-f9cb98c97b12,trening,S3500,11,177700,
label_test_2,edef14c5-bdac-47a8-9ec3-f9cb98c97b12,hq_label,S5500,34,97677,
label_test_2,edef14c5-bdac-47a8-9ec3-f9cb98c97b12,hq_label,S10700,89,97677,
label_test_2,edef14c5-bdac-47a8-9ec3-f9cb98c97b12,hq_label,S3500,21,97677,
label_test_2,edef14c5-bdac-47a8-9ec3-f9cb98c97b12,hq_label,S11300,77,97677,
label_test_2,edef14c5-bdac-47a8-9ec3-f9cb98c97b12,hq_label,S10000,87,97677,
label_test_2,edef14c5-bdac-47a8-9ec3-f9cb98c97b12,hq_label,S7000,63,97677,
label_test_2,edef14c5-bdac-47a8-9ec3-f9cb98c97b12,hq_label,S8000,54,97677,
label_test_2,edef14c5-bdac-47a8-9ec3-f9cb98c97b12,hq_label,S9300,65,97677,
label_test_2,edef14c5-bdac-47a8-9ec3-f9cb98c97b12,hq_label,S8700,51,97677,
label_test_2,edef14c5-bdac-47a8-9ec3-f9cb98c97b12,hq_label,S12000,70,97677,
label_test_2,edef14c5-bdac-47a8-9ec3-f9cb98c97b12,hq_label,reference,100,97677,
label_test_2,edef14c5-bdac-47a8-9ec3-f9cb98c97b12,hq_label,S12000,73,69828,
label_test_2,edef14c5-bdac-47a8-9ec3-f9cb98c97b12,hq_label,S8000,58,69828,
label_test_2,edef14c5-bdac-47a8-9ec3-f9cb98c97b12,hq_label,S10700,78,69828,
label_test_2,edef14c5-bdac-47a8-9ec3-f9cb98c97b12,hq_label,S7000,52,69828,
label_test_2,edef14c5-bdac-47a8-9ec3-f9cb98c97b12,hq_label,S10000,40,69828,
label_test_2,edef14c5-bdac-47a8-9ec3-f9cb98c97b12,hq_label,S11300,66,69828,
label_test_2,edef14c5-bdac-47a8-9ec3-f9cb98c97b12,hq_label,S3500,28,69828,
label_test_2,edef14c5-bdac-47a8-9ec3-f9cb98c97b12,hq_label,S8700,47,69828,
label_test_2,edef14c5-bdac-47a8-9ec3-f9cb98c97b12,hq_label,S5500,33,69828,
label_test_2,edef14c5-bdac-47a8-9ec3-f9cb98c97b12,hq_label,S9300,59,69828,
label_test_2,edef14c5-bdac-47a8-9ec3-f9cb98c97b12,hq_label,reference,100,69828,
label_test_2,f4d48321-a107-494b-b23e-168d9fa3ab16,trening,S7000,41,168445,
label_test_2,f4d48321-a107-494b-b23e-168d9fa3ab16,trening,S8000,58,168445,
label_test_2,f4d48321-a107-494b-b23e-168d9fa3ab16,trening,reference,100,168445,
label_test_2,f4d48321-a107-494b-b23e-168d9fa3ab16,trening,S11300,73,168445,
label_test_2,f4d48321-a107-494b-b23e-168d9fa3ab16,trening,S8700,62,168445,
label_test_2,f4d48321-a107-494b-b23e-168d9fa3ab16,trening,S3500,21,168445,
label_test_2,f4d48321-a107-494b-b23e-168d9fa3ab16,trening,S9300,59,168445,
label_test_2,f4d48321-a107-494b-b23e-168d9fa3ab16,trening,S10000,76,168445,
label_test_2,f4d48321-a107-494b-b23e-168d9fa3ab16,trening,S10700,65,168445,
label_test_2,f4d48321-a107-494b-b23e-168d9fa3ab16,trening,S12000,87,168445,
label_test_2,f4d48321-a107-494b-b23e-168d9fa3ab16,trening,S5500,29,168445,
label_test_2,f4d48321-a107-494b-b23e-168d9fa3ab16,hq_label,S3500,13,104097,
label_test_2,f4d48321-a107-494b-b23e-168d9fa3ab16,hq_label,S8700,51,104097,
label_test_2,f4d48321-a107-494b-b23e-168d9fa3ab16,hq_label,S7000,25,104097,
label_test_2,f4d48321-a107-494b-b23e-168d9fa3ab16,hq_label,reference,100,104097,
label_test_2,f4d48321-a107-494b-b23e-168d9fa3ab16,hq_label,S10000,55,104097,
label_test_2,f4d48321-a107-494b-b23e-168d9fa3ab16,hq_label,S11300,81,104097,
label_test_2,f4d48321-a107-494b-b23e-168d9fa3ab16,hq_label,S8000,44,104097,
label_test_2,f4d48321-a107-494b-b23e-168d9fa3ab16,hq_label,S5500,32,104097,
label_test_2,f4d48321-a107-494b-b23e-168d9fa3ab16,hq_label,S12000,60,104097,
label_test_2,f4d48321-a107-494b-b23e-168d9fa3ab16,hq_label,S10700,87,104097,
label_test_2,f4d48321-a107-494b-b23e-168d9fa3ab16,hq_label,S9300,74,104097,
label_test_2,f4d48321-a107-494b-b23e-168d9fa3ab16,hq_label,S9300,47,80980,
label_test_2,f4d48321-a107-494b-b23e-168d9fa3ab16,hq_label,S12000,87,80980,
label_test_2,f4d48321-a107-494b-b23e-168d9fa3ab16,hq_label,S8700,43,80980,
label_test_2,f4d48321-a107-494b-b23e-168d9fa3ab16,hq_label,S10000,80,80980,
label_test_2,f4d48321-a107-494b-b23e-168d9fa3ab16,hq_label,reference,100,80980,
label_test_2,f4d48321-a107-494b-b23e-168d9fa3ab16,hq_label,S8000,30,80980,
label_test_2,f4d48321-a107-494b-b23e-168d9fa3ab16,hq_label,S10700,54,80980,
label_test_2,f4d48321-a107-494b-b23e-168d9fa3ab16,hq_label,S7000,26,80980,
label_test_2,f4d48321-a107-494b-b23e-168d9fa3ab16,hq_label,S5500,16,80980,
label_test_2,f4d48321-a107-494b-b23e-168d9fa3ab16,hq_label,S3500,8,80980,
label_test_2,f4d48321-a107-494b-b23e-168d9fa3ab16,hq_label,S11300,87,80980,
label_test_2,615940c7-35c5-4aa0-be03-7cb6988e159d,trening,S10700,50,252902,
label_test_2,615940c7-35c5-4aa0-be03-7cb6988e159d,trening,S8000,20,252902,
label_test_2,615940c7-35c5-4aa0-be03-7cb6988e159d,trening,S5500,15,252902,
label_test_2,615940c7-35c5-4aa0-be03-7cb6988e159d,trening,S3500,25,252902,
label_test_2,615940c7-35c5-4aa0-be03-7cb6988e159d,trening,S9300,40,252902,
label_test_2,615940c7-35c5-4aa0-be03-7cb6988e159d,trening,S7000,17,252902,
label_test_2,615940c7-35c5-4aa0-be03-7cb6988e159d,trening,S8700,35,252902,
label_test_2,615940c7-35c5-4aa0-be03-7cb6988e159d,trening,S12000,80,252902,
label_test_2,615940c7-35c5-4aa0-be03-7cb6988e159d,trening,reference,100,252902,
label_test_2,615940c7-35c5-4aa0-be03-7cb6988e159d,trening,S10000,45,252902,
label_test_2,615940c7-35c5-4aa0-be03-7cb6988e159d,trening,S11300,70,252902,
label_test_2,615940c7-35c5-4aa0-be03-7cb6988e159d,hq_label,reference,100,99492,
label_test_2,615940c7-35c5-4aa0-be03-7cb6988e159d,hq_label,S8000,15,99492,
label_test_2,615940c7-35c5-4aa0-be03-7cb6988e159d,hq_label,S10000,75,99492,
label_test_2,615940c7-35c5-4aa0-be03-7cb6988e159d,hq_label,S7000,10,99492,
label_test_2,615940c7-35c5-4aa0-be03-7cb6988e159d,hq_label,S10700,60,99492,
label_test_2,615940c7-35c5-4aa0-be03-7cb6988e159d,hq_label,S12000,70,99492,
label_test_2,615940c7-35c5-4aa0-be03-7cb6988e159d,hq_label,S5500,35,99492,
label_test_2,615940c7-35c5-4aa0-be03-7cb6988e159d,hq_label,S11300,50,99492,
label_test_2,615940c7-35c5-4aa0-be03-7cb6988e159d,hq_label,S3500,0,99492,
label_test_2,615940c7-35c5-4aa0-be03-7cb6988e159d,hq_label,S9300,30,99492,
label_test_2,615940c7-35c5-4aa0-be03-7cb6988e159d,hq_label,S8700,40,99492,
label_test_2,615940c7-35c5-4aa0-be03-7cb6988e159d,hq_label,S3500,0,99653,
label_test_2,615940c7-35c5-4aa0-be03-7cb6988e159d,hq_label,S8000,20,99653,
label_test_2,615940c7-35c5-4aa0-be03-7cb6988e159d,hq_label,S7000,25,99653,
label_test_2,615940c7-35c5-4aa0-be03-7cb6988e159d,hq_label,S5500,35,99653,
label_test_2,615940c7-35c5-4aa0-be03-7cb6988e159d,hq_label,S10000,40,99653,
label_test_2,615940c7-35c5-4aa0-be03-7cb6988e159d,hq_label,S12000,75,99653,
label_test_2,615940c7-35c5-4aa0-be03-7cb6988e159d,hq_label,S11300,80,99653,
label_test_2,615940c7-35c5-4aa0-be03-7cb6988e159d,hq_label,S10700,70,99653,
label_test_2,615940c7-35c5-4aa0-be03-7cb6988e159d,hq_label,S9300,35,99653,
label_test_2,615940c7-35c5-4aa0-be03-7cb6988e159d,hq_label,S8700,15,99653,
label_test_2,615940c7-35c5-4aa0-be03-7cb6988e159d,hq_label,reference,100,99653,
label_test_2,672cbc8e-262b-4b88-880e-bd1ce260cb1b,trening,S7000,50,88447,
label_test_2,672cbc8e-262b-4b88-880e-bd1ce260cb1b,trening,S9300,65,88447,
label_test_2,672cbc8e-262b-4b88-880e-bd1ce260cb1b,trening,S11300,75,88447,
label_test_2,672cbc8e-262b-4b88-880e-bd1ce260cb1b,trening,S10000,82,88447,
label_test_2,672cbc8e-262b-4b88-880e-bd1ce260cb1b,trening,S8700,36,88447,
label_test_2,672cbc8e-262b-4b88-880e-bd1ce260cb1b,trening,S12000,100,88447,
label_test_2,672cbc8e-262b-4b88-880e-bd1ce260cb1b,trening,S8000,57,88447,
label_test_2,672cbc8e-262b-4b88-880e-bd1ce260cb1b,trening,S3500,21,88447,
label_test_2,672cbc8e-262b-4b88-880e-bd1ce260cb1b,trening,S10700,95,88447,
label_test_2,672cbc8e-262b-4b88-880e-bd1ce260cb1b,trening,S5500,35,88447,
label_test_2,672cbc8e-262b-4b88-880e-bd1ce260cb1b,trening,reference,100,88447,
label_test_2,672cbc8e-262b-4b88-880e-bd1ce260cb1b,hq_label,S11300,95,77226,
label_test_2,672cbc8e-262b-4b88-880e-bd1ce260cb1b,hq_label,S7000,41,77226,
label_test_2,672cbc8e-262b-4b88-880e-bd1ce260cb1b,hq_label,S9300,61,77226,
label_test_2,672cbc8e-262b-4b88-880e-bd1ce260cb1b,hq_label,S5500,25,77226,
label_test_2,672cbc8e-262b-4b88-880e-bd1ce260cb1b,hq_label,S12000,97,77226,
label_test_2,672cbc8e-262b-4b88-880e-bd1ce260cb1b,hq_label,S8000,59,77226,
label_test_2,672cbc8e-262b-4b88-880e-bd1ce260cb1b,hq_label,S10700,94,77226,
label_test_2,672cbc8e-262b-4b88-880e-bd1ce260cb1b,hq_label,S8700,71,77226,
label_test_2,672cbc8e-262b-4b88-880e-bd1ce260cb1b,hq_label,reference,100,77226,
label_test_2,672cbc8e-262b-4b88-880e-bd1ce260cb1b,hq_label,S10000,81,77226,
label_test_2,672cbc8e-262b-4b88-880e-bd1ce260cb1b,hq_label,S3500,11,77226,
label_test_2,672cbc8e-262b-4b88-880e-bd1ce260cb1b,hq_label,S5500,14,50784,
label_test_2,672cbc8e-262b-4b88-880e-bd1ce260cb1b,hq_label,S9300,59,50784,
label_test_2,672cbc8e-262b-4b88-880e-bd1ce260cb1b,hq_label,S8000,44,50784,
label_test_2,672cbc8e-262b-4b88-880e-bd1ce260cb1b,hq_label,S11300,100,50784,
label_test_2,672cbc8e-262b-4b88-880e-bd1ce260cb1b,hq_label,S10000,87,50784,
label_test_2,672cbc8e-262b-4b88-880e-bd1ce260cb1b,hq_label,S10700,100,50784,
label_test_2,672cbc8e-262b-4b88-880e-bd1ce260cb1b,hq_label,S3500,13,50784,
label_test_2,672cbc8e-262b-4b88-880e-bd1ce260cb1b,hq_label,S12000,100,50784,
label_test_2,672cbc8e-262b-4b88-880e-bd1ce260cb1b,hq_label,reference,100,50784,
label_test_2,672cbc8e-262b-4b88-880e-bd1ce260cb1b,hq_label,S7000,41,50784,
label_test_2,672cbc8e-262b-4b88-880e-bd1ce260cb1b,hq_label,S8700,54,50784,
label_test_2,9205a510-af66-423f-bd01-df30650e3b25,trening,S3500,65,159565,
label_test_2,9205a510-af66-423f-bd01-df30650e3b25,trening,S8000,70,159565,
label_test_2,9205a510-af66-423f-bd01-df30650e3b25,trening,S9300,85,159565,
label_test_2,9205a510-af66-423f-bd01-df30650e3b25,trening,S11300,95,159565,
label_test_2,9205a510-af66-423f-bd01-df30650e3b25,trening,reference,100,159565,
label_test_2,9205a510-af66-423f-bd01-df30650e3b25,trening,S10000,90,159565,
label_test_2,9205a510-af66-423f-bd01-df30650e3b25,trening,S10700,90,159565,
label_test_2,9205a510-af66-423f-bd01-df30650e3b25,trening,S12000,100,159565,
label_test_2,9205a510-af66-423f-bd01-df30650e3b25,trening,S7000,50,159565,
label_test_2,9205a510-af66-423f-bd01-df30650e3b25,trening,S5500,30,159565,
label_test_2,9205a510-af66-423f-bd01-df30650e3b25,trening,S8700,87,159565,
label_test_2,9205a510-af66-423f-bd01-df30650e3b25,hq_label,S10000,90,84994,
label_test_2,9205a510-af66-423f-bd01-df30650e3b25,hq_label,S3500,12,84994,
label_test_2,9205a510-af66-423f-bd01-df30650e3b25,hq_label,S8700,70,84994,
label_test_2,9205a510-af66-423f-bd01-df30650e3b25,hq_label,S10700,95,84994,
label_test_2,9205a510-af66-423f-bd01-df30650e3b25,hq_label,S12000,100,84994,
label_test_2,9205a510-af66-423f-bd01-df30650e3b25,hq_label,S5500,52,84994,
label_test_2,9205a510-af66-423f-bd01-df30650e3b25,hq_label,S9300,90,84994,
label_test_2,9205a510-af66-423f-bd01-df30650e3b25,hq_label,S7000,75,84994,
label_test_2,9205a510-af66-423f-bd01-df30650e3b25,hq_label,reference,100,84994,
label_test_2,9205a510-af66-423f-bd01-df30650e3b25,hq_label,S11300,95,84994,
label_test_2,9205a510-af66-423f-bd01-df30650e3b25,hq_label,S8000,70,84994,
label_test_2,9205a510-af66-423f-bd01-df30650e3b25,hq_label,S11300,95,82344,
label_test_2,9205a510-af66-423f-bd01-df30650e3b25,hq_label,S8000,69,82344,
label_test_2,9205a510-af66-423f-bd01-df30650e3b25,hq_label,S7000,51,82344,
label_test_2,9205a510-af66-423f-bd01-df30650e3b25,hq_label,S9300,90,82344,
label_test_2,9205a510-af66-423f-bd01-df30650e3b25,hq_label,reference,100,82344,
label_test_2,9205a510-af66-423f-bd01-df30650e3b25,hq_label,S10700,100,82344,
label_test_2,9205a510-af66-423f-bd01-df30650e3b25,hq_label,S3500,0,82344,
label_test_2,9205a510-af66-423f-bd01-df30650e3b25,hq_label,S12000,95,82344,
label_test_2,9205a510-af66-423f-bd01-df30650e3b25,hq_label,S10000,95,82344,
label_test_2,9205a510-af66-423f-bd01-df30650e3b25,hq_label,S8700,65,82344,
label_test_2,9205a510-af66-423f-bd01-df30650e3b25,hq_label,S5500,30,82344,
label_test_2,8d27e8bc-677b-4053-af0b-a5b9a5c0fed8,trening,S3500,21,166186,
label_test_2,8d27e8bc-677b-4053-af0b-a5b9a5c0fed8,trening,S10000,58,166186,
label_test_2,8d27e8bc-677b-4053-af0b-a5b9a5c0fed8,trening,S11300,80,166186,
label_test_2,8d27e8bc-677b-4053-af0b-a5b9a5c0fed8,trening,S9300,60,166186,
label_test_2,8d27e8bc-677b-4053-af0b-a5b9a5c0fed8,trening,S10700,89,166186,
label_test_2,8d27e8bc-677b-4053-af0b-a5b9a5c0fed8,trening,S8000,32,166186,
label_test_2,8d27e8bc-677b-4053-af0b-a5b9a5c0fed8,trening,S12000,93,166186,
label_test_2,8d27e8bc-677b-4053-af0b-a5b9a5c0fed8,trening,S8700,64,166186,
label_test_2,8d27e8bc-677b-4053-af0b-a5b9a5c0fed8,trening,S5500,25,166186,
label_test_2,8d27e8bc-677b-4053-af0b-a5b9a5c0fed8,trening,S7000,47,166186,
label_test_2,8d27e8bc-677b-4053-af0b-a5b9a5c0fed8,trening,reference,100,166186,
label_test_2,8d27e8bc-677b-4053-af0b-a5b9a5c0fed8,hq_label,S8700,54,99022,
label_test_2,8d27e8bc-677b-4053-af0b-a5b9a5c0fed8,hq_label,S12000,87,99022,
label_test_2,8d27e8bc-677b-4053-af0b-a5b9a5c0fed8,hq_label,S8000,41,99022,
label_test_2,8d27e8bc-677b-4053-af0b-a5b9a5c0fed8,hq_label,S10700,82,99022,
label_test_2,8d27e8bc-677b-4053-af0b-a5b9a5c0fed8,hq_label,S11300,91,99022,
label_test_2,8d27e8bc-677b-4053-af0b-a5b9a5c0fed8,hq_label,reference,100,99022,
label_test_2,8d27e8bc-677b-4053-af0b-a5b9a5c0fed8,hq_label,S7000,53,99022,
label_test_2,8d27e8bc-677b-4053-af0b-a5b9a5c0fed8,hq_label,S9300,64,99022,
label_test_2,8d27e8bc-677b-4053-af0b-a5b9a5c0fed8,hq_label,S3500,13,99022,
label_test_2,8d27e8bc-677b-4053-af0b-a5b9a5c0fed8,hq_label,S5500,26,99022,
label_test_2,8d27e8bc-677b-4053-af0b-a5b9a5c0fed8,hq_label,S10000,69,99022,
label_test_2,8d27e8bc-677b-4053-af0b-a5b9a5c0fed8,hq_label,S9300,39,107745,
label_test_2,8d27e8bc-677b-4053-af0b-a5b9a5c0fed8,hq_label,S12000,96,107745,
label_test_2,8d27e8bc-677b-4053-af0b-a5b9a5c0fed8,hq_label,S5500,11,107745,
label_test_2,8d27e8bc-677b-4053-af0b-a5b9a5c0fed8,hq_label,S8700,33,107745,
label_test_2,8d27e8bc-677b-4053-af0b-a5b9a5c0fed8,hq_label,S11300,69,107745,
label_test_2,8d27e8bc-677b-4053-af0b-a5b9a5c0fed8,hq_label,reference,100,107745,
label_test_2,8d27e8bc-677b-4053-af0b-a5b9a5c0fed8,hq_label,S8000,53,107745,
label_test_2,8d27e8bc-677b-4053-af0b-a5b9a5c0fed8,hq_label,S3500,15,107745,
label_test_2,8d27e8bc-677b-4053-af0b-a5b9a5c0fed8,hq_label,S10700,87,107745,
label_test_2,8d27e8bc-677b-4053-af0b-a5b9a5c0fed8,hq_label,S7000,37,107745,
label_test_2,8d27e8bc-677b-4053-af0b-a5b9a5c0fed8,hq_label,S10000,75,107745,
label_test_2,40eab4ce-6112-4013-b48c-7ca94bc4f04c,trening,S7000,29,228795,
label_test_2,40eab4ce-6112-4013-b48c-7ca94bc4f04c,trening,S11300,50,228795,
label_test_2,40eab4ce-6112-4013-b48c-7ca94bc4f04c,trening,S8000,40,228795,
label_test_2,40eab4ce-6112-4013-b48c-7ca94bc4f04c,trening,S10000,72,228795,
label_test_2,40eab4ce-6112-4013-b48c-7ca94bc4f04c,trening,reference,51,228795,
label_test_2,40eab4ce-6112-4013-b48c-7ca94bc4f04c,trening,S10700,90,228795,
label_test_2,40eab4ce-6112-4013-b48c-7ca94bc4f04c,trening,S9300,100,228795,
label_test_2,40eab4ce-6112-4013-b48c-7ca94bc4f04c,trening,S5500,7,228795,
label_test_2,40eab4ce-6112-4013-b48c-7ca94bc4f04c,trening,S12000,81,228795,
label_test_2,40eab4ce-6112-4013-b48c-7ca94bc4f04c,trening,S3500,0,228795,
label_test_2,40eab4ce-6112-4013-b48c-7ca94bc4f04c,trening,S8700,30,228795,
label_test_2,40eab4ce-6112-4013-b48c-7ca94bc4f04c,hq_label,S7000,8,97706,
label_test_2,40eab4ce-6112-4013-b48c-7ca94bc4f04c,hq_label,S5500,16,97706,
label_test_2,40eab4ce-6112-4013-b48c-7ca94bc4f04c,hq_label,S11300,53,97706,
label_test_2,40eab4ce-6112-4013-b48c-7ca94bc4f04c,hq_label,S9300,49,97706,
label_test_2,40eab4ce-6112-4013-b48c-7ca94bc4f04c,hq_label,S8700,43,97706,
label_test_2,40eab4ce-6112-4013-b48c-7ca94bc4f04c,hq_label,S10000,59,97706,
label_test_2,40eab4ce-6112-4013-b48c-7ca94bc4f04c,hq_label,reference,59,97706,
label_test_2,40eab4ce-6112-4013-b48c-7ca94bc4f04c,hq_label,S12000,100,97706,
label_test_2,40eab4ce-6112-4013-b48c-7ca94bc4f04c,hq_label,S8000,46,97706,
label_test_2,40eab4ce-6112-4013-b48c-7ca94bc4f04c,hq_label,S10700,51,97706,
label_test_2,40eab4ce-6112-4013-b48c-7ca94bc4f04c,hq_label,S3500,0,97706,
label_test_2,40eab4ce-6112-4013-b48c-7ca94bc4f04c,hq_label,S8700,33,63829,
label_test_2,40eab4ce-6112-4013-b48c-7ca94bc4f04c,hq_label,S10000,47,63829,
label_test_2,40eab4ce-6112-4013-b48c-7ca94bc4f04c,hq_label,S7000,32,63829,
label_test_2,40eab4ce-6112-4013-b48c-7ca94bc4f04c,hq_label,S9300,49,63829,
label_test_2,40eab4ce-6112-4013-b48c-7ca94bc4f04c,hq_label,S12000,49,63829,
label_test_2,40eab4ce-6112-4013-b48c-7ca94bc4f04c,hq_label,S10700,73,63829,
label_test_2,40eab4ce-6112-4013-b48c-7ca94bc4f04c,hq_label,S8000,35,63829,
label_test_2,40eab4ce-6112-4013-b48c-7ca94bc4f04c,hq_label,reference,56,63829,
label_test_2,40eab4ce-6112-4013-b48c-7ca94bc4f04c,hq_label,S5500,0,63829,
label_test_2,40eab4ce-6112-4013-b48c-7ca94bc4f04c,hq_label,S3500,6,63829,
label_test_2,40eab4ce-6112-4013-b48c-7ca94bc4f04c,hq_label,S11300,49,63829,
label_test_2,0c76db61-b64f-4fe1-b933-2c00a821407c,trening,S3500,30,388985,
label_test_2,0c76db61-b64f-4fe1-b933-2c00a821407c,trening,S7000,82,388985,
label_test_2,0c76db61-b64f-4fe1-b933-2c00a821407c,trening,S10000,95,388985,
label_test_2,0c76db61-b64f-4fe1-b933-2c00a821407c,trening,S5500,85,388985,
label_test_2,0c76db61-b64f-4fe1-b933-2c00a821407c,trening,S8700,90,388985,
label_test_2,0c76db61-b64f-4fe1-b933-2c00a821407c,trening,S8000,95,388985,
label_test_2,0c76db61-b64f-4fe1-b933-2c00a821407c,trening,S11300,100,388985,
label_test_2,0c76db61-b64f-4fe1-b933-2c00a821407c,trening,reference,100,388985,
label_test_2,0c76db61-b64f-4fe1-b933-2c00a821407c,trening,S10700,100,388985,
label_test_2,0c76db61-b64f-4fe1-b933-2c00a821407c,trening,S12000,90,388985,
label_test_2,0c76db61-b64f-4fe1-b933-2c00a821407c,trening,S9300,90,388985,
label_test_2,0c76db61-b64f-4fe1-b933-2c00a821407c,hq_label,S9300,100,180645,
label_test_2,0c76db61-b64f-4fe1-b933-2c00a821407c,hq_label,S12000,90,180645,
label_test_2,0c76db61-b64f-4fe1-b933-2c00a821407c,hq_label,S10700,90,180645,
label_test_2,0c76db61-b64f-4fe1-b933-2c00a821407c,hq_label,S8000,80,180645,
label_test_2,0c76db61-b64f-4fe1-b933-2c00a821407c,hq_label,S7000,90,180645,
label_test_2,0c76db61-b64f-4fe1-b933-2c00a821407c,hq_label,reference,90,180645,
label_test_2,0c76db61-b64f-4fe1-b933-2c00a821407c,hq_label,S5500,75,180645,
label_test_2,0c76db61-b64f-4fe1-b933-2c00a821407c,hq_label,S10000,95,180645,
label_test_2,0c76db61-b64f-4fe1-b933-2c00a821407c,hq_label,S8700,100,180645,
label_test_2,0c76db61-b64f-4fe1-b933-2c00a821407c,hq_label,S11300,90,180645,
label_test_2,0c76db61-b64f-4fe1-b933-2c00a821407c,hq_label,S3500,30,180645,
label_test_2,0c76db61-b64f-4fe1-b933-2c00a821407c,hq_label,reference,95,178741,
label_test_2,0c76db61-b64f-4fe1-b933-2c00a821407c,hq_label,S5500,100,178741,
label_test_2,0c76db61-b64f-4fe1-b933-2c00a821407c,hq_label,S8000,100,178741,
label_test_2,0c76db61-b64f-4fe1-b933-2c00a821407c,hq_label,S10700,90,178741,
label_test_2,0c76db61-b64f-4fe1-b933-2c00a821407c,hq_label,S7000,80,178741,
label_test_2,0c76db61-b64f-4fe1-b933-2c00a821407c,hq_label,S8700,95,178741,
label_test_2,0c76db61-b64f-4fe1-b933-2c00a821407c,hq_label,S9300,100,178741,
label_test_2,0c76db61-b64f-4fe1-b933-2c00a821407c,hq_label,S11300,100,178741,
label_test_2,0c76db61-b64f-4fe1-b933-2c00a821407c,hq_label,S3500,30,178741,
label_test_2,0c76db61-b64f-4fe1-b933-2c00a821407c,hq_label,S12000,100,178741,
label_test_2,0c76db61-b64f-4fe1-b933-2c00a821407c,hq_label,S10000,90,178741,
label_test_2,54638b45-95a7-4342-a257-6cc9ec449a56,trening,reference,100,141997,
label_test_2,54638b45-95a7-4342-a257-6cc9ec449a56,trening,S8000,49,141997,
label_test_2,54638b45-95a7-4342-a257-6cc9ec449a56,trening,S7000,57,141997,
label_test_2,54638b45-95a7-4342-a257-6cc9ec449a56,trening,S10700,70,141997,
label_test_2,54638b45-95a7-4342-a257-6cc9ec449a56,trening,S10000,77,141997,
label_test_2,54638b45-95a7-4342-a257-6cc9ec449a56,trening,S9300,67,141997,
label_test_2,54638b45-95a7-4342-a257-6cc9ec449a56,trening,S5500,33,141997,
label_test_2,54638b45-95a7-4342-a257-6cc9ec449a56,trening,S12000,94,141997,
label_test_2,54638b45-95a7-4342-a257-6cc9ec449a56,trening,S3500,27,141997,
label_test_2,54638b45-95a7-4342-a257-6cc9ec449a56,trening,S8700,81,141997,
label_test_2,54638b45-95a7-4342-a257-6cc9ec449a56,trening,S11300,100,141997,
label_test_2,54638b45-95a7-4342-a257-6cc9ec449a56,hq_label,S5500,39,77480,
label_test_2,54638b45-95a7-4342-a257-6cc9ec449a56,hq_label,S9300,90,77480,
label_test_2,54638b45-95a7-4342-a257-6cc9ec449a56,hq_label,S10000,93,77480,
label_test_2,54638b45-95a7-4342-a257-6cc9ec449a56,hq_label,S11300,100,77480,
label_test_2,54638b45-95a7-4342-a257-6cc9ec449a56,hq_label,reference,100,77480,
label_test_2,54638b45-95a7-4342-a257-6cc9ec449a56,hq_label,S8000,65,77480,
label_test_2,54638b45-95a7-4342-a257-6cc9ec449a56,hq_label,S7000,51,77480,
label_test_2,54638b45-95a7-4342-a257-6cc9ec449a56,hq_label,S3500,26,77480,
label_test_2,54638b45-95a7-4342-a257-6cc9ec449a56,hq_label,S12000,100,77480,
label_test_2,54638b45-95a7-4342-a257-6cc9ec449a56,hq_label,S10700,100,77480,
label_test_2,54638b45-95a7-4342-a257-6cc9ec449a56,hq_label,S8700,49,77480,
label_test_2,54638b45-95a7-4342-a257-6cc9ec449a56,hq_label,S3500,41,55214,
label_test_2,54638b45-95a7-4342-a257-6cc9ec449a56,hq_label,S5500,48,55214,
label_test_2,54638b45-95a7-4342-a257-6cc9ec449a56,hq_label,reference,100,55214,
label_test_2,54638b45-95a7-4342-a257-6cc9ec449a56,hq_label,S10000,72,55214,
label_test_2,54638b45-95a7-4342-a257-6cc9ec449a56,hq_label,S9300,70,55214,
label_test_2,54638b45-95a7-4342-a257-6cc9ec449a56,hq_label,S8700,71,55214,
label_test_2,54638b45-95a7-4342-a257-6cc9ec449a56,hq_label,S12000,94,55214,
label_test_2,54638b45-95a7-4342-a257-6cc9ec449a56,hq_label,S8000,65,55214,
label_test_2,54638b45-95a7-4342-a257-6cc9ec449a56,hq_label,S7000,46,55214,
label_test_2,54638b45-95a7-4342-a257-6cc9ec449a56,hq_label,S11300,88,55214,
label_test_2,54638b45-95a7-4342-a257-6cc9ec449a56,hq_label,S10700,100,55214,
label_test_2,baad298f-f8c4-4825-bd0c-71ca84a0adfc,trening,S12000,40,287930,
label_test_2,baad298f-f8c4-4825-bd0c-71ca84a0adfc,trening,S11300,49,287930,
label_test_2,baad298f-f8c4-4825-bd0c-71ca84a0adfc,trening,S3500,15,287930,
label_test_2,baad298f-f8c4-4825-bd0c-71ca84a0adfc,trening,S10700,61,287930,
label_test_2,baad298f-f8c4-4825-bd0c-71ca84a0adfc,trening,S7000,26,287930,
label_test_2,baad298f-f8c4-4825-bd0c-71ca84a0adfc,trening,S10000,51,287930,
label_test_2,baad298f-f8c4-4825-bd0c-71ca84a0adfc,trening,S9300,52,287930,
label_test_2,baad298f-f8c4-4825-bd0c-71ca84a0adfc,trening,reference,100,287930,
label_test_2,baad298f-f8c4-4825-bd0c-71ca84a0adfc,trening,S5500,20,287930,
label_test_2,baad298f-f8c4-4825-bd0c-71ca84a0adfc,trening,S8700,31,287930,
label_test_2,baad298f-f8c4-4825-bd0c-71ca84a0adfc,trening,S8000,24,287930,
label_test_2,baad298f-f8c4-4825-bd0c-71ca84a0adfc,hq_label,S3500,35,75409,
label_test_2,baad298f-f8c4-4825-bd0c-71ca84a0adfc,hq_label,S10700,53,75409,
label_test_2,baad298f-f8c4-4825-bd0c-71ca84a0adfc,hq_label,S8000,38,75409,
label_test_2,baad298f-f8c4-4825-bd0c-71ca84a0adfc,hq_label,S7000,51,75409,
label_test_2,baad298f-f8c4-4825-bd0c-71ca84a0adfc,hq_label,S12000,93,75409,
label_test_2,baad298f-f8c4-4825-bd0c-71ca84a0adfc,hq_label,S9300,71,75409,
label_test_2,baad298f-f8c4-4825-bd0c-71ca84a0adfc,hq_label,S10000,81,75409,
label_test_2,baad298f-f8c4-4825-bd0c-71ca84a0adfc,hq_label,S5500,21,75409,
label_test_2,baad298f-f8c4-4825-bd0c-71ca84a0adfc,hq_label,reference,100,75409,
label_test_2,baad298f-f8c4-4825-bd0c-71ca84a0adfc,hq_label,S8700,50,75409,
label_test_2,baad298f-f8c4-4825-bd0c-71ca84a0adfc,hq_label,S11300,93,75409,
label_test_2,baad298f-f8c4-4825-bd0c-71ca84a0adfc,hq_label,S11300,93,55844,
label_test_2,baad298f-f8c4-4825-bd0c-71ca84a0adfc,hq_label,S12000,96,55844,
label_test_2,baad298f-f8c4-4825-bd0c-71ca84a0adfc,hq_label,S5500,31,55844,
label_test_2,baad298f-f8c4-4825-bd0c-71ca84a0adfc,hq_label,S10700,93,55844,
label_test_2,baad298f-f8c4-4825-bd0c-71ca84a0adfc,hq_label,S3500,23,55844,
label_test_2,baad298f-f8c4-4825-bd0c-71ca84a0adfc,hq_label,S8000,57,55844,
label_test_2,baad298f-f8c4-4825-bd0c-71ca84a0adfc,hq_label,reference,100,55844,
label_test_2,baad298f-f8c4-4825-bd0c-71ca84a0adfc,hq_label,S9300,93,55844,
label_test_2,baad298f-f8c4-4825-bd0c-71ca84a0adfc,hq_label,S7000,57,55844,
label_test_2,baad298f-f8c4-4825-bd0c-71ca84a0adfc,hq_label,S10000,74,55844,
label_test_2,baad298f-f8c4-4825-bd0c-71ca84a0adfc,hq_label,S8700,69,55844,
label_test_2,9e3fbed4-9b3a-49a2-8927-5757f1aaafe9,trening,S3500,0,132098,
label_test_2,9e3fbed4-9b3a-49a2-8927-5757f1aaafe9,trening,S12000,91,132098,
label_test_2,9e3fbed4-9b3a-49a2-8927-5757f1aaafe9,trening,S11300,69,132098,
label_test_2,9e3fbed4-9b3a-49a2-8927-5757f1aaafe9,trening,S10700,43,132098,
label_test_2,9e3fbed4-9b3a-49a2-8927-5757f1aaafe9,trening,S7000,27,132098,
label_test_2,9e3fbed4-9b3a-49a2-8927-5757f1aaafe9,trening,S8000,48,132098,
label_test_2,9e3fbed4-9b3a-49a2-8927-5757f1aaafe9,trening,S9300,55,132098,
label_test_2,9e3fbed4-9b3a-49a2-8927-5757f1aaafe9,trening,reference,88,132098,
label_test_2,9e3fbed4-9b3a-49a2-8927-5757f1aaafe9,trening,S5500,0,132098,
label_test_2,9e3fbed4-9b3a-49a2-8927-5757f1aaafe9,trening,S10000,69,132098,
label_test_2,9e3fbed4-9b3a-49a2-8927-5757f1aaafe9,trening,S8700,31,132098,
label_test_2,9e3fbed4-9b3a-49a2-8927-5757f1aaafe9,hq_label,S9300,39,75478,
label_test_2,9e3fbed4-9b3a-49a2-8927-5757f1aaafe9,hq_label,S11300,64,75478,
label_test_2,9e3fbed4-9b3a-49a2-8927-5757f1aaafe9,hq_label,S5500,3,75478,
label_test_2,9e3fbed4-9b3a-49a2-8927-5757f1aaafe9,hq_label,S10700,65,75478,
label_test_2,9e3fbed4-9b3a-49a2-8927-5757f1aaafe9,hq_label,S8000,11,75478,
label_test_2,9e3fbed4-9b3a-49a2-8927-5757f1aaafe9,hq_label,S8700,11,75478,
label_test_2,9e3fbed4-9b3a-49a2-8927-5757f1aaafe9,hq_label,S10000,27,75478,
label_test_2,9e3fbed4-9b3a-49a2-8927-5757f1aaafe9,hq_label,reference,100,75478,
label_test_2,9e3fbed4-9b3a-49a2-8927-5757f1aaafe9,hq_label,S7000,9,75478,
label_test_2,9e3fbed4-9b3a-49a2-8927-5757f1aaafe9,hq_label,S12000,81,75478,
label_test_2,9e3fbed4-9b3a-49a2-8927-5757f1aaafe9,hq_label,S3500,0,75478,
label_test_2,9e3fbed4-9b3a-49a2-8927-5757f1aaafe9,hq_label,S10000,71,64826,
label_test_2,9e3fbed4-9b3a-49a2-8927-5757f1aaafe9,hq_label,S8000,38,64826,
label_test_2,9e3fbed4-9b3a-49a2-8927-5757f1aaafe9,hq_label,S10700,74,64826,
label_test_2,9e3fbed4-9b3a-49a2-8927-5757f1aaafe9,hq_label,S5500,13,64826,
label_test_2,9e3fbed4-9b3a-49a2-8927-5757f1aaafe9,hq_label,S3500,0,64826,
label_test_2,9e3fbed4-9b3a-49a2-8927-5757f1aaafe9,hq_label,S11300,88,64826,
label_test_2,9e3fbed4-9b3a-49a2-8927-5757f1aaafe9,hq_label,S12000,87,64826,
label_test_2,9e3fbed4-9b3a-49a2-8927-5757f1aaafe9,hq_label,S8700,40,64826,
label_test_2,9e3fbed4-9b3a-49a2-8927-5757f1aaafe9,hq_label,S7000,18,64826,
label_test_2,9e3fbed4-9b3a-49a2-8927-5757f1aaafe9,hq_label,S9300,61,64826,
label_test_2,9e3fbed4-9b3a-49a2-8927-5757f1aaafe9,hq_label,reference,100,64826,
label_test_2,a50a1394-29f4-4078-9dbf-f88561b7bdfd,trening,reference,100,138348,
label_test_2,a50a1394-29f4-4078-9dbf-f88561b7bdfd,trening,S7000,73,138348,
label_test_2,a50a1394-29f4-4078-9dbf-f88561b7bdfd,trening,S9300,84,138348,
label_test_2,a50a1394-29f4-4078-9dbf-f88561b7bdfd,trening,S8700,62,138348,
label_test_2,a50a1394-29f4-4078-9dbf-f88561b7bdfd,trening,S11300,100,138348,
label_test_2,a50a1394-29f4-4078-9dbf-f88561b7bdfd,trening,S10000,78,138348,
label_test_2,a50a1394-29f4-4078-9dbf-f88561b7bdfd,trening,S8000,23,138348,
label_test_2,a50a1394-29f4-4078-9dbf-f88561b7bdfd,trening,S5500,25,138348,
label_test_2,a50a1394-29f4-4078-9dbf-f88561b7bdfd,trening,S3500,9,138348,
label_test_2,a50a1394-29f4-4078-9dbf-f88561b7bdfd,trening,S12000,100,138348,
label_test_2,a50a1394-29f4-4078-9dbf-f88561b7bdfd,trening,S10700,92,138348,
label_test_2,a50a1394-29f4-4078-9dbf-f88561b7bdfd,hq_label,S8700,59,86838,
label_test_2,a50a1394-29f4-4078-9dbf-f88561b7bdfd,hq_label,S10700,100,86838,
label_test_2,a50a1394-29f4-4078-9dbf-f88561b7bdfd,hq_label,S3500,4,86838,
label_test_2,a50a1394-29f4-4078-9dbf-f88561b7bdfd,hq_label,S10000,100,86838,
label_test_2,a50a1394-29f4-4078-9dbf-f88561b7bdfd,hq_label,S5500,44,86838,
label_test_2,a50a1394-29f4-4078-9dbf-f88561b7bdfd,hq_label,S12000,100,86838,
label_test_2,a50a1394-29f4-4078-9dbf-f88561b7bdfd,hq_label,S9300,72,86838,
label_test_2,a50a1394-29f4-4078-9dbf-f88561b7bdfd,hq_label,reference,100,86838,
label_test_2,a50a1394-29f4-4078-9dbf-f88561b7bdfd,hq_label,S7000,54,86838,
label_test_2,a50a1394-29f4-4078-9dbf-f88561b7bdfd,hq_label,S8000,58,86838,
label_test_2,a50a1394-29f4-4078-9dbf-f88561b7bdfd,hq_label,S11300,100,86838,
label_test_2,a50a1394-29f4-4078-9dbf-f88561b7bdfd,hq_label,S10700,78,94083,
label_test_2,a50a1394-29f4-4078-9dbf-f88561b7bdfd,hq_label,S11300,100,94083,
label_test_2,a50a1394-29f4-4078-9dbf-f88561b7bdfd,hq_label,S12000,87,94083,
label_test_2,a50a1394-29f4-4078-9dbf-f88561b7bdfd,hq_label,reference,100,94083,
label_test_2,a50a1394-29f4-4078-9dbf-f88561b7bdfd,hq_label,S7000,45,94083,
label_test_2,a50a1394-29f4-4078-9dbf-f88561b7bdfd,hq_label,S9300,62,94083,
label_test_2,a50a1394-29f4-4078-9dbf-f88561b7bdfd,hq_label,S8700,73,94083,
label_test_2,a50a1394-29f4-4078-9dbf-f88561b7bdfd,hq_label,S8000,85,94083,
label_test_2,a50a1394-29f4-4078-9dbf-f88561b7bdfd,hq_label,S10000,100,94083,
label_test_2,a50a1394-29f4-4078-9dbf-f88561b7bdfd,hq_label,S3500,29,94083,
label_test_2,a50a1394-29f4-4078-9dbf-f88561b7bdfd,hq_label,S5500,52,94083,
label_test_2,381eef9c-0b09-4672-b2cf-5380a4a5c7d0,trening,S11300,80,240366,
label_test_2,381eef9c-0b09-4672-b2cf-5380a4a5c7d0,trening,S7000,50,240366,
label_test_2,381eef9c-0b09-4672-b2cf-5380a4a5c7d0,trening,reference,100,240366,
label_test_2,381eef9c-0b09-4672-b2cf-5380a4a5c7d0,trening,S10700,80,240366,
label_test_2,381eef9c-0b09-4672-b2cf-5380a4a5c7d0,trening,S10000,80,240366,
label_test_2,381eef9c-0b09-4672-b2cf-5380a4a5c7d0,trening,S3500,20,240366,
label_test_2,381eef9c-0b09-4672-b2cf-5380a4a5c7d0,trening,S5500,40,240366,
label_test_2,381eef9c-0b09-4672-b2cf-5380a4a5c7d0,trening,S8700,70,240366,
label_test_2,381eef9c-0b09-4672-b2cf-5380a4a5c7d0,trening,S12000,80,240366,
label_test_2,381eef9c-0b09-4672-b2cf-5380a4a5c7d0,trening,S9300,80,240366,
label_test_2,381eef9c-0b09-4672-b2cf-5380a4a5c7d0,trening,S8000,65,240366,
label_test_2,381eef9c-0b09-4672-b2cf-5380a4a5c7d0,hq_label,S9300,80,79084,
label_test_2,381eef9c-0b09-4672-b2cf-5380a4a5c7d0,hq_label,S10700,80,79084,
label_test_2,381eef9c-0b09-4672-b2cf-5380a4a5c7d0,hq_label,S3500,60,79084,
label_test_2,381eef9c-0b09-4672-b2cf-5380a4a5c7d0,hq_label,S11300,90,79084,
label_test_2,381eef9c-0b09-4672-b2cf-5380a4a5c7d0,hq_label,S5500,43,79084,
label_test_2,381eef9c-0b09-4672-b2cf-5380a4a5c7d0,hq_label,S8000,52,79084,
label_test_2,381eef9c-0b09-4672-b2cf-5380a4a5c7d0,hq_label,S12000,100,79084,
label_test_2,381eef9c-0b09-4672-b2cf-5380a4a5c7d0,hq_label,S7000,41,79084,
label_test_2,381eef9c-0b09-4672-b2cf-5380a4a5c7d0,hq_label,S10000,90,79084,
label_test_2,381eef9c-0b09-4672-b2cf-5380a4a5c7d0,hq_label,reference,100,79084,
label_test_2,381eef9c-0b09-4672-b2cf-5380a4a5c7d0,hq_label,S8700,70,79084,
label_test_2,381eef9c-0b09-4672-b2cf-5380a4a5c7d0,hq_label,S10700,90,62943,
label_test_2,381eef9c-0b09-4672-b2cf-5380a4a5c7d0,hq_label,reference,100,62943,
label_test_2,381eef9c-0b09-4672-b2cf-5380a4a5c7d0,hq_label,S3500,25,62943,
label_test_2,381eef9c-0b09-4672-b2cf-5380a4a5c7d0,hq_label,S5500,50,62943,
label_test_2,381eef9c-0b09-4672-b2cf-5380a4a5c7d0,hq_label,S8000,75,62943,
label_test_2,381eef9c-0b09-4672-b2cf-5380a4a5c7d0,hq_label,S9300,80,62943,
label_test_2,381eef9c-0b09-4672-b2cf-5380a4a5c7d0,hq_label,S10000,90,62943,
label_test_2,381eef9c-0b09-4672-b2cf-5380a4a5c7d0,hq_label,S11300,100,62943,
label_test_2,381eef9c-0b09-4672-b2cf-5380a4a5c7d0,hq_label,S8700,81,62943,
label_test_2,381eef9c-0b09-4672-b2cf-5380a4a5c7d0,hq_label,S12000,100,62943,
label_test_2,381eef9c-0b09-4672-b2cf-5380a4a5c7d0,hq_label,S7000,81,62943,
label_test_3,eccc47d7-d487-4bc2-a9f0-4800d4fe9e3e,trening,S4000,9,69754,
label_test_3,eccc47d7-d487-4bc2-a9f0-4800d4fe9e3e,trening,S6000,10,69754,
label_test_3,eccc47d7-d487-4bc2-a9f0-4800d4fe9e3e,trening,S3500,0,69754,
label_test_3,eccc47d7-d487-4bc2-a9f0-4800d4fe9e3e,trening,S4500,12,69754,
label_test_3,eccc47d7-d487-4bc2-a9f0-4800d4fe9e3e,trening,S5500,13,69754,
label_test_3,eccc47d7-d487-4bc2-a9f0-4800d4fe9e3e,trening,S5000,13,69754,
label_test_3,eccc47d7-d487-4bc2-a9f0-4800d4fe9e3e,trening,S8000,35,69754,
label_test_3,eccc47d7-d487-4bc2-a9f0-4800d4fe9e3e,trening,reference,100,69754,
label_test_3,eccc47d7-d487-4bc2-a9f0-4800d4fe9e3e,trening,S10000,73,69754,
label_test_3,eccc47d7-d487-4bc2-a9f0-4800d4fe9e3e,trening,S6500,33,69754,
label_test_3,eccc47d7-d487-4bc2-a9f0-4800d4fe9e3e,trening,S7000,25,69754,
label_test_3,eccc47d7-d487-4bc2-a9f0-4800d4fe9e3e,lq_label,S6500,14,42647,
label_test_3,eccc47d7-d487-4bc2-a9f0-4800d4fe9e3e,lq_label,S8000,16,42647,
label_test_3,eccc47d7-d487-4bc2-a9f0-4800d4fe9e3e,lq_label,S5500,15,42647,
label_test_3,eccc47d7-d487-4bc2-a9f0-4800d4fe9e3e,lq_label,S3500,0,42647,
label_test_3,eccc47d7-d487-4bc2-a9f0-4800d4fe9e3e,lq_label,reference,100,42647,
label_test_3,eccc47d7-d487-4bc2-a9f0-4800d4fe9e3e,lq_label,S5000,35,42647,
label_test_3,eccc47d7-d487-4bc2-a9f0-4800d4fe9e3e,lq_label,S10000,55,42647,
label_test_3,eccc47d7-d487-4bc2-a9f0-4800d4fe9e3e,lq_label,S4500,0,42647,
label_test_3,eccc47d7-d487-4bc2-a9f0-4800d4fe9e3e,lq_label,S6000,30,42647,
label_test_3,eccc47d7-d487-4bc2-a9f0-4800d4fe9e3e,lq_label,S7000,15,42647,
label_test_3,eccc47d7-d487-4bc2-a9f0-4800d4fe9e3e,lq_label,S4000,0,42647,
label_test_3,eccc47d7-d487-4bc2-a9f0-4800d4fe9e3e,lq_label,S8000,19,38291,
label_test_3,eccc47d7-d487-4bc2-a9f0-4800d4fe9e3e,lq_label,S10000,29,38291,
label_test_3,eccc47d7-d487-4bc2-a9f0-4800d4fe9e3e,lq_label,S5000,11,38291,
label_test_3,eccc47d7-d487-4bc2-a9f0-4800d4fe9e3e,lq_label,S4000,0,38291,
label_test_3,eccc47d7-d487-4bc2-a9f0-4800d4fe9e3e,lq_label,S6000,15,38291,
label_test_3,eccc47d7-d487-4bc2-a9f0-4800d4fe9e3e,lq_label,S4500,0,38291,
label_test_3,eccc47d7-d487-4bc2-a9f0-4800d4fe9e3e,lq_label,S5500,27,38291,
label_test_3,eccc47d7-d487-4bc2-a9f0-4800d4fe9e3e,lq_label,S7000,47,38291,
label_test_3,eccc47d7-d487-4bc2-a9f0-4800d4fe9e3e,lq_label,S3500,0,38291,
label_test_3,eccc47d7-d487-4bc2-a9f0-4800d4fe9e3e,lq_label,reference,100,38291,
label_test_3,eccc47d7-d487-4bc2-a9f0-4800d4fe9e3e,lq_label,S6500,42,38291,
label_test_3,ad71f920-2df0-4222-a1de-2a64c8289bcf,trening,S7000,53,131105,
label_test_3,ad71f920-2df0-4222-a1de-2a64c8289bcf,trening,reference,100,131105,
label_test_3,ad71f920-2df0-4222-a1de-2a64c8289bcf,trening,S4000,29,131105,
label_test_3,ad71f920-2df0-4222-a1de-2a64c8289bcf,trening,S4500,42,131105,
label_test_3,ad71f920-2df0-4222-a1de-2a64c8289bcf,trening,S6500,49,131105,
label_test_3,ad71f920-2df0-4222-a1de-2a64c8289bcf,trening,S8000,70,131105,
label_test_3,ad71f920-2df0-4222-a1de-2a64c8289bcf,trening,S3500,10,131105,
label_test_3,ad71f920-2df0-4222-a1de-2a64c8289bcf,trening,S10000,91,131105,
label_test_3,ad71f920-2df0-4222-a1de-2a64c8289bcf,trening,S6000,51,131105,
label_test_3,ad71f920-2df0-4222-a1de-2a64c8289bcf,trening,S5500,50,131105,
label_test_3,ad71f920-2df0-4222-a1de-2a64c8289bcf,trening,S5000,45,131105,
label_test_3,ad71f920-2df0-4222-a1de-2a64c8289bcf,lq_label,S6500,61,96168,
label_test_3,ad71f920-2df0-4222-a1de-2a64c8289bcf,lq_label,S5500,51,96168,
label_test_3,ad71f920-2df0-4222-a1de-2a64c8289bcf,lq_label,reference,100,96168,
label_test_3,ad71f920-2df0-4222-a1de-2a64c8289bcf,lq_label,S4000,10,96168,
label_test_3,ad71f920-2df0-4222-a1de-2a64c8289bcf,lq_label,S8000,71,96168,
label_test_3,ad71f920-2df0-4222-a1de-2a64c8289bcf,lq_label,S3500,7,96168,
label_test_3,ad71f920-2df0-4222-a1de-2a64c8289bcf,lq_label,S5000,30,96168,
label_test_3,ad71f920-2df0-4222-a1de-2a64c8289bcf,lq_label,S4500,28,96168,
label_test_3,ad71f920-2df0-4222-a1de-2a64c8289bcf,lq_label,S6000,37,96168,
label_test_3,ad71f920-2df0-4222-a1de-2a64c8289bcf,lq_label,S7000,59,96168,
label_test_3,ad71f920-2df0-4222-a1de-2a64c8289bcf,lq_label,S10000,88,96168,
label_test_3,ad71f920-2df0-4222-a1de-2a64c8289bcf,lq_label,S6000,59,146895,
label_test_3,ad71f920-2df0-4222-a1de-2a64c8289bcf,lq_label,S4500,47,146895,
label_test_3,ad71f920-2df0-4222-a1de-2a64c8289bcf,lq_label,S5500,54,146895,
label_test_3,ad71f920-2df0-4222-a1de-2a64c8289bcf,lq_label,S5000,52,146895,
label_test_3,ad71f920-2df0-4222-a1de-2a64c8289bcf,lq_label,S4000,31,146895,
label_test_3,ad71f920-2df0-4222-a1de-2a64c8289bcf,lq_label,S10000,85,146895,
label_test_3,ad71f920-2df0-4222-a1de-2a64c8289bcf,lq_label,S8000,69,146895,
label_test_3,ad71f920-2df0-4222-a1de-2a64c8289bcf,lq_label,S6500,62,146895,
label_test_3,ad71f920-2df0-4222-a1de-2a64c8289bcf,lq_label,reference,100,146895,
label_test_3,ad71f920-2df0-4222-a1de-2a64c8289bcf,lq_label,S7000,60,146895,
label_test_3,ad71f920-2df0-4222-a1de-2a64c8289bcf,lq_label,S3500,11,146895,
label_test_3,b4a4d124-1bc6-40d2-9c6a-b6faa3027967,trening,S6000,51,226162,
label_test_3,b4a4d124-1bc6-40d2-9c6a-b6faa3027967,trening,S5000,37,226162,
label_test_3,b4a4d124-1bc6-40d2-9c6a-b6faa3027967,trening,S10000,91,226162,
label_test_3,b4a4d124-1bc6-40d2-9c6a-b6faa3027967,trening,S8000,82,226162,
label_test_3,b4a4d124-1bc6-40d2-9c6a-b6faa3027967,trening,S4500,27,226162,
label_test_3,b4a4d124-1bc6-40d2-9c6a-b6faa3027967,trening,S7000,73,226162,
label_test_3,b4a4d124-1bc6-40d2-9c6a-b6faa3027967,trening,S6500,66,226162,
label_test_3,b4a4d124-1bc6-40d2-9c6a-b6faa3027967,trening,S5500,45,226162,
label_test_3,b4a4d124-1bc6-40d2-9c6a-b6faa3027967,trening,reference,100,226162,
label_test_3,b4a4d124-1bc6-40d2-9c6a-b6faa3027967,trening,S4000,18,226162,
label_test_3,b4a4d124-1bc6-40d2-9c6a-b6faa3027967,trening,S3500,11,226162,
label_test_3,b4a4d124-1bc6-40d2-9c6a-b6faa3027967,lq_label,S6000,64,73414,
label_test_3,b4a4d124-1bc6-40d2-9c6a-b6faa3027967,lq_label,S8000,80,73414,
label_test_3,b4a4d124-1bc6-40d2-9c6a-b6faa3027967,lq_label,S10000,90,73414,
label_test_3,b4a4d124-1bc6-40d2-9c6a-b6faa3027967,lq_label,reference,100,73414,
label_test_3,b4a4d124-1bc6-40d2-9c6a-b6faa3027967,lq_label,S4000,17,73414,
label_test_3,b4a4d124-1bc6-40d2-9c6a-b6faa3027967,lq_label,S4500,30,73414,
label_test_3,b4a4d124-1bc6-40d2-9c6a-b6faa3027967,lq_label,S5000,41,73414,
label_test_3,b4a4d124-1bc6-40d2-9c6a-b6faa3027967,lq_label,S6500,58,73414,
label_test_3,b4a4d124-1bc6-40d2-9c6a-b6faa3027967,lq_label,S7000,73,73414,
label_test_3,b4a4d124-1bc6-40d2-9c6a-b6faa3027967,lq_label,S5500,50,73414,
label_test_3,b4a4d124-1bc6-40d2-9c6a-b6faa3027967,lq_label,S3500,10,73414,
label_test_3,b4a4d124-1bc6-40d2-9c6a-b6faa3027967,lq_label,S5000,49,171388,
label_test_3,b4a4d124-1bc6-40d2-9c6a-b6faa3027967,lq_label,S7000,70,171388,
label_test_3,b4a4d124-1bc6-40d2-9c6a-b6faa3027967,lq_label,S10000,88,171388,
label_test_3,b4a4d124-1bc6-40d2-9c6a-b6faa3027967,lq_label,reference,100,171388,
label_test_3,b4a4d124-1bc6-40d2-9c6a-b6faa3027967,lq_label,S5500,53,171388,
label_test_3,b4a4d124-1bc6-40d2-9c6a-b6faa3027967,lq_label,S8000,78,171388,
label_test_3,b4a4d124-1bc6-40d2-9c6a-b6faa3027967,lq_label,S6000,63,171388,
label_test_3,b4a4d124-1bc6-40d2-9c6a-b6faa3027967,lq_label,S3500,10,171388,
label_test_3,b4a4d124-1bc6-40d2-9c6a-b6faa3027967,lq_label,S6500,70,171388,
label_test_3,b4a4d124-1bc6-40d2-9c6a-b6faa3027967,lq_label,S4000,10,171388,
label_test_3,b4a4d124-1bc6-40d2-9c6a-b6faa3027967,lq_label,S4500,18,171388,
label_test_3,6d2757ba-2cc7-489c-a9a5-4ee01eadded0,trening,S6500,21,201844,
label_test_3,6d2757ba-2cc7-489c-a9a5-4ee01eadded0,trening,reference,100,201844,
label_test_3,6d2757ba-2cc7-489c-a9a5-4ee01eadded0,trening,S5000,10,201844,
label_test_3,6d2757ba-2cc7-489c-a9a5-4ee01eadded0,trening,S4000,0,201844,
label_test_3,6d2757ba-2cc7-489c-a9a5-4ee01eadded0,trening,S7000,31,201844,
label_test_3,6d2757ba-2cc7-489c-a9a5-4ee01eadded0,trening,S5500,9,201844,
label_test_3,6d2757ba-2cc7-489c-a9a5-4ee01eadded0,trening,S10000,80,201844,
label_test_3,6d2757ba-2cc7-489c-a9a5-4ee01eadded0,trening,S6000,29,201844,
label_test_3,6d2757ba-2cc7-489c-a9a5-4ee01eadded0,trening,S4500,15,201844,
label_test_3,6d2757ba-2cc7-489c-a9a5-4ee01eadded0,trening,S8000,55,201844,
label_test_3,6d2757ba-2cc7-489c-a9a5-4ee01eadded0,trening,S3500,5,201844,
label_test_3,6d2757ba-2cc7-489c-a9a5-4ee01eadded0,lq_label,S6500,30,86413,
label_test_3,6d2757ba-2cc7-489c-a9a5-4ee01eadded0,lq_label,S3500,0,86413,
label_test_3,6d2757ba-2cc7-489c-a9a5-4ee01eadded0,lq_label,S5500,44,86413,
label_test_3,6d2757ba-2cc7-489c-a9a5-4ee01eadded0,lq_label,S4500,16,86413,
label_test_3,6d2757ba-2cc7-489c-a9a5-4ee01eadded0,lq_label,S8000,81,86413,
label_test_3,6d2757ba-2cc7-489c-a9a5-4ee01eadded0,lq_label,S5000,28,86413,
label_test_3,6d2757ba-2cc7-489c-a9a5-4ee01eadded0,lq_label,S4000,0,86413,
label_test_3,6d2757ba-2cc7-489c-a9a5-4ee01eadded0,lq_label,S10000,26,86413,
label_test_3,6d2757ba-2cc7-489c-a9a5-4ee01eadded0,lq_label,reference,100,86413,
label_test_3,6d2757ba-2cc7-489c-a9a5-4ee01eadded0,lq_label,S6000,13,86413,
label_test_3,6d2757ba-2cc7-489c-a9a5-4ee01eadded0,lq_label,S7000,24,86413,
label_test_3,6d2757ba-2cc7-489c-a9a5-4ee01eadded0,lq_label,S4000,11,82347,
label_test_3,6d2757ba-2cc7-489c-a9a5-4ee01eadded0,lq_label,S5000,25,82347,
label_test_3,6d2757ba-2cc7-489c-a9a5-4ee01eadded0,lq_label,S5500,12,82347,
label_test_3,6d2757ba-2cc7-489c-a9a5-4ee01eadded0,lq_label,reference,100,82347,
label_test_3,6d2757ba-2cc7-489c-a9a5-4ee01eadded0,lq_label,S8000,60,82347,
label_test_3,6d2757ba-2cc7-489c-a9a5-4ee01eadded0,lq_label,S3500,1,82347,
label_test_3,6d2757ba-2cc7-489c-a9a5-4ee01eadded0,lq_label,S4500,34,82347,
label_test_3,6d2757ba-2cc7-489c-a9a5-4ee01eadded0,lq_label,S6500,59,82347,
label_test_3,6d2757ba-2cc7-489c-a9a5-4ee01eadded0,lq_label,S10000,81,82347,
label_test_3,6d2757ba-2cc7-489c-a9a5-4ee01eadded0,lq_label,S6000,36,82347,
label_test_3,6d2757ba-2cc7-489c-a9a5-4ee01eadded0,lq_label,S7000,27,82347,
label_test_3,d645fb75-4ce9-4ba1-809c-7ddf73a3212b,trening,S5500,24,212184,
label_test_3,d645fb75-4ce9-4ba1-809c-7ddf73a3212b,trening,S6000,30,212184,
label_test_3,d645fb75-4ce9-4ba1-809c-7ddf73a3212b,trening,S10000,73,212184,
label_test_3,d645fb75-4ce9-4ba1-809c-7ddf73a3212b,trening,reference,100,212184,
label_test_3,d645fb75-4ce9-4ba1-809c-7ddf73a3212b,trening,S4500,9,212184,
label_test_3,d645fb75-4ce9-4ba1-809c-7ddf73a3212b,trening,S4000,13,212184,
label_test_3,d645fb75-4ce9-4ba1-809c-7ddf73a3212b,trening,S5000,18,212184,
label_test_3,d645fb75-4ce9-4ba1-809c-7ddf73a3212b,trening,S3500,13,212184,
label_test_3,d645fb75-4ce9-4ba1-809c-7ddf73a3212b,trening,S8000,42,212184,
label_test_3,d645fb75-4ce9-4ba1-809c-7ddf73a3212b,trening,S6500,52,212184,
label_test_3,d645fb75-4ce9-4ba1-809c-7ddf73a3212b,trening,S7000,60,212184,
label_test_3,d645fb75-4ce9-4ba1-809c-7ddf73a3212b,lq_label,S6500,32,201708,
label_test_3,d645fb75-4ce9-4ba1-809c-7ddf73a3212b,lq_label,reference,100,201708,
label_test_3,d645fb75-4ce9-4ba1-809c-7ddf73a3212b,lq_label,S4500,13,201708,
label_test_3,d645fb75-4ce9-4ba1-809c-7ddf73a3212b,lq_label,S5500,23,201708,
label_test_3,d645fb75-4ce9-4ba1-809c-7ddf73a3212b,lq_label,S3500,7,201708,
label_test_3,d645fb75-4ce9-4ba1-809c-7ddf73a3212b,lq_label,S7000,46,201708,
label_test_3,d645fb75-4ce9-4ba1-809c-7ddf73a3212b,lq_label,S8000,60,201708,
label_test_3,d645fb75-4ce9-4ba1-809c-7ddf73a3212b,lq_label,S10000,74,201708,
label_test_3,d645fb75-4ce9-4ba1-809c-7ddf73a3212b,lq_label,S6000,36,201708,
label_test_3,d645fb75-4ce9-4ba1-809c-7ddf73a3212b,lq_label,S4000,9,201708,
label_test_3,d645fb75-4ce9-4ba1-809c-7ddf73a3212b,lq_label,S5000,18,201708,
label_test_3,d645fb75-4ce9-4ba1-809c-7ddf73a3212b,lq_label,S8000,65,117034,
label_test_3,d645fb75-4ce9-4ba1-809c-7ddf73a3212b,lq_label,S5000,28,117034,
label_test_3,d645fb75-4ce9-4ba1-809c-7ddf73a3212b,lq_label,S7000,52,117034,
label_test_3,d645fb75-4ce9-4ba1-809c-7ddf73a3212b,lq_label,S6000,36,117034,
label_test_3,d645fb75-4ce9-4ba1-809c-7ddf73a3212b,lq_label,S4500,26,117034,
label_test_3,d645fb75-4ce9-4ba1-809c-7ddf73a3212b,lq_label,S10000,87,117034,
label_test_3,d645fb75-4ce9-4ba1-809c-7ddf73a3212b,lq_label,S5500,31,117034,
label_test_3,d645fb75-4ce9-4ba1-809c-7ddf73a3212b,lq_label,reference,100,117034,
label_test_3,d645fb75-4ce9-4ba1-809c-7ddf73a3212b,lq_label,S3500,15,117034,
label_test_3,d645fb75-4ce9-4ba1-809c-7ddf73a3212b,lq_label,S6500,36,117034,
label_test_3,d645fb75-4ce9-4ba1-809c-7ddf73a3212b,lq_label,S4000,13,117034,
label_test_3,0bd97b37-bd97-4bc9-9545-289a9363a94d,trening,S5500,40,218345,
label_test_3,0bd97b37-bd97-4bc9-9545-289a9363a94d,trening,S5000,29,218345,
label_test_3,0bd97b37-bd97-4bc9-9545-289a9363a94d,trening,S10000,68,218345,
label_test_3,0bd97b37-bd97-4bc9-9545-289a9363a94d,trening,S6500,35,218345,
label_test_3,0bd97b37-bd97-4bc9-9545-289a9363a94d,trening,S4000,10,218345,
label_test_3,0bd97b37-bd97-4bc9-9545-289a9363a94d,trening,S4500,20,218345,
label_test_3,0bd97b37-bd97-4bc9-9545-289a9363a94d,trening,reference,95,218345,
label_test_3,0bd97b37-bd97-4bc9-9545-289a9363a94d,trening,S6000,40,218345,
label_test_3,0bd97b37-bd97-4bc9-9545-289a9363a94d,trening,S3500,4,218345,
label_test_3,0bd97b37-bd97-4bc9-9545-289a9363a94d,trening,S7000,50,218345,
label_test_3,0bd97b37-bd97-4bc9-9545-289a9363a94d,trening,S8000,50,218345,
label_test_3,0bd97b37-bd97-4bc9-9545-289a9363a94d,lq_label,S6000,50,101468,
label_test_3,0bd97b37-bd97-4bc9-9545-289a9363a94d,lq_label,S7000,59,101468,
label_test_3,0bd97b37-bd97-4bc9-9545-289a9363a94d,lq_label,reference,100,101468,
label_test_3,0bd97b37-bd97-4bc9-9545-289a9363a94d,lq_label,S3500,13,101468,
label_test_3,0bd97b37-bd97-4bc9-9545-289a9363a94d,lq_label,S5000,30,101468,
label_test_3,0bd97b37-bd97-4bc9-9545-289a9363a94d,lq_label,S10000,60,101468,
label_test_3,0bd97b37-bd97-4bc9-9545-289a9363a94d,lq_label,S6500,49,101468,
label_test_3,0bd97b37-bd97-4bc9-9545-289a9363a94d,lq_label,S8000,63,101468,
label_test_3,0bd97b37-bd97-4bc9-9545-289a9363a94d,lq_label,S4000,18,101468,
label_test_3,0bd97b37-bd97-4bc9-9545-289a9363a94d,lq_label,S5500,39,101468,
label_test_3,0bd97b37-bd97-4bc9-9545-289a9363a94d,lq_label,S4500,19,101468,
label_test_3,0bd97b37-bd97-4bc9-9545-289a9363a94d,lq_label,S5500,23,61372,
label_test_3,0bd97b37-bd97-4bc9-9545-289a9363a94d,lq_label,S4000,39,61372,
label_test_3,0bd97b37-bd97-4bc9-9545-289a9363a94d,lq_label,S8000,50,61372,
label_test_3,0bd97b37-bd97-4bc9-9545-289a9363a94d,lq_label,S10000,80,61372,
label_test_3,0bd97b37-bd97-4bc9-9545-289a9363a94d,lq_label,S5000,39,61372,
label_test_3,0bd97b37-bd97-4bc9-9545-289a9363a94d,lq_label,S7000,59,61372,
label_test_3,0bd97b37-bd97-4bc9-9545-289a9363a94d,lq_label,reference,100,61372,
label_test_3,0bd97b37-bd97-4bc9-9545-289a9363a94d,lq_label,S4500,20,61372,
label_test_3,0bd97b37-bd97-4bc9-9545-289a9363a94d,lq_label,S6500,39,61372,
label_test_3,0bd97b37-bd97-4bc9-9545-289a9363a94d,lq_label,S3500,6,61372,
label_test_3,0bd97b37-bd97-4bc9-9545-289a9363a94d,lq_label,S6000,30,61372,
label_test_3,15d29cdb-bfb2-4a48-9de9-dc5e4fdfb2f2,trening,S10000,81,140632,
label_test_3,15d29cdb-bfb2-4a48-9de9-dc5e4fdfb2f2,trening,S5500,27,140632,
label_test_3,15d29cdb-bfb2-4a48-9de9-dc5e4fdfb2f2,trening,S8000,30,140632,
label_test_3,15d29cdb-bfb2-4a48-9de9-dc5e4fdfb2f2,trening,S5000,11,140632,
label_test_3,15d29cdb-bfb2-4a48-9de9-dc5e4fdfb2f2,trening,S4000,6,140632,
label_test_3,15d29cdb-bfb2-4a48-9de9-dc5e4fdfb2f2,trening,S4500,12,140632,
label_test_3,15d29cdb-bfb2-4a48-9de9-dc5e4fdfb2f2,trening,S3500,3,140632,
label_test_3,15d29cdb-bfb2-4a48-9de9-dc5e4fdfb2f2,trening,S7000,39,140632,
label_test_3,15d29cdb-bfb2-4a48-9de9-dc5e4fdfb2f2,trening,S6500,32,140632,
label_test_3,15d29cdb-bfb2-4a48-9de9-dc5e4fdfb2f2,trening,reference,94,140632,
label_test_3,15d29cdb-bfb2-4a48-9de9-dc5e4fdfb2f2,trening,S6000,37,140632,
label_test_3,15d29cdb-bfb2-4a48-9de9-dc5e4fdfb2f2,lq_label,S4500,32,115457,
label_test_3,15d29cdb-bfb2-4a48-9de9-dc5e4fdfb2f2,lq_label,reference,100,115457,
label_test_3,15d29cdb-bfb2-4a48-9de9-dc5e4fdfb2f2,lq_label,S3500,23,115457,
label_test_3,15d29cdb-bfb2-4a48-9de9-dc5e4fdfb2f2,lq_label,S10000,49,115457,
label_test_3,15d29cdb-bfb2-4a48-9de9-dc5e4fdfb2f2,lq_label,S4000,32,115457,
label_test_3,15d29cdb-bfb2-4a48-9de9-dc5e4fdfb2f2,lq_label,S5000,31,115457,
label_test_3,15d29cdb-bfb2-4a48-9de9-dc5e4fdfb2f2,lq_label,S6500,41,115457,
label_test_3,15d29cdb-bfb2-4a48-9de9-dc5e4fdfb2f2,lq_label,S5500,31,115457,
label_test_3,15d29cdb-bfb2-4a48-9de9-dc5e4fdfb2f2,lq_label,S8000,50,115457,
label_test_3,15d29cdb-bfb2-4a48-9de9-dc5e4fdfb2f2,lq_label,S7000,39,115457,
label_test_3,15d29cdb-bfb2-4a48-9de9-dc5e4fdfb2f2,lq_label,S6000,31,115457,
label_test_3,15d29cdb-bfb2-4a48-9de9-dc5e4fdfb2f2,lq_label,reference,100,119001,
label_test_3,15d29cdb-bfb2-4a48-9de9-dc5e4fdfb2f2,lq_label,S8000,51,119001,
label_test_3,15d29cdb-bfb2-4a48-9de9-dc5e4fdfb2f2,lq_label,S4500,26,119001,
label_test_3,15d29cdb-bfb2-4a48-9de9-dc5e4fdfb2f2,lq_label,S6500,35,119001,
label_test_3,15d29cdb-bfb2-4a48-9de9-dc5e4fdfb2f2,lq_label,S5500,32,119001,
label_test_3,15d29cdb-bfb2-4a48-9de9-dc5e4fdfb2f2,lq_label,S10000,80,119001,
label_test_3,15d29cdb-bfb2-4a48-9de9-dc5e4fdfb2f2,lq_label,S6000,29,119001,
label_test_3,15d29cdb-bfb2-4a48-9de9-dc5e4fdfb2f2,lq_label,S5000,27,119001,
label_test_3,15d29cdb-bfb2-4a48-9de9-dc5e4fdfb2f2,lq_label,S3500,11,119001,
label_test_3,15d29cdb-bfb2-4a48-9de9-dc5e4fdfb2f2,lq_label,S4000,14,119001,
label_test_3,15d29cdb-bfb2-4a48-9de9-dc5e4fdfb2f2,lq_label,S7000,37,119001,
label_test_3,b67e9e9a-f337-4f1b-949a-2d159e5ebd3d,trening,S7000,57,150253,
label_test_3,b67e9e9a-f337-4f1b-949a-2d159e5ebd3d,trening,S4500,19,150253,
label_test_3,b67e9e9a-f337-4f1b-949a-2d159e5ebd3d,trening,S5000,28,150253,
label_test_3,b67e9e9a-f337-4f1b-949a-2d159e5ebd3d,trening,S8000,50,150253,
label_test_3,b67e9e9a-f337-4f1b-949a-2d159e5ebd3d,trening,S5500,33,150253,
label_test_3,b67e9e9a-f337-4f1b-949a-2d159e5ebd3d,trening,S6500,59,150253,
label_test_3,b67e9e9a-f337-4f1b-949a-2d159e5ebd3d,trening,S10000,74,150253,
label_test_3,b67e9e9a-f337-4f1b-949a-2d159e5ebd3d,trening,S6000,68,150253,
label_test_3,b67e9e9a-f337-4f1b-949a-2d159e5ebd3d,trening,S4000,62,150253,
label_test_3,b67e9e9a-f337-4f1b-949a-2d159e5ebd3d,trening,S3500,62,150253,
label_test_3,b67e9e9a-f337-4f1b-949a-2d159e5ebd3d,trening,reference,100,150253,
label_test_3,b67e9e9a-f337-4f1b-949a-2d159e5ebd3d,lq_label,S6000,44,107650,
label_test_3,b67e9e9a-f337-4f1b-949a-2d159e5ebd3d,lq_label,S3500,40,107650,
label_test_3,b67e9e9a-f337-4f1b-949a-2d159e5ebd3d,lq_label,reference,100,107650,
label_test_3,b67e9e9a-f337-4f1b-949a-2d159e5ebd3d,lq_label,S5000,35,107650,
label_test_3,b67e9e9a-f337-4f1b-949a-2d159e5ebd3d,lq_label,S4500,27,107650,
label_test_3,b67e9e9a-f337-4f1b-949a-2d159e5ebd3d,lq_label,S7000,57,107650,
label_test_3,b67e9e9a-f337-4f1b-949a-2d159e5ebd3d,lq_label,S4000,18,107650,
label_test_3,b67e9e9a-f337-4f1b-949a-2d159e5ebd3d,lq_label,S6500,71,107650,
label_test_3,b67e9e9a-f337-4f1b-949a-2d159e5ebd3d,lq_label,S10000,85,107650,
label_test_3,b67e9e9a-f337-4f1b-949a-2d159e5ebd3d,lq_label,S5500,38,107650,
label_test_3,b67e9e9a-f337-4f1b-949a-2d159e5ebd3d,lq_label,S8000,65,107650,
label_test_3,b67e9e9a-f337-4f1b-949a-2d159e5ebd3d,lq_label,S6500,40,127287,
label_test_3,b67e9e9a-f337-4f1b-949a-2d159e5ebd3d,lq_label,S4500,25,127287,
label_test_3,b67e9e9a-f337-4f1b-949a-2d159e5ebd3d,lq_label,S5000,25,127287,
label_test_3,b67e9e9a-f337-4f1b-949a-2d159e5ebd3d,lq_label,reference,100,127287,
label_test_3,b67e9e9a-f337-4f1b-949a-2d159e5ebd3d,lq_label,S6000,44,127287,
label_test_3,b67e9e9a-f337-4f1b-949a-2d159e5ebd3d,lq_label,S4000,33,127287,
label_test_3,b67e9e9a-f337-4f1b-949a-2d159e5ebd3d,lq_label,S5500,46,127287,
label_test_3,b67e9e9a-f337-4f1b-949a-2d159e5ebd3d,lq_label,S7000,62,127287,
label_test_3,b67e9e9a-f337-4f1b-949a-2d159e5ebd3d,lq_label,S8000,69,127287,
label_test_3,b67e9e9a-f337-4f1b-949a-2d159e5ebd3d,lq_label,S10000,81,127287,
label_test_3,b67e9e9a-f337-4f1b-949a-2d159e5ebd3d,lq_label,S3500,12,127287,
label_test_3,59f2acf9-a304-4f47-be0e-af88355749a4,trening,S6500,47,193117,
label_test_3,59f2acf9-a304-4f47-be0e-af88355749a4,trening,reference,98,193117,
label_test_3,59f2acf9-a304-4f47-be0e-af88355749a4,trening,S4500,9,193117,
label_test_3,59f2acf9-a304-4f47-be0e-af88355749a4,trening,S10000,75,193117,
label_test_3,59f2acf9-a304-4f47-be0e-af88355749a4,trening,S5500,32,193117,
label_test_3,59f2acf9-a304-4f47-be0e-af88355749a4,trening,S6000,37,193117,
label_test_3,59f2acf9-a304-4f47-be0e-af88355749a4,trening,S4000,11,193117,
label_test_3,59f2acf9-a304-4f47-be0e-af88355749a4,trening,S7000,44,193117,
label_test_3,59f2acf9-a304-4f47-be0e-af88355749a4,trening,S3500,8,193117,
label_test_3,59f2acf9-a304-4f47-be0e-af88355749a4,trening,S5000,28,193117,
label_test_3,59f2acf9-a304-4f47-be0e-af88355749a4,trening,S8000,45,193117,
label_test_3,59f2acf9-a304-4f47-be0e-af88355749a4,lq_label,S6500,48,64603,
label_test_3,59f2acf9-a304-4f47-be0e-af88355749a4,lq_label,S10000,66,64603,
label_test_3,59f2acf9-a304-4f47-be0e-af88355749a4,lq_label,S4500,30,64603,
label_test_3,59f2acf9-a304-4f47-be0e-af88355749a4,lq_label,S5500,35,64603,
label_test_3,59f2acf9-a304-4f47-be0e-af88355749a4,lq_label,S8000,69,64603,
label_test_3,59f2acf9-a304-4f47-be0e-af88355749a4,lq_label,S6000,61,64603,
label_test_3,59f2acf9-a304-4f47-be0e-af88355749a4,lq_label,reference,98,64603,
label_test_3,59f2acf9-a304-4f47-be0e-af88355749a4,lq_label,S4000,13,64603,
label_test_3,59f2acf9-a304-4f47-be0e-af88355749a4,lq_label,S5000,15,64603,
label_test_3,59f2acf9-a304-4f47-be0e-af88355749a4,lq_label,S3500,5,64603,
label_test_3,59f2acf9-a304-4f47-be0e-af88355749a4,lq_label,S7000,43,64603,
label_test_3,59f2acf9-a304-4f47-be0e-af88355749a4,lq_label,reference,100,85942,
label_test_3,59f2acf9-a304-4f47-be0e-af88355749a4,lq_label,S8000,59,85942,
label_test_3,59f2acf9-a304-4f47-be0e-af88355749a4,lq_label,S7000,37,85942,
label_test_3,59f2acf9-a304-4f47-be0e-af88355749a4,lq_label,S6500,44,85942,
label_test_3,59f2acf9-a304-4f47-be0e-af88355749a4,lq_label,S4500,23,85942,
label_test_3,59f2acf9-a304-4f47-be0e-af88355749a4,lq_label,S5000,28,85942,
label_test_3,59f2acf9-a304-4f47-be0e-af88355749a4,lq_label,S6000,46,85942,
label_test_3,59f2acf9-a304-4f47-be0e-af88355749a4,lq_label,S5500,49,85942,
label_test_3,59f2acf9-a304-4f47-be0e-af88355749a4,lq_label,S10000,79,85942,
label_test_3,59f2acf9-a304-4f47-be0e-af88355749a4,lq_label,S4000,15,85942,
label_test_3,59f2acf9-a304-4f47-be0e-af88355749a4,lq_label,S3500,11,85942,
label_test_3,f971044b-7a3e-483f-8628-6b56f67b4c68,trening,S8000,52,119075,
label_test_3,f971044b-7a3e-483f-8628-6b56f67b4c68,trening,S6000,9,119075,
label_test_3,f971044b-7a3e-483f-8628-6b56f67b4c68,trening,S7000,32,119075,
label_test_3,f971044b-7a3e-483f-8628-6b56f67b4c68,trening,reference,100,119075,
label_test_3,f971044b-7a3e-483f-8628-6b56f67b4c68,trening,S5000,5,119075,
label_test_3,f971044b-7a3e-483f-8628-6b56f67b4c68,trening,S5500,9,119075,
label_test_3,f971044b-7a3e-483f-8628-6b56f67b4c68,trening,S4500,15,119075,
label_test_3,f971044b-7a3e-483f-8628-6b56f67b4c68,trening,S3500,1,119075,
label_test_3,f971044b-7a3e-483f-8628-6b56f67b4c68,trening,S6500,52,119075,
label_test_3,f971044b-7a3e-483f-8628-6b56f67b4c68,trening,S4000,33,119075,
label_test_3,f971044b-7a3e-483f-8628-6b56f67b4c68,trening,S10000,72,119075,
label_test_3,f971044b-7a3e-483f-8628-6b56f67b4c68,lq_label,S8000,52,247184,
label_test_3,f971044b-7a3e-483f-8628-6b56f67b4c68,lq_label,S5500,31,247184,
label_test_3,f971044b-7a3e-483f-8628-6b56f67b4c68,lq_label,S5000,22,247184,
label_test_3,f971044b-7a3e-483f-8628-6b56f67b4c68,lq_label,S10000,68,247184,
label_test_3,f971044b-7a3e-483f-8628-6b56f67b4c68,lq_label,S4000,17,247184,
label_test_3,f971044b-7a3e-483f-8628-6b56f67b4c68,lq_label,S4500,45,247184,
label_test_3,f971044b-7a3e-483f-8628-6b56f67b4c68,lq_label,S6000,53,247184,
label_test_3,f971044b-7a3e-483f-8628-6b56f67b4c68,lq_label,reference,98,247184,
label_test_3,f971044b-7a3e-483f-8628-6b56f67b4c68,lq_label,S6500,61,247184,
label_test_3,f971044b-7a3e-483f-8628-6b56f67b4c68,lq_label,S3500,27,247184,
label_test_3,f971044b-7a3e-483f-8628-6b56f67b4c68,lq_label,S7000,47,247184,
label_test_3,f971044b-7a3e-483f-8628-6b56f67b4c68,lq_label,S5000,15,54752,
label_test_3,f971044b-7a3e-483f-8628-6b56f67b4c68,lq_label,S10000,73,54752,
label_test_3,f971044b-7a3e-483f-8628-6b56f67b4c68,lq_label,S3500,16,54752,
label_test_3,f971044b-7a3e-483f-8628-6b56f67b4c68,lq_label,reference,100,54752,
label_test_3,f971044b-7a3e-483f-8628-6b56f67b4c68,lq_label,S4000,40,54752,
label_test_3,f971044b-7a3e-483f-8628-6b56f67b4c68,lq_label,S7000,53,54752,
label_test_3,f971044b-7a3e-483f-8628-6b56f67b4c68,lq_label,S5500,31,54752,
label_test_3,f971044b-7a3e-483f-8628-6b56f67b4c68,lq_label,S6500,73,54752,
label_test_3,f971044b-7a3e-483f-8628-6b56f67b4c68,lq_label,S6000,90,54752,
label_test_3,f971044b-7a3e-483f-8628-6b56f67b4c68,lq_label,S8000,77,54752,
label_test_3,f971044b-7a3e-483f-8628-6b56f67b4c68,lq_label,S4500,13,54752,
label_test_3,15ed3dec-df6f-4f8e-b625-17d949274843,trening,S10000,67,111131,
label_test_3,15ed3dec-df6f-4f8e-b625-17d949274843,trening,S6000,28,111131,
label_test_3,15ed3dec-df6f-4f8e-b625-17d949274843,trening,reference,100,111131,
label_test_3,15ed3dec-df6f-4f8e-b625-17d949274843,trening,S5000,27,111131,
label_test_3,15ed3dec-df6f-4f8e-b625-17d949274843,trening,S5500,27,111131,
label_test_3,15ed3dec-df6f-4f8e-b625-17d949274843,trening,S8000,26,111131,
label_test_3,15ed3dec-df6f-4f8e-b625-17d949274843,trening,S6500,50,111131,
label_test_3,15ed3dec-df6f-4f8e-b625-17d949274843,trening,S4500,10,111131,
label_test_3,15ed3dec-df6f-4f8e-b625-17d949274843,trening,S4000,10,111131,
label_test_3,15ed3dec-df6f-4f8e-b625-17d949274843,trening,S3500,10,111131,
label_test_3,15ed3dec-df6f-4f8e-b625-17d949274843,trening,S7000,51,111131,
label_test_3,15ed3dec-df6f-4f8e-b625-17d949274843,lq_label,S5000,50,68755,
label_test_3,15ed3dec-df6f-4f8e-b625-17d949274843,lq_label,reference,100,68755,
label_test_3,15ed3dec-df6f-4f8e-b625-17d949274843,lq_label,S4000,49,68755,
label_test_3,15ed3dec-df6f-4f8e-b625-17d949274843,lq_label,S6000,70,68755,
label_test_3,15ed3dec-df6f-4f8e-b625-17d949274843,lq_label,S5500,70,68755,
label_test_3,15ed3dec-df6f-4f8e-b625-17d949274843,lq_label,S4500,30,68755,
label_test_3,15ed3dec-df6f-4f8e-b625-17d949274843,lq_label,S8000,69,68755,
label_test_3,15ed3dec-df6f-4f8e-b625-17d949274843,lq_label,S7000,48,68755,
label_test_3,15ed3dec-df6f-4f8e-b625-17d949274843,lq_label,S3500,31,68755,
label_test_3,15ed3dec-df6f-4f8e-b625-17d949274843,lq_label,S6500,49,68755,
label_test_3,15ed3dec-df6f-4f8e-b625-17d949274843,lq_label,S10000,100,68755,
label_test_3,15ed3dec-df6f-4f8e-b625-17d949274843,lq_label,S6000,50,75093,
label_test_3,15ed3dec-df6f-4f8e-b625-17d949274843,lq_label,S4000,31,75093,
label_test_3,15ed3dec-df6f-4f8e-b625-17d949274843,lq_label,S6500,70,75093,
label_test_3,15ed3dec-df6f-4f8e-b625-17d949274843,lq_label,reference,100,75093,
label_test_3,15ed3dec-df6f-4f8e-b625-17d949274843,lq_label,S3500,28,75093,
label_test_3,15ed3dec-df6f-4f8e-b625-17d949274843,lq_label,S5000,28,75093,
label_test_3,15ed3dec-df6f-4f8e-b625-17d949274843,lq_label,S7000,51,75093,
label_test_3,15ed3dec-df6f-4f8e-b625-17d949274843,lq_label,S10000,88,75093,
label_test_3,15ed3dec-df6f-4f8e-b625-17d949274843,lq_label,S4500,50,75093,
label_test_3,15ed3dec-df6f-4f8e-b625-17d949274843,lq_label,S8000,73,75093,
label_test_3,15ed3dec-df6f-4f8e-b625-17d949274843,lq_label,S5500,68,75093,
label_test_3,f5e4fe8a-ede9-4259-9427-2ba0587258a9,trening,S6500,41,238684,
label_test_3,f5e4fe8a-ede9-4259-9427-2ba0587258a9,trening,S3500,0,238684,
label_test_3,f5e4fe8a-ede9-4259-9427-2ba0587258a9,trening,S6000,36,238684,
label_test_3,f5e4fe8a-ede9-4259-9427-2ba0587258a9,trening,S5500,35,238684,
label_test_3,f5e4fe8a-ede9-4259-9427-2ba0587258a9,trening,S4000,3,238684,
label_test_3,f5e4fe8a-ede9-4259-9427-2ba0587258a9,trening,S5000,48,238684,
label_test_3,f5e4fe8a-ede9-4259-9427-2ba0587258a9,trening,S8000,66,238684,
label_test_3,f5e4fe8a-ede9-4259-9427-2ba0587258a9,trening,S10000,77,238684,
label_test_3,f5e4fe8a-ede9-4259-9427-2ba0587258a9,trening,S4500,28,238684,
label_test_3,f5e4fe8a-ede9-4259-9427-2ba0587258a9,trening,reference,89,238684,
label_test_3,f5e4fe8a-ede9-4259-9427-2ba0587258a9,trening,S7000,49,238684,
label_test_3,f5e4fe8a-ede9-4259-9427-2ba0587258a9,lq_label,S4500,43,82768,
label_test_3,f5e4fe8a-ede9-4259-9427-2ba0587258a9,lq_label,S5500,53,82768,
label_test_3,f5e4fe8a-ede9-4259-9427-2ba0587258a9,lq_label,S5000,44,82768,
label_test_3,f5e4fe8a-ede9-4259-9427-2ba0587258a9,lq_label,S8000,71,82768,
label_test_3,f5e4fe8a-ede9-4259-9427-2ba0587258a9,lq_label,S7000,48,82768,
label_test_3,f5e4fe8a-ede9-4259-9427-2ba0587258a9,lq_label,S10000,74,82768,
label_test_3,f5e4fe8a-ede9-4259-9427-2ba0587258a9,lq_label,S3500,13,82768,
label_test_3,f5e4fe8a-ede9-4259-9427-2ba0587258a9,lq_label,S6500,35,82768,
label_test_3,f5e4fe8a-ede9-4259-9427-2ba0587258a9,lq_label,S4000,18,82768,
label_test_3,f5e4fe8a-ede9-4259-9427-2ba0587258a9,lq_label,S6000,29,82768,
label_test_3,f5e4fe8a-ede9-4259-9427-2ba0587258a9,lq_label,reference,89,82768,
label_test_3,f5e4fe8a-ede9-4259-9427-2ba0587258a9,lq_label,S8000,56,72234,
label_test_3,f5e4fe8a-ede9-4259-9427-2ba0587258a9,lq_label,S6000,43,72234,
label_test_3,f5e4fe8a-ede9-4259-9427-2ba0587258a9,lq_label,S10000,58,72234,
label_test_3,f5e4fe8a-ede9-4259-9427-2ba0587258a9,lq_label,S4500,16,72234,
label_test_3,f5e4fe8a-ede9-4259-9427-2ba0587258a9,lq_label,S6500,41,72234,
label_test_3,f5e4fe8a-ede9-4259-9427-2ba0587258a9,lq_label,reference,100,72234,
label_test_3,f5e4fe8a-ede9-4259-9427-2ba0587258a9,lq_label,S5500,60,72234,
label_test_3,f5e4fe8a-ede9-4259-9427-2ba0587258a9,lq_label,S4000,51,72234,
label_test_3,f5e4fe8a-ede9-4259-9427-2ba0587258a9,lq_label,S5000,60,72234,
label_test_3,f5e4fe8a-ede9-4259-9427-2ba0587258a9,lq_label,S3500,24,72234,
label_test_3,f5e4fe8a-ede9-4259-9427-2ba0587258a9,lq_label,S7000,55,72234,
label_test_3,8a79889a-00d8-4e5d-abaf-82ea1cf9ae2c,trening,S4500,15,46681,
label_test_3,8a79889a-00d8-4e5d-abaf-82ea1cf9ae2c,trening,S5500,34,46681,
label_test_3,8a79889a-00d8-4e5d-abaf-82ea1cf9ae2c,trening,S6500,32,46681,
label_test_3,8a79889a-00d8-4e5d-abaf-82ea1cf9ae2c,trening,S10000,77,46681,
label_test_3,8a79889a-00d8-4e5d-abaf-82ea1cf9ae2c,trening,S3500,48,46681,
label_test_3,8a79889a-00d8-4e5d-abaf-82ea1cf9ae2c,trening,S8000,62,46681,
label_test_3,8a79889a-00d8-4e5d-abaf-82ea1cf9ae2c,trening,S5000,63,46681,
label_test_3,8a79889a-00d8-4e5d-abaf-82ea1cf9ae2c,trening,S6000,71,46681,
label_test_3,8a79889a-00d8-4e5d-abaf-82ea1cf9ae2c,trening,S4000,37,46681,
label_test_3,8a79889a-00d8-4e5d-abaf-82ea1cf9ae2c,trening,S7000,43,46681,
label_test_3,8a79889a-00d8-4e5d-abaf-82ea1cf9ae2c,trening,reference,100,46681,
label_test_3,8a79889a-00d8-4e5d-abaf-82ea1cf9ae2c,lq_label,S6000,28,43258,
label_test_3,8a79889a-00d8-4e5d-abaf-82ea1cf9ae2c,lq_label,S7000,38,43258,
label_test_3,8a79889a-00d8-4e5d-abaf-82ea1cf9ae2c,lq_label,S3500,7,43258,
label_test_3,8a79889a-00d8-4e5d-abaf-82ea1cf9ae2c,lq_label,S5000,26,43258,
label_test_3,8a79889a-00d8-4e5d-abaf-82ea1cf9ae2c,lq_label,S8000,81,43258,
label_test_3,8a79889a-00d8-4e5d-abaf-82ea1cf9ae2c,lq_label,S10000,87,43258,
label_test_3,8a79889a-00d8-4e5d-abaf-82ea1cf9ae2c,lq_label,reference,100,43258,
label_test_3,8a79889a-00d8-4e5d-abaf-82ea1cf9ae2c,lq_label,S4500,25,43258,
label_test_3,8a79889a-00d8-4e5d-abaf-82ea1cf9ae2c,lq_label,S4000,33,43258,
label_test_3,8a79889a-00d8-4e5d-abaf-82ea1cf9ae2c,lq_label,S6500,54,43258,
label_test_3,8a79889a-00d8-4e5d-abaf-82ea1cf9ae2c,lq_label,S5500,64,43258,
label_test_3,8a79889a-00d8-4e5d-abaf-82ea1cf9ae2c,lq_label,reference,100,34897,
label_test_3,8a79889a-00d8-4e5d-abaf-82ea1cf9ae2c,lq_label,S7000,45,34897,
label_test_3,8a79889a-00d8-4e5d-abaf-82ea1cf9ae2c,lq_label,S5500,35,34897,
label_test_3,8a79889a-00d8-4e5d-abaf-82ea1cf9ae2c,lq_label,S6000,43,34897,
label_test_3,8a79889a-00d8-4e5d-abaf-82ea1cf9ae2c,lq_label,S4500,17,34897,
label_test_3,8a79889a-00d8-4e5d-abaf-82ea1cf9ae2c,lq_label,S3500,0,34897,
label_test_3,8a79889a-00d8-4e5d-abaf-82ea1cf9ae2c,lq_label,S10000,100,34897,
label_test_3,8a79889a-00d8-4e5d-abaf-82ea1cf9ae2c,lq_label,S4000,27,34897,
label_test_3,8a79889a-00d8-4e5d-abaf-82ea1cf9ae2c,lq_label,S5000,36,34897,
label_test_3,8a79889a-00d8-4e5d-abaf-82ea1cf9ae2c,lq_label,S8000,100,34897,
label_test_3,8a79889a-00d8-4e5d-abaf-82ea1cf9ae2c,lq_label,S6500,85,34897,
label_test_3,7914fac3-9629-4b2d-90d9-a624678022b2,trening,S5500,36,58527,
label_test_3,7914fac3-9629-4b2d-90d9-a624678022b2,trening,S7000,46,58527,
label_test_3,7914fac3-9629-4b2d-90d9-a624678022b2,trening,S6000,50,58527,
label_test_3,7914fac3-9629-4b2d-90d9-a624678022b2,trening,reference,93,58527,
label_test_3,7914fac3-9629-4b2d-90d9-a624678022b2,trening,S6500,51,58527,
label_test_3,7914fac3-9629-4b2d-90d9-a624678022b2,trening,S5000,33,58527,
label_test_3,7914fac3-9629-4b2d-90d9-a624678022b2,trening,S3500,15,58527,
label_test_3,7914fac3-9629-4b2d-90d9-a624678022b2,trening,S8000,45,58527,
label_test_3,7914fac3-9629-4b2d-90d9-a624678022b2,trening,S4000,41,58527,
label_test_3,7914fac3-9629-4b2d-90d9-a624678022b2,trening,S10000,63,58527,
label_test_3,7914fac3-9629-4b2d-90d9-a624678022b2,trening,S4500,42,58527,
label_test_3,7914fac3-9629-4b2d-90d9-a624678022b2,lq_label,S3500,41,49428,
label_test_3,7914fac3-9629-4b2d-90d9-a624678022b2,lq_label,S5000,51,49428,
label_test_3,7914fac3-9629-4b2d-90d9-a624678022b2,lq_label,S4500,50,49428,
label_test_3,7914fac3-9629-4b2d-90d9-a624678022b2,lq_label,S8000,68,49428,
label_test_3,7914fac3-9629-4b2d-90d9-a624678022b2,lq_label,S6500,68,49428,
label_test_3,7914fac3-9629-4b2d-90d9-a624678022b2,lq_label,S4000,44,49428,
label_test_3,7914fac3-9629-4b2d-90d9-a624678022b2,lq_label,S10000,89,49428,
label_test_3,7914fac3-9629-4b2d-90d9-a624678022b2,lq_label,S5500,49,49428,
label_test_3,7914fac3-9629-4b2d-90d9-a624678022b2,lq_label,reference,95,49428,
label_test_3,7914fac3-9629-4b2d-90d9-a624678022b2,lq_label,S6000,52,49428,
label_test_3,7914fac3-9629-4b2d-90d9-a624678022b2,lq_label,S7000,56,49428,
label_test_3,7914fac3-9629-4b2d-90d9-a624678022b2,lq_label,S7000,75,42730,
label_test_3,7914fac3-9629-4b2d-90d9-a624678022b2,lq_label,S4500,28,42730,
label_test_3,7914fac3-9629-4b2d-90d9-a624678022b2,lq_label,S8000,50,42730,
label_test_3,7914fac3-9629-4b2d-90d9-a624678022b2,lq_label,S4000,41,42730,
label_test_3,7914fac3-9629-4b2d-90d9-a624678022b2,lq_label,S5000,52,42730,
label_test_3,7914fac3-9629-4b2d-90d9-a624678022b2,lq_label,S3500,35,42730,
label_test_3,7914fac3-9629-4b2d-90d9-a624678022b2,lq_label,S6000,47,42730,
label_test_3,7914fac3-9629-4b2d-90d9-a624678022b2,lq_label,reference,100,42730,
label_test_3,7914fac3-9629-4b2d-90d9-a624678022b2,lq_label,S10000,97,42730,
label_test_3,7914fac3-9629-4b2d-90d9-a624678022b2,lq_label,S6500,65,42730,
label_test_3,7914fac3-9629-4b2d-90d9-a624678022b2,lq_label,S5500,65,42730,
label_test_3,ae6bef98-20a5-462b-8ff8-a65fc29c2158,trening,S6000,25,108787,
label_test_3,ae6bef98-20a5-462b-8ff8-a65fc29c2158,trening,S7000,40,108787,
label_test_3,ae6bef98-20a5-462b-8ff8-a65fc29c2158,trening,reference,87,108787,
label_test_3,ae6bef98-20a5-462b-8ff8-a65fc29c2158,trening,S5000,18,108787,
label_test_3,ae6bef98-20a5-462b-8ff8-a65fc29c2158,trening,S6500,34,108787,
label_test_3,ae6bef98-20a5-462b-8ff8-a65fc29c2158,trening,S8000,52,108787,
label_test_3,ae6bef98-20a5-462b-8ff8-a65fc29c2158,trening,S3500,12,108787,
label_test_3,ae6bef98-20a5-462b-8ff8-a65fc29c2158,trening,S4500,15,108787,
label_test_3,ae6bef98-20a5-462b-8ff8-a65fc29c2158,trening,S5500,28,108787,
label_test_3,ae6bef98-20a5-462b-8ff8-a65fc29c2158,trening,S4000,13,108787,
label_test_3,ae6bef98-20a5-462b-8ff8-a65fc29c2158,trening,S10000,73,108787,
label_test_3,ae6bef98-20a5-462b-8ff8-a65fc29c2158,lq_label,S6500,38,99811,
label_test_3,ae6bef98-20a5-462b-8ff8-a65fc29c2158,lq_label,S4000,11,99811,
label_test_3,ae6bef98-20a5-462b-8ff8-a65fc29c2158,lq_label,S8000,54,99811,
label_test_3,ae6bef98-20a5-462b-8ff8-a65fc29c2158,lq_label,S5500,23,99811,
label_test_3,ae6bef98-20a5-462b-8ff8-a65fc29c2158,lq_label,S7000,45,99811,
label_test_3,ae6bef98-20a5-462b-8ff8-a65fc29c2158,lq_label,S6000,31,99811,
label_test_3,ae6bef98-20a5-462b-8ff8-a65fc29c2158,lq_label,S10000,80,99811,
label_test_3,ae6bef98-20a5-462b-8ff8-a65fc29c2158,lq_label,S4500,15,99811,
label_test_3,ae6bef98-20a5-462b-8ff8-a65fc29c2158,lq_label,reference,97,99811,
label_test_3,ae6bef98-20a5-462b-8ff8-a65fc29c2158,lq_label,S5000,23,99811,
label_test_3,ae6bef98-20a5-462b-8ff8-a65fc29c2158,lq_label,S3500,10,99811,
label_test_3,ae6bef98-20a5-462b-8ff8-a65fc29c2158,lq_label,S3500,12,80231,
label_test_3,ae6bef98-20a5-462b-8ff8-a65fc29c2158,lq_label,S4000,24,80231,
label_test_3,ae6bef98-20a5-462b-8ff8-a65fc29c2158,lq_label,S10000,76,80231,
label_test_3,ae6bef98-20a5-462b-8ff8-a65fc29c2158,lq_label,S6500,32,80231,
label_test_3,ae6bef98-20a5-462b-8ff8-a65fc29c2158,lq_label,S8000,50,80231,
label_test_3,ae6bef98-20a5-462b-8ff8-a65fc29c2158,lq_label,S4500,16,80231,
label_test_3,ae6bef98-20a5-462b-8ff8-a65fc29c2158,lq_label,S5500,29,80231,
label_test_3,ae6bef98-20a5-462b-8ff8-a65fc29c2158,lq_label,reference,93,80231,
label_test_3,ae6bef98-20a5-462b-8ff8-a65fc29c2158,lq_label,S7000,45,80231,
label_test_3,ae6bef98-20a5-462b-8ff8-a65fc29c2158,lq_label,S5000,29,80231,
label_test_3,ae6bef98-20a5-462b-8ff8-a65fc29c2158,lq_label,S6000,39,80231,
label_test_3,7f9fe703-12e1-4fc9-9a03-67f0c39d3751,trening,S10000,89,178534,
label_test_3,7f9fe703-12e1-4fc9-9a03-67f0c39d3751,trening,S6500,76,178534,
label_test_3,7f9fe703-12e1-4fc9-9a03-67f0c39d3751,trening,S3500,59,178534,
label_test_3,7f9fe703-12e1-4fc9-9a03-67f0c39d3751,trening,S5500,37,178534,
label_test_3,7f9fe703-12e1-4fc9-9a03-67f0c39d3751,trening,S7000,30,178534,
label_test_3,7f9fe703-12e1-4fc9-9a03-67f0c39d3751,trening,S4000,31,178534,
label_test_3,7f9fe703-12e1-4fc9-9a03-67f0c39d3751,trening,reference,91,178534,
label_test_3,7f9fe703-12e1-4fc9-9a03-67f0c39d3751,trening,S5000,32,178534,
label_test_3,7f9fe703-12e1-4fc9-9a03-67f0c39d3751,trening,S6000,18,178534,
label_test_3,7f9fe703-12e1-4fc9-9a03-67f0c39d3751,trening,S8000,41,178534,
label_test_3,7f9fe703-12e1-4fc9-9a03-67f0c39d3751,trening,S4500,13,178534,
label_test_3,7f9fe703-12e1-4fc9-9a03-67f0c39d3751,lq_label,S4000,100,2419,
label_test_3,7f9fe703-12e1-4fc9-9a03-67f0c39d3751,lq_label,S5000,100,2419,
label_test_3,7f9fe703-12e1-4fc9-9a03-67f0c39d3751,lq_label,S8000,100,2419,
label_test_3,7f9fe703-12e1-4fc9-9a03-67f0c39d3751,lq_label,S7000,100,2419,
label_test_3,7f9fe703-12e1-4fc9-9a03-67f0c39d3751,lq_label,reference,100,2419,
label_test_3,7f9fe703-12e1-4fc9-9a03-67f0c39d3751,lq_label,S6500,100,2419,
label_test_3,7f9fe703-12e1-4fc9-9a03-67f0c39d3751,lq_label,S3500,100,2419,
label_test_3,7f9fe703-12e1-4fc9-9a03-67f0c39d3751,lq_label,S6000,100,2419,
label_test_3,7f9fe703-12e1-4fc9-9a03-67f0c39d3751,lq_label,S10000,100,2419,
label_test_3,7f9fe703-12e1-4fc9-9a03-67f0c39d3751,lq_label,S5500,100,2419,
label_test_3,7f9fe703-12e1-4fc9-9a03-67f0c39d3751,lq_label,S4500,100,2419,
label_test_3,7f9fe703-12e1-4fc9-9a03-67f0c39d3751,lq_label,S3500,14,96382,
label_test_3,7f9fe703-12e1-4fc9-9a03-67f0c39d3751,lq_label,S10000,72,96382,
label_test_3,7f9fe703-12e1-4fc9-9a03-67f0c39d3751,lq_label,S4500,15,96382,
label_test_3,7f9fe703-12e1-4fc9-9a03-67f0c39d3751,lq_label,S6000,22,96382,
label_test_3,7f9fe703-12e1-4fc9-9a03-67f0c39d3751,lq_label,S6500,17,96382,
label_test_3,7f9fe703-12e1-4fc9-9a03-67f0c39d3751,lq_label,S5000,27,96382,
label_test_3,7f9fe703-12e1-4fc9-9a03-67f0c39d3751,lq_label,S8000,53,96382,
label_test_3,7f9fe703-12e1-4fc9-9a03-67f0c39d3751,lq_label,S7000,33,96382,
label_test_3,7f9fe703-12e1-4fc9-9a03-67f0c39d3751,lq_label,S4000,16,96382,
label_test_3,7f9fe703-12e1-4fc9-9a03-67f0c39d3751,lq_label,reference,94,96382,
label_test_3,7f9fe703-12e1-4fc9-9a03-67f0c39d3751,lq_label,S5500,49,96382,
label_test_3,0e440831-6df3-48ff-a91f-1042dc43e3a1,trening,S5000,24,179077,
label_test_3,0e440831-6df3-48ff-a91f-1042dc43e3a1,trening,S8000,51,179077,
label_test_3,0e440831-6df3-48ff-a91f-1042dc43e3a1,trening,reference,100,179077,
label_test_3,0e440831-6df3-48ff-a91f-1042dc43e3a1,trening,S4000,23,179077,
label_test_3,0e440831-6df3-48ff-a91f-1042dc43e3a1,trening,S10000,69,179077,
label_test_3,0e440831-6df3-48ff-a91f-1042dc43e3a1,trening,S5500,50,179077,
label_test_3,0e440831-6df3-48ff-a91f-1042dc43e3a1,trening,S6500,38,179077,
label_test_3,0e440831-6df3-48ff-a91f-1042dc43e3a1,trening,S4500,12,179077,
label_test_3,0e440831-6df3-48ff-a91f-1042dc43e3a1,trening,S7000,62,179077,
label_test_3,0e440831-6df3-48ff-a91f-1042dc43e3a1,trening,S6000,41,179077,
label_test_3,0e440831-6df3-48ff-a91f-1042dc43e3a1,trening,S3500,3,179077,
label_test_3,0e440831-6df3-48ff-a91f-1042dc43e3a1,lq_label,S8000,58,97354,
label_test_3,0e440831-6df3-48ff-a91f-1042dc43e3a1,lq_label,S6500,32,97354,
label_test_3,0e440831-6df3-48ff-a91f-1042dc43e3a1,lq_label,S3500,9,97354,
label_test_3,0e440831-6df3-48ff-a91f-1042dc43e3a1,lq_label,S7000,43,97354,
label_test_3,0e440831-6df3-48ff-a91f-1042dc43e3a1,lq_label,S6000,23,97354,
label_test_3,0e440831-6df3-48ff-a91f-1042dc43e3a1,lq_label,S5500,21,97354,
label_test_3,0e440831-6df3-48ff-a91f-1042dc43e3a1,lq_label,reference,100,97354,
label_test_3,0e440831-6df3-48ff-a91f-1042dc43e3a1,lq_label,S5000,23,97354,
label_test_3,0e440831-6df3-48ff-a91f-1042dc43e3a1,lq_label,S4000,19,97354,
label_test_3,0e440831-6df3-48ff-a91f-1042dc43e3a1,lq_label,S10000,80,97354,
label_test_3,0e440831-6df3-48ff-a91f-1042dc43e3a1,lq_label,S4500,15,97354,
label_test_3,0e440831-6df3-48ff-a91f-1042dc43e3a1,lq_label,S5000,13,52788,
label_test_3,0e440831-6df3-48ff-a91f-1042dc43e3a1,lq_label,S6500,57,52788,
label_test_3,0e440831-6df3-48ff-a91f-1042dc43e3a1,lq_label,S4500,10,52788,
label_test_3,0e440831-6df3-48ff-a91f-1042dc43e3a1,lq_label,S4000,7,52788,
label_test_3,0e440831-6df3-48ff-a91f-1042dc43e3a1,lq_label,reference,100,52788,
label_test_3,0e440831-6df3-48ff-a91f-1042dc43e3a1,lq_label,S5500,53,52788,
label_test_3,0e440831-6df3-48ff-a91f-1042dc43e3a1,lq_label,S3500,13,52788,
label_test_3,0e440831-6df3-48ff-a91f-1042dc43e3a1,lq_label,S8000,78,52788,
label_test_3,0e440831-6df3-48ff-a91f-1042dc43e3a1,lq_label,S6000,50,52788,
label_test_3,0e440831-6df3-48ff-a91f-1042dc43e3a1,lq_label,S10000,89,52788,
label_test_3,0e440831-6df3-48ff-a91f-1042dc43e3a1,lq_label,S7000,22,52788,
label_test_3,cf4e5493-0654-4c21-8e5a-ea59bf1f4def,trening,S4500,34,96927,
label_test_3,cf4e5493-0654-4c21-8e5a-ea59bf1f4def,trening,S5500,43,96927,
label_test_3,cf4e5493-0654-4c21-8e5a-ea59bf1f4def,trening,S4000,33,96927,
label_test_3,cf4e5493-0654-4c21-8e5a-ea59bf1f4def,trening,S8000,58,96927,
label_test_3,cf4e5493-0654-4c21-8e5a-ea59bf1f4def,trening,S6500,55,96927,
label_test_3,cf4e5493-0654-4c21-8e5a-ea59bf1f4def,trening,S3500,22,96927,
label_test_3,cf4e5493-0654-4c21-8e5a-ea59bf1f4def,trening,reference,100,96927,
label_test_3,cf4e5493-0654-4c21-8e5a-ea59bf1f4def,trening,S10000,77,96927,
label_test_3,cf4e5493-0654-4c21-8e5a-ea59bf1f4def,trening,S5000,56,96927,
label_test_3,cf4e5493-0654-4c21-8e5a-ea59bf1f4def,trening,S7000,69,96927,
label_test_3,cf4e5493-0654-4c21-8e5a-ea59bf1f4def,trening,S6000,55,96927,
label_test_3,cf4e5493-0654-4c21-8e5a-ea59bf1f4def,lq_label,S5000,33,70498,
label_test_3,cf4e5493-0654-4c21-8e5a-ea59bf1f4def,lq_label,S4500,19,70498,
label_test_3,cf4e5493-0654-4c21-8e5a-ea59bf1f4def,lq_label,S6500,46,70498,
label_test_3,cf4e5493-0654-4c21-8e5a-ea59bf1f4def,lq_label,S5500,38,70498,
label_test_3,cf4e5493-0654-4c21-8e5a-ea59bf1f4def,lq_label,reference,100,70498,
label_test_3,cf4e5493-0654-4c21-8e5a-ea59bf1f4def,lq_label,S8000,73,70498,
label_test_3,cf4e5493-0654-4c21-8e5a-ea59bf1f4def,lq_label,S4000,48,70498,
label_test_3,cf4e5493-0654-4c21-8e5a-ea59bf1f4def,lq_label,S6000,63,70498,
label_test_3,cf4e5493-0654-4c21-8e5a-ea59bf1f4def,lq_label,S10000,81,70498,
label_test_3,cf4e5493-0654-4c21-8e5a-ea59bf1f4def,lq_label,S7000,72,70498,
label_test_3,cf4e5493-0654-4c21-8e5a-ea59bf1f4def,lq_label,S3500,9,70498,
label_test_3,cf4e5493-0654-4c21-8e5a-ea59bf1f4def,lq_label,S8000,77,70059,
label_test_3,cf4e5493-0654-4c21-8e5a-ea59bf1f4def,lq_label,S5500,58,70059,
label_test_3,cf4e5493-0654-4c21-8e5a-ea59bf1f4def,lq_label,S7000,63,70059,
label_test_3,cf4e5493-0654-4c21-8e5a-ea59bf1f4def,lq_label,S4500,29,70059,
label_test_3,cf4e5493-0654-4c21-8e5a-ea59bf1f4def,lq_label,reference,100,70059,
label_test_3,cf4e5493-0654-4c21-8e5a-ea59bf1f4def,lq_label,S6000,63,70059,
label_test_3,cf4e5493-0654-4c21-8e5a-ea59bf1f4def,lq_label,S5000,40,70059,
label_test_3,cf4e5493-0654-4c21-8e5a-ea59bf1f4def,lq_label,S3500,21,70059,
label_test_3,cf4e5493-0654-4c21-8e5a-ea59bf1f4def,lq_label,S10000,75,70059,
label_test_3,cf4e5493-0654-4c21-8e5a-ea59bf1f4def,lq_label,S6500,60,70059,
label_test_3,cf4e5493-0654-4c21-8e5a-ea59bf1f4def,lq_label,S4000,21,70059,
label_test_3,6e1f0fec-bcbc-4544-8037-dba9c0476f06,trening,S5000,59,195110,
label_test_3,6e1f0fec-bcbc-4544-8037-dba9c0476f06,trening,S3500,35,195110,
label_test_3,6e1f0fec-bcbc-4544-8037-dba9c0476f06,trening,reference,100,195110,
label_test_3,6e1f0fec-bcbc-4544-8037-dba9c0476f06,trening,S8000,67,195110,
label_test_3,6e1f0fec-bcbc-4544-8037-dba9c0476f06,trening,S10000,84,195110,
label_test_3,6e1f0fec-bcbc-4544-8037-dba9c0476f06,trening,S5500,77,195110,
label_test_3,6e1f0fec-bcbc-4544-8037-dba9c0476f06,trening,S7000,69,195110,
label_test_3,6e1f0fec-bcbc-4544-8037-dba9c0476f06,trening,S6500,70,195110,
label_test_3,6e1f0fec-bcbc-4544-8037-dba9c0476f06,trening,S6000,71,195110,
label_test_3,6e1f0fec-bcbc-4544-8037-dba9c0476f06,trening,S4000,36,195110,
label_test_3,6e1f0fec-bcbc-4544-8037-dba9c0476f06,trening,S4500,72,195110,
label_test_3,6e1f0fec-bcbc-4544-8037-dba9c0476f06,lq_label,S6500,67,92164,
label_test_3,6e1f0fec-bcbc-4544-8037-dba9c0476f06,lq_label,S7000,68,92164,
label_test_3,6e1f0fec-bcbc-4544-8037-dba9c0476f06,lq_label,S8000,80,92164,
label_test_3,6e1f0fec-bcbc-4544-8037-dba9c0476f06,lq_label,S4500,39,92164,
label_test_3,6e1f0fec-bcbc-4544-8037-dba9c0476f06,lq_label,S3500,13,92164,
label_test_3,6e1f0fec-bcbc-4544-8037-dba9c0476f06,lq_label,S6000,69,92164,
label_test_3,6e1f0fec-bcbc-4544-8037-dba9c0476f06,lq_label,reference,100,92164,
label_test_3,6e1f0fec-bcbc-4544-8037-dba9c0476f06,lq_label,S10000,91,92164,
label_test_3,6e1f0fec-bcbc-4544-8037-dba9c0476f06,lq_label,S5500,78,92164,
label_test_3,6e1f0fec-bcbc-4544-8037-dba9c0476f06,lq_label,S4000,39,92164,
label_test_3,6e1f0fec-bcbc-4544-8037-dba9c0476f06,lq_label,S5000,83,92164,
label_test_3,6e1f0fec-bcbc-4544-8037-dba9c0476f06,lq_label,S5000,84,60203,
label_test_3,6e1f0fec-bcbc-4544-8037-dba9c0476f06,lq_label,S6500,82,60203,
label_test_3,6e1f0fec-bcbc-4544-8037-dba9c0476f06,lq_label,S5500,78,60203,
label_test_3,6e1f0fec-bcbc-4544-8037-dba9c0476f06,lq_label,S4500,59,60203,
label_test_3,6e1f0fec-bcbc-4544-8037-dba9c0476f06,lq_label,S10000,100,60203,
label_test_3,6e1f0fec-bcbc-4544-8037-dba9c0476f06,lq_label,S4000,59,60203,
label_test_3,6e1f0fec-bcbc-4544-8037-dba9c0476f06,lq_label,S7000,77,60203,
label_test_3,6e1f0fec-bcbc-4544-8037-dba9c0476f06,lq_label,S3500,59,60203,
label_test_3,6e1f0fec-bcbc-4544-8037-dba9c0476f06,lq_label,S6000,79,60203,
label_test_3,6e1f0fec-bcbc-4544-8037-dba9c0476f06,lq_label,S8000,89,60203,
label_test_3,6e1f0fec-bcbc-4544-8037-dba9c0476f06,lq_label,reference,100,60203,
label_test_3,4bf9424c-3ac0-421b-91dd-522e00abf73c,trening,S4000,31,271995,
label_test_3,4bf9424c-3ac0-421b-91dd-522e00abf73c,trening,S7000,61,271995,
label_test_3,4bf9424c-3ac0-421b-91dd-522e00abf73c,trening,S6500,53,271995,
label_test_3,4bf9424c-3ac0-421b-91dd-522e00abf73c,trening,S10000,81,271995,
label_test_3,4bf9424c-3ac0-421b-91dd-522e00abf73c,trening,S6000,41,271995,
label_test_3,4bf9424c-3ac0-421b-91dd-522e00abf73c,trening,S4500,22,271995,
label_test_3,4bf9424c-3ac0-421b-91dd-522e00abf73c,trening,S8000,69,271995,
label_test_3,4bf9424c-3ac0-421b-91dd-522e00abf73c,trening,reference,100,271995,
label_test_3,4bf9424c-3ac0-421b-91dd-522e00abf73c,trening,S5500,31,271995,
label_test_3,4bf9424c-3ac0-421b-91dd-522e00abf73c,trening,S5000,26,271995,
label_test_3,4bf9424c-3ac0-421b-91dd-522e00abf73c,trening,S3500,1,271995,
label_test_3,4bf9424c-3ac0-421b-91dd-522e00abf73c,lq_label,S5500,31,78834,
label_test_3,4bf9424c-3ac0-421b-91dd-522e00abf73c,lq_label,S8000,63,78834,
label_test_3,4bf9424c-3ac0-421b-91dd-522e00abf73c,lq_label,S5000,23,78834,
label_test_3,4bf9424c-3ac0-421b-91dd-522e00abf73c,lq_label,S4000,9,78834,
label_test_3,4bf9424c-3ac0-421b-91dd-522e00abf73c,lq_label,S3500,0,78834,
label_test_3,4bf9424c-3ac0-421b-91dd-522e00abf73c,lq_label,S6000,34,78834,
label_test_3,4bf9424c-3ac0-421b-91dd-522e00abf73c,lq_label,S4500,23,78834,
label_test_3,4bf9424c-3ac0-421b-91dd-522e00abf73c,lq_label,S6500,43,78834,
label_test_3,4bf9424c-3ac0-421b-91dd-522e00abf73c,lq_label,reference,100,78834,
label_test_3,4bf9424c-3ac0-421b-91dd-522e00abf73c,lq_label,S7000,36,78834,
label_test_3,4bf9424c-3ac0-421b-91dd-522e00abf73c,lq_label,S10000,67,78834,
label_test_3,4bf9424c-3ac0-421b-91dd-522e00abf73c,lq_label,S4000,19,47015,
label_test_3,4bf9424c-3ac0-421b-91dd-522e00abf73c,lq_label,S6000,34,47015,
label_test_3,4bf9424c-3ac0-421b-91dd-522e00abf73c,lq_label,S7000,41,47015,
label_test_3,4bf9424c-3ac0-421b-91dd-522e00abf73c,lq_label,S8000,64,47015,
label_test_3,4bf9424c-3ac0-421b-91dd-522e00abf73c,lq_label,S5500,40,47015,
label_test_3,4bf9424c-3ac0-421b-91dd-522e00abf73c,lq_label,S3500,11,47015,
label_test_3,4bf9424c-3ac0-421b-91dd-522e00abf73c,lq_label,S10000,81,47015,
label_test_3,4bf9424c-3ac0-421b-91dd-522e00abf73c,lq_label,S4500,12,47015,
label_test_3,4bf9424c-3ac0-421b-91dd-522e00abf73c,lq_label,S6500,0,47015,
label_test_3,4bf9424c-3ac0-421b-91dd-522e00abf73c,lq_label,S5000,10,47015,
label_test_3,4bf9424c-3ac0-421b-91dd-522e00abf73c,lq_label,reference,100,47015,
label_test_3,de7bb55d-1117-402f-916a-7794e21af329,trening,S6500,57,142071,
label_test_3,de7bb55d-1117-402f-916a-7794e21af329,trening,S5500,33,142071,
label_test_3,de7bb55d-1117-402f-916a-7794e21af329,trening,S7000,68,142071,
label_test_3,de7bb55d-1117-402f-916a-7794e21af329,trening,S5000,31,142071,
label_test_3,de7bb55d-1117-402f-916a-7794e21af329,trening,S6000,61,142071,
label_test_3,de7bb55d-1117-402f-916a-7794e21af329,trening,reference,88,142071,
label_test_3,de7bb55d-1117-402f-916a-7794e21af329,trening,S10000,75,142071,
label_test_3,de7bb55d-1117-402f-916a-7794e21af329,trening,S8000,71,142071,
label_test_3,de7bb55d-1117-402f-916a-7794e21af329,trening,S3500,18,142071,
label_test_3,de7bb55d-1117-402f-916a-7794e21af329,trening,S4000,47,142071,
label_test_3,de7bb55d-1117-402f-916a-7794e21af329,trening,S4500,56,142071,
label_test_3,de7bb55d-1117-402f-916a-7794e21af329,lq_label,S6500,71,91554,
label_test_3,de7bb55d-1117-402f-916a-7794e21af329,lq_label,S4500,53,91554,
label_test_3,de7bb55d-1117-402f-916a-7794e21af329,lq_label,S8000,77,91554,
label_test_3,de7bb55d-1117-402f-916a-7794e21af329,lq_label,S3500,52,91554,
label_test_3,de7bb55d-1117-402f-916a-7794e21af329,lq_label,S4000,35,91554,
label_test_3,de7bb55d-1117-402f-916a-7794e21af329,lq_label,S7000,83,91554,
label_test_3,de7bb55d-1117-402f-916a-7794e21af329,lq_label,S5500,70,91554,
label_test_3,de7bb55d-1117-402f-916a-7794e21af329,lq_label,S6000,73,91554,
label_test_3,de7bb55d-1117-402f-916a-7794e21af329,lq_label,S10000,93,91554,
label_test_3,de7bb55d-1117-402f-916a-7794e21af329,lq_label,S5000,73,91554,
label_test_3,de7bb55d-1117-402f-916a-7794e21af329,lq_label,reference,95,91554,
label_test_3,de7bb55d-1117-402f-916a-7794e21af329,lq_label,S5000,49,64173,
label_test_3,de7bb55d-1117-402f-916a-7794e21af329,lq_label,S6500,61,64173,
label_test_3,de7bb55d-1117-402f-916a-7794e21af329,lq_label,S6000,61,64173,
label_test_3,de7bb55d-1117-402f-916a-7794e21af329,lq_label,S8000,71,64173,
label_test_3,de7bb55d-1117-402f-916a-7794e21af329,lq_label,S3500,47,64173,
label_test_3,de7bb55d-1117-402f-916a-7794e21af329,lq_label,S4000,49,64173,
label_test_3,de7bb55d-1117-402f-916a-7794e21af329,lq_label,reference,85,64173,
label_test_3,de7bb55d-1117-402f-916a-7794e21af329,lq_label,S4500,66,64173,
label_test_3,de7bb55d-1117-402f-916a-7794e21af329,lq_label,S10000,84,64173,
label_test_3,de7bb55d-1117-402f-916a-7794e21af329,lq_label,S5500,69,64173,
label_test_3,de7bb55d-1117-402f-916a-7794e21af329,lq_label,S7000,51,64173,
label_test_3,b8a025fb-956b-456b-ad52-ec8c46e9df58,trening,S10000,40,205128,
label_test_3,b8a025fb-956b-456b-ad52-ec8c46e9df58,trening,S3500,15,205128,
label_test_3,b8a025fb-956b-456b-ad52-ec8c46e9df58,trening,reference,100,205128,
label_test_3,b8a025fb-956b-456b-ad52-ec8c46e9df58,trening,S4500,23,205128,
label_test_3,b8a025fb-956b-456b-ad52-ec8c46e9df58,trening,S8000,55,205128,
label_test_3,b8a025fb-956b-456b-ad52-ec8c46e9df58,trening,S4000,32,205128,
label_test_3,b8a025fb-956b-456b-ad52-ec8c46e9df58,trening,S7000,75,205128,
label_test_3,b8a025fb-956b-456b-ad52-ec8c46e9df58,trening,S5000,27,205128,
label_test_3,b8a025fb-956b-456b-ad52-ec8c46e9df58,trening,S6500,88,205128,
label_test_3,b8a025fb-956b-456b-ad52-ec8c46e9df58,trening,S6000,81,205128,
label_test_3,b8a025fb-956b-456b-ad52-ec8c46e9df58,trening,S5500,54,205128,
label_test_3,b8a025fb-956b-456b-ad52-ec8c46e9df58,lq_label,S6500,49,87228,
label_test_3,b8a025fb-956b-456b-ad52-ec8c46e9df58,lq_label,S4000,16,87228,
label_test_3,b8a025fb-956b-456b-ad52-ec8c46e9df58,lq_label,S10000,69,87228,
label_test_3,b8a025fb-956b-456b-ad52-ec8c46e9df58,lq_label,S4500,33,87228,
label_test_3,b8a025fb-956b-456b-ad52-ec8c46e9df58,lq_label,S5000,63,87228,
label_test_3,b8a025fb-956b-456b-ad52-ec8c46e9df58,lq_label,S6000,74,87228,
label_test_3,b8a025fb-956b-456b-ad52-ec8c46e9df58,lq_label,S3500,39,87228,
label_test_3,b8a025fb-956b-456b-ad52-ec8c46e9df58,lq_label,S7000,79,87228,
label_test_3,b8a025fb-956b-456b-ad52-ec8c46e9df58,lq_label,S8000,89,87228,
label_test_3,b8a025fb-956b-456b-ad52-ec8c46e9df58,lq_label,reference,100,87228,
label_test_3,b8a025fb-956b-456b-ad52-ec8c46e9df58,lq_label,S5500,70,87228,
label_test_3,b8a025fb-956b-456b-ad52-ec8c46e9df58,lq_label,S4000,34,63314,
label_test_3,b8a025fb-956b-456b-ad52-ec8c46e9df58,lq_label,S7000,78,63314,
label_test_3,b8a025fb-956b-456b-ad52-ec8c46e9df58,lq_label,S5000,24,63314,
label_test_3,b8a025fb-956b-456b-ad52-ec8c46e9df58,lq_label,S8000,89,63314,
label_test_3,b8a025fb-956b-456b-ad52-ec8c46e9df58,lq_label,S5500,27,63314,
label_test_3,b8a025fb-956b-456b-ad52-ec8c46e9df58,lq_label,reference,100,63314,
label_test_3,b8a025fb-956b-456b-ad52-ec8c46e9df58,lq_label,S4500,58,63314,
label_test_3,b8a025fb-956b-456b-ad52-ec8c46e9df58,lq_label,S6500,42,63314,
label_test_3,b8a025fb-956b-456b-ad52-ec8c46e9df58,lq_label,S6000,71,63314,
label_test_3,b8a025fb-956b-456b-ad52-ec8c46e9df58,lq_label,S10000,91,63314,
label_test_3,b8a025fb-956b-456b-ad52-ec8c46e9df58,lq_label,S3500,36,63314,
label_test_3,c02e72f7-7ef2-4579-ad58-c68ccf76f191,trening,S6500,23,135081,
label_test_3,c02e72f7-7ef2-4579-ad58-c68ccf76f191,trening,reference,100,135081,
label_test_3,c02e72f7-7ef2-4579-ad58-c68ccf76f191,trening,S8000,53,135081,
label_test_3,c02e72f7-7ef2-4579-ad58-c68ccf76f191,trening,S7000,32,135081,
label_test_3,c02e72f7-7ef2-4579-ad58-c68ccf76f191,trening,S5000,18,135081,
label_test_3,c02e72f7-7ef2-4579-ad58-c68ccf76f191,trening,S6000,10,135081,
label_test_3,c02e72f7-7ef2-4579-ad58-c68ccf76f191,trening,S4000,4,135081,
label_test_3,c02e72f7-7ef2-4579-ad58-c68ccf76f191,trening,S3500,0,135081,
label_test_3,c02e72f7-7ef2-4579-ad58-c68ccf76f191,trening,S5500,10,135081,
label_test_3,c02e72f7-7ef2-4579-ad58-c68ccf76f191,trening,S4500,10,135081,
label_test_3,c02e72f7-7ef2-4579-ad58-c68ccf76f191,trening,S10000,86,135081,
label_test_3,c02e72f7-7ef2-4579-ad58-c68ccf76f191,lq_label,S5500,25,98900,
label_test_3,c02e72f7-7ef2-4579-ad58-c68ccf76f191,lq_label,S3500,0,98900,
label_test_3,c02e72f7-7ef2-4579-ad58-c68ccf76f191,lq_label,S5000,51,98900,
label_test_3,c02e72f7-7ef2-4579-ad58-c68ccf76f191,lq_label,S10000,77,98900,
label_test_3,c02e72f7-7ef2-4579-ad58-c68ccf76f191,lq_label,S7000,26,98900,
label_test_3,c02e72f7-7ef2-4579-ad58-c68ccf76f191,lq_label,reference,100,98900,
label_test_3,c02e72f7-7ef2-4579-ad58-c68ccf76f191,lq_label,S8000,57,98900,
label_test_3,c02e72f7-7ef2-4579-ad58-c68ccf76f191,lq_label,S4000,29,98900,
label_test_3,c02e72f7-7ef2-4579-ad58-c68ccf76f191,lq_label,S6500,33,98900,
label_test_3,c02e72f7-7ef2-4579-ad58-c68ccf76f191,lq_label,S6000,36,98900,
label_test_3,c02e72f7-7ef2-4579-ad58-c68ccf76f191,lq_label,S4500,13,98900,
label_test_3,c02e72f7-7ef2-4579-ad58-c68ccf76f191,lq_label,S4000,16,57434,
label_test_3,c02e72f7-7ef2-4579-ad58-c68ccf76f191,lq_label,S6500,26,57434,
label_test_3,c02e72f7-7ef2-4579-ad58-c68ccf76f191,lq_label,S5000,25,57434,
label_test_3,c02e72f7-7ef2-4579-ad58-c68ccf76f191,lq_label,S7000,40,57434,
label_test_3,c02e72f7-7ef2-4579-ad58-c68ccf76f191,lq_label,S10000,50,57434,
label_test_3,c02e72f7-7ef2-4579-ad58-c68ccf76f191,lq_label,reference,94,57434,
label_test_3,c02e72f7-7ef2-4579-ad58-c68ccf76f191,lq_label,S3500,0,57434,
label_test_3,c02e72f7-7ef2-4579-ad58-c68ccf76f191,lq_label,S4500,25,57434,
label_test_3,c02e72f7-7ef2-4579-ad58-c68ccf76f191,lq_label,S6000,6,57434,
label_test_3,c02e72f7-7ef2-4579-ad58-c68ccf76f191,lq_label,S8000,81,57434,
label_test_3,c02e72f7-7ef2-4579-ad58-c68ccf76f191,lq_label,S5500,21,57434,
label_test_3,0c46dc04-ed33-415c-af5b-484fd09fe991,trening,reference,100,78374,
label_test_3,0c46dc04-ed33-415c-af5b-484fd09fe991,trening,S5500,13,78374,
label_test_3,0c46dc04-ed33-415c-af5b-484fd09fe991,trening,S7000,32,78374,
label_test_3,0c46dc04-ed33-415c-af5b-484fd09fe991,trening,S6000,30,78374,
label_test_3,0c46dc04-ed33-415c-af5b-484fd09fe991,trening,S6500,52,78374,
label_test_3,0c46dc04-ed33-415c-af5b-484fd09fe991,trening,S10000,72,78374,
label_test_3,0c46dc04-ed33-415c-af5b-484fd09fe991,trening,S3500,35,78374,
label_test_3,0c46dc04-ed33-415c-af5b-484fd09fe991,trening,S4000,48,78374,
label_test_3,0c46dc04-ed33-415c-af5b-484fd09fe991,trening,S8000,73,78374,
label_test_3,0c46dc04-ed33-415c-af5b-484fd09fe991,trening,S4500,27,78374,
label_test_3,0c46dc04-ed33-415c-af5b-484fd09fe991,trening,S5000,29,78374,
label_test_3,0c46dc04-ed33-415c-af5b-484fd09fe991,lq_label,S6500,68,83529,
label_test_3,0c46dc04-ed33-415c-af5b-484fd09fe991,lq_label,S5000,67,83529,
label_test_3,0c46dc04-ed33-415c-af5b-484fd09fe991,lq_label,S7000,55,83529,
label_test_3,0c46dc04-ed33-415c-af5b-484fd09fe991,lq_label,reference,100,83529,
label_test_3,0c46dc04-ed33-415c-af5b-484fd09fe991,lq_label,S5500,55,83529,
label_test_3,0c46dc04-ed33-415c-af5b-484fd09fe991,lq_label,S3500,28,83529,
label_test_3,0c46dc04-ed33-415c-af5b-484fd09fe991,lq_label,S6000,37,83529,
label_test_3,0c46dc04-ed33-415c-af5b-484fd09fe991,lq_label,S4000,51,83529,
label_test_3,0c46dc04-ed33-415c-af5b-484fd09fe991,lq_label,S8000,75,83529,
label_test_3,0c46dc04-ed33-415c-af5b-484fd09fe991,lq_label,S10000,85,83529,
label_test_3,0c46dc04-ed33-415c-af5b-484fd09fe991,lq_label,S4500,38,83529,
label_test_3,0c46dc04-ed33-415c-af5b-484fd09fe991,lq_label,reference,100,108658,
label_test_3,0c46dc04-ed33-415c-af5b-484fd09fe991,lq_label,S3500,31,108658,
label_test_3,0c46dc04-ed33-415c-af5b-484fd09fe991,lq_label,S4500,32,108658,
label_test_3,0c46dc04-ed33-415c-af5b-484fd09fe991,lq_label,S5000,67,108658,
label_test_3,0c46dc04-ed33-415c-af5b-484fd09fe991,lq_label,S5500,57,108658,
label_test_3,0c46dc04-ed33-415c-af5b-484fd09fe991,lq_label,S6000,72,108658,
label_test_3,0c46dc04-ed33-415c-af5b-484fd09fe991,lq_label,S6500,73,108658,
label_test_3,0c46dc04-ed33-415c-af5b-484fd09fe991,lq_label,S8000,66,108658,
label_test_3,0c46dc04-ed33-415c-af5b-484fd09fe991,lq_label,S7000,67,108658,
label_test_3,0c46dc04-ed33-415c-af5b-484fd09fe991,lq_label,S4000,67,108658,
label_test_3,0c46dc04-ed33-415c-af5b-484fd09fe991,lq_label,S10000,89,108658,
label_test_3,c54e68aa-d7df-40db-8969-167ba0a79e07,trening,S6000,40,230791,
label_test_3,c54e68aa-d7df-40db-8969-167ba0a79e07,trening,S3500,20,230791,
label_test_3,c54e68aa-d7df-40db-8969-167ba0a79e07,trening,reference,100,230791,
label_test_3,c54e68aa-d7df-40db-8969-167ba0a79e07,trening,S4000,30,230791,
label_test_3,c54e68aa-d7df-40db-8969-167ba0a79e07,trening,S10000,80,230791,
label_test_3,c54e68aa-d7df-40db-8969-167ba0a79e07,trening,S4500,27,230791,
label_test_3,c54e68aa-d7df-40db-8969-167ba0a79e07,trening,S6500,50,230791,
label_test_3,c54e68aa-d7df-40db-8969-167ba0a79e07,trening,S7000,60,230791,
label_test_3,c54e68aa-d7df-40db-8969-167ba0a79e07,trening,S5000,45,230791,
label_test_3,c54e68aa-d7df-40db-8969-167ba0a79e07,trening,S5500,35,230791,
label_test_3,c54e68aa-d7df-40db-8969-167ba0a79e07,trening,S8000,70,230791,
label_test_3,c54e68aa-d7df-40db-8969-167ba0a79e07,lq_label,reference,100,231877,
label_test_3,c54e68aa-d7df-40db-8969-167ba0a79e07,lq_label,S5500,30,231877,
label_test_3,c54e68aa-d7df-40db-8969-167ba0a79e07,lq_label,S4500,27,231877,
label_test_3,c54e68aa-d7df-40db-8969-167ba0a79e07,lq_label,S6000,51,231877,
label_test_3,c54e68aa-d7df-40db-8969-167ba0a79e07,lq_label,S5000,40,231877,
label_test_3,c54e68aa-d7df-40db-8969-167ba0a79e07,lq_label,S6500,75,231877,
label_test_3,c54e68aa-d7df-40db-8969-167ba0a79e07,lq_label,S3500,15,231877,
label_test_3,c54e68aa-d7df-40db-8969-167ba0a79e07,lq_label,S8000,80,231877,
label_test_3,c54e68aa-d7df-40db-8969-167ba0a79e07,lq_label,S4000,20,231877,
label_test_3,c54e68aa-d7df-40db-8969-167ba0a79e07,lq_label,S10000,87,231877,
label_test_3,c54e68aa-d7df-40db-8969-167ba0a79e07,lq_label,S7000,71,231877,
label_test_3,c54e68aa-d7df-40db-8969-167ba0a79e07,lq_label,S5500,51,212858,
label_test_3,c54e68aa-d7df-40db-8969-167ba0a79e07,lq_label,S6500,61,212858,
label_test_3,c54e68aa-d7df-40db-8969-167ba0a79e07,lq_label,S7000,69,212858,
label_test_3,c54e68aa-d7df-40db-8969-167ba0a79e07,lq_label,S4000,30,212858,
label_test_3,c54e68aa-d7df-40db-8969-167ba0a79e07,lq_label,S6000,65,212858,
label_test_3,c54e68aa-d7df-40db-8969-167ba0a79e07,lq_label,S4500,37,212858,
label_test_3,c54e68aa-d7df-40db-8969-167ba0a79e07,lq_label,S5000,51,212858,
label_test_3,c54e68aa-d7df-40db-8969-167ba0a79e07,lq_label,reference,100,212858,
label_test_3,c54e68aa-d7df-40db-8969-167ba0a79e07,lq_label,S3500,18,212858,
label_test_3,c54e68aa-d7df-40db-8969-167ba0a79e07,lq_label,S10000,85,212858,
label_test_3,c54e68aa-d7df-40db-8969-167ba0a79e07,lq_label,S8000,75,212858,
label_test_3,b9462ed3-1eab-46d5-9545-55b900618972,trening,S8000,61,130336,
label_test_3,b9462ed3-1eab-46d5-9545-55b900618972,trening,S4000,37,130336,
label_test_3,b9462ed3-1eab-46d5-9545-55b900618972,trening,S10000,67,130336,
label_test_3,b9462ed3-1eab-46d5-9545-55b900618972,trening,reference,100,130336,
label_test_3,b9462ed3-1eab-46d5-9545-55b900618972,trening,S5500,32,130336,
label_test_3,b9462ed3-1eab-46d5-9545-55b900618972,trening,S6500,48,130336,
label_test_3,b9462ed3-1eab-46d5-9545-55b900618972,trening,S4500,16,130336,
label_test_3,b9462ed3-1eab-46d5-9545-55b900618972,trening,S5000,32,130336,
label_test_3,b9462ed3-1eab-46d5-9545-55b900618972,trening,S6000,51,130336,
label_test_3,b9462ed3-1eab-46d5-9545-55b900618972,trening,S7000,46,130336,
label_test_3,b9462ed3-1eab-46d5-9545-55b900618972,trening,S3500,10,130336,
label_test_3,b9462ed3-1eab-46d5-9545-55b900618972,lq_label,S3500,40,71218,
label_test_3,b9462ed3-1eab-46d5-9545-55b900618972,lq_label,S5500,51,71218,
label_test_3,b9462ed3-1eab-46d5-9545-55b900618972,lq_label,S6500,66,71218,
label_test_3,b9462ed3-1eab-46d5-9545-55b900618972,lq_label,S6000,71,71218,
label_test_3,b9462ed3-1eab-46d5-9545-55b900618972,lq_label,S7000,39,71218,
label_test_3,b9462ed3-1eab-46d5-9545-55b900618972,lq_label,S4000,31,71218,
label_test_3,b9462ed3-1eab-46d5-9545-55b900618972,lq_label,S4500,46,71218,
label_test_3,b9462ed3-1eab-46d5-9545-55b900618972,lq_label,S5000,36,71218,
label_test_3,b9462ed3-1eab-46d5-9545-55b900618972,lq_label,reference,100,71218,
label_test_3,b9462ed3-1eab-46d5-9545-55b900618972,lq_label,S10000,51,71218,
label_test_3,b9462ed3-1eab-46d5-9545-55b900618972,lq_label,S8000,49,71218,
label_test_3,b9462ed3-1eab-46d5-9545-55b900618972,lq_label,S6500,50,47550,
label_test_3,b9462ed3-1eab-46d5-9545-55b900618972,lq_label,S5500,39,47550,
label_test_3,b9462ed3-1eab-46d5-9545-55b900618972,lq_label,S4000,27,47550,
label_test_3,b9462ed3-1eab-46d5-9545-55b900618972,lq_label,S5000,46,47550,
label_test_3,b9462ed3-1eab-46d5-9545-55b900618972,lq_label,S10000,67,47550,
label_test_3,b9462ed3-1eab-46d5-9545-55b900618972,lq_label,S6000,39,47550,
label_test_3,b9462ed3-1eab-46d5-9545-55b900618972,lq_label,S4500,32,47550,
label_test_3,b9462ed3-1eab-46d5-9545-55b900618972,lq_label,reference,100,47550,
label_test_3,b9462ed3-1eab-46d5-9545-55b900618972,lq_label,S3500,30,47550,
label_test_3,b9462ed3-1eab-46d5-9545-55b900618972,lq_label,S7000,68,47550,
label_test_3,b9462ed3-1eab-46d5-9545-55b900618972,lq_label,S8000,53,47550,
label_test_3,b7af3df8-7868-4162-a60b-6cee0b5635c6,trening,S8000,57,159595,
label_test_3,b7af3df8-7868-4162-a60b-6cee0b5635c6,trening,S5500,43,159595,
label_test_3,b7af3df8-7868-4162-a60b-6cee0b5635c6,trening,S7000,61,159595,
label_test_3,b7af3df8-7868-4162-a60b-6cee0b5635c6,trening,S4500,25,159595,
label_test_3,b7af3df8-7868-4162-a60b-6cee0b5635c6,trening,S5000,48,159595,
label_test_3,b7af3df8-7868-4162-a60b-6cee0b5635c6,trening,S6000,65,159595,
label_test_3,b7af3df8-7868-4162-a60b-6cee0b5635c6,trening,S10000,82,159595,
label_test_3,b7af3df8-7868-4162-a60b-6cee0b5635c6,trening,S4000,57,159595,
label_test_3,b7af3df8-7868-4162-a60b-6cee0b5635c6,trening,S6500,63,159595,
label_test_3,b7af3df8-7868-4162-a60b-6cee0b5635c6,trening,reference,100,159595,
label_test_3,b7af3df8-7868-4162-a60b-6cee0b5635c6,trening,S3500,33,159595,
label_test_3,b7af3df8-7868-4162-a60b-6cee0b5635c6,lq_label,S4000,31,64636,
label_test_3,b7af3df8-7868-4162-a60b-6cee0b5635c6,lq_label,S6000,53,64636,
label_test_3,b7af3df8-7868-4162-a60b-6cee0b5635c6,lq_label,S8000,81,64636,
label_test_3,b7af3df8-7868-4162-a60b-6cee0b5635c6,lq_label,S10000,93,64636,
label_test_3,b7af3df8-7868-4162-a60b-6cee0b5635c6,lq_label,reference,100,64636,
label_test_3,b7af3df8-7868-4162-a60b-6cee0b5635c6,lq_label,S6500,55,64636,
label_test_3,b7af3df8-7868-4162-a60b-6cee0b5635c6,lq_label,S3500,39,64636,
label_test_3,b7af3df8-7868-4162-a60b-6cee0b5635c6,lq_label,S5500,48,64636,
label_test_3,b7af3df8-7868-4162-a60b-6cee0b5635c6,lq_label,S4500,37,64636,
label_test_3,b7af3df8-7868-4162-a60b-6cee0b5635c6,lq_label,S5000,42,64636,
label_test_3,b7af3df8-7868-4162-a60b-6cee0b5635c6,lq_label,S7000,87,64636,
label_test_3,b7af3df8-7868-4162-a60b-6cee0b5635c6,lq_label,reference,100,47910,
label_test_3,b7af3df8-7868-4162-a60b-6cee0b5635c6,lq_label,S10000,83,47910,
label_test_3,b7af3df8-7868-4162-a60b-6cee0b5635c6,lq_label,S4000,39,47910,
label_test_3,b7af3df8-7868-4162-a60b-6cee0b5635c6,lq_label,S5500,57,47910,
label_test_3,b7af3df8-7868-4162-a60b-6cee0b5635c6,lq_label,S8000,87,47910,
label_test_3,b7af3df8-7868-4162-a60b-6cee0b5635c6,lq_label,S4500,46,47910,
label_test_3,b7af3df8-7868-4162-a60b-6cee0b5635c6,lq_label,S6000,55,47910,
label_test_3,b7af3df8-7868-4162-a60b-6cee0b5635c6,lq_label,S3500,45,47910,
label_test_3,b7af3df8-7868-4162-a60b-6cee0b5635c6,lq_label,S6500,70,47910,
label_test_3,b7af3df8-7868-4162-a60b-6cee0b5635c6,lq_label,S5000,53,47910,
label_test_3,b7af3df8-7868-4162-a60b-6cee0b5635c6,lq_label,S7000,52,47910,
label_test_3,ed430bc9-3ea3-418d-89be-afd713507806,trening,S4500,33,142143,
label_test_3,ed430bc9-3ea3-418d-89be-afd713507806,trening,S4000,27,142143,
label_test_3,ed430bc9-3ea3-418d-89be-afd713507806,trening,S5000,41,142143,
label_test_3,ed430bc9-3ea3-418d-89be-afd713507806,trening,S7000,90,142143,
label_test_3,ed430bc9-3ea3-418d-89be-afd713507806,trening,S3500,15,142143,
label_test_3,ed430bc9-3ea3-418d-89be-afd713507806,trening,S8000,93,142143,
label_test_3,ed430bc9-3ea3-418d-89be-afd713507806,trening,S6500,79,142143,
label_test_3,ed430bc9-3ea3-418d-89be-afd713507806,trening,S5500,44,142143,
label_test_3,ed430bc9-3ea3-418d-89be-afd713507806,trening,reference,100,142143,
label_test_3,ed430bc9-3ea3-418d-89be-afd713507806,trening,S6000,40,142143,
label_test_3,ed430bc9-3ea3-418d-89be-afd713507806,trening,S10000,95,142143,
label_test_3,ed430bc9-3ea3-418d-89be-afd713507806,lq_label,S3500,11,88744,
label_test_3,ed430bc9-3ea3-418d-89be-afd713507806,lq_label,S6000,56,88744,
label_test_3,ed430bc9-3ea3-418d-89be-afd713507806,lq_label,S5500,61,88744,
label_test_3,ed430bc9-3ea3-418d-89be-afd713507806,lq_label,S10000,88,88744,
label_test_3,ed430bc9-3ea3-418d-89be-afd713507806,lq_label,S7000,65,88744,
label_test_3,ed430bc9-3ea3-418d-89be-afd713507806,lq_label,S5000,40,88744,
label_test_3,ed430bc9-3ea3-418d-89be-afd713507806,lq_label,reference,100,88744,
label_test_3,ed430bc9-3ea3-418d-89be-afd713507806,lq_label,S6500,64,88744,
label_test_3,ed430bc9-3ea3-418d-89be-afd713507806,lq_label,S4500,23,88744,
label_test_3,ed430bc9-3ea3-418d-89be-afd713507806,lq_label,S4000,28,88744,
label_test_3,ed430bc9-3ea3-418d-89be-afd713507806,lq_label,S8000,69,88744,
label_test_3,ed430bc9-3ea3-418d-89be-afd713507806,lq_label,S6000,49,68385,
label_test_3,ed430bc9-3ea3-418d-89be-afd713507806,lq_label,S10000,90,68385,
label_test_3,ed430bc9-3ea3-418d-89be-afd713507806,lq_label,S3500,13,68385,
label_test_3,ed430bc9-3ea3-418d-89be-afd713507806,lq_label,S6500,45,68385,
label_test_3,ed430bc9-3ea3-418d-89be-afd713507806,lq_label,S5000,35,68385,
label_test_3,ed430bc9-3ea3-418d-89be-afd713507806,lq_label,S7000,70,68385,
label_test_3,ed430bc9-3ea3-418d-89be-afd713507806,lq_label,S4000,31,68385,
label_test_3,ed430bc9-3ea3-418d-89be-afd713507806,lq_label,S5500,42,68385,
label_test_3,ed430bc9-3ea3-418d-89be-afd713507806,lq_label,S4500,27,68385,
label_test_3,ed430bc9-3ea3-418d-89be-afd713507806,lq_label,reference,100,68385,
label_test_3,ed430bc9-3ea3-418d-89be-afd713507806,lq_label,S8000,50,68385,
label_test_3,28d3003a-3434-4525-aa6b-fee81e037e4e,trening,S5500,75,221101,
label_test_3,28d3003a-3434-4525-aa6b-fee81e037e4e,trening,S4000,55,221101,
label_test_3,28d3003a-3434-4525-aa6b-fee81e037e4e,trening,S3500,38,221101,
label_test_3,28d3003a-3434-4525-aa6b-fee81e037e4e,trening,S4500,28,221101,
label_test_3,28d3003a-3434-4525-aa6b-fee81e037e4e,trening,S7000,72,221101,
label_test_3,28d3003a-3434-4525-aa6b-fee81e037e4e,trening,S6000,74,221101,
label_test_3,28d3003a-3434-4525-aa6b-fee81e037e4e,trening,S10000,96,221101,
label_test_3,28d3003a-3434-4525-aa6b-fee81e037e4e,trening,S6500,81,221101,
label_test_3,28d3003a-3434-4525-aa6b-fee81e037e4e,trening,S5000,51,221101,
label_test_3,28d3003a-3434-4525-aa6b-fee81e037e4e,trening,reference,100,221101,
label_test_3,28d3003a-3434-4525-aa6b-fee81e037e4e,trening,S8000,68,221101,
label_test_3,28d3003a-3434-4525-aa6b-fee81e037e4e,lq_label,S4500,35,96289,
label_test_3,28d3003a-3434-4525-aa6b-fee81e037e4e,lq_label,S10000,83,96289,
label_test_3,28d3003a-3434-4525-aa6b-fee81e037e4e,lq_label,S6000,55,96289,
label_test_3,28d3003a-3434-4525-aa6b-fee81e037e4e,lq_label,S5000,56,96289,
label_test_3,28d3003a-3434-4525-aa6b-fee81e037e4e,lq_label,S6500,68,96289,
label_test_3,28d3003a-3434-4525-aa6b-fee81e037e4e,lq_label,S7000,66,96289,
label_test_3,28d3003a-3434-4525-aa6b-fee81e037e4e,lq_label,reference,100,96289,
label_test_3,28d3003a-3434-4525-aa6b-fee81e037e4e,lq_label,S5500,64,96289,
label_test_3,28d3003a-3434-4525-aa6b-fee81e037e4e,lq_label,S3500,14,96289,
label_test_3,28d3003a-3434-4525-aa6b-fee81e037e4e,lq_label,S8000,77,96289,
label_test_3,28d3003a-3434-4525-aa6b-fee81e037e4e,lq_label,S4000,34,96289,
label_test_3,28d3003a-3434-4525-aa6b-fee81e037e4e,lq_label,S5500,37,61345,
label_test_3,28d3003a-3434-4525-aa6b-fee81e037e4e,lq_label,S4000,21,61345,
label_test_3,28d3003a-3434-4525-aa6b-fee81e037e4e,lq_label,S4500,46,61345,
label_test_3,28d3003a-3434-4525-aa6b-fee81e037e4e,lq_label,S3500,31,61345,
label_test_3,28d3003a-3434-4525-aa6b-fee81e037e4e,lq_label,S6000,69,61345,
label_test_3,28d3003a-3434-4525-aa6b-fee81e037e4e,lq_label,S8000,90,61345,
label_test_3,28d3003a-3434-4525-aa6b-fee81e037e4e,lq_label,S6500,79,61345,
label_test_3,28d3003a-3434-4525-aa6b-fee81e037e4e,lq_label,reference,100,61345,
label_test_3,28d3003a-3434-4525-aa6b-fee81e037e4e,lq_label,S10000,91,61345,
label_test_3,28d3003a-3434-4525-aa6b-fee81e037e4e,lq_label,S7000,79,61345,
label_test_3,28d3003a-3434-4525-aa6b-fee81e037e4e,lq_label,S5000,32,61345,
label_test_3,cebc9e30-6997-4c03-981c-7a0ad3718bf0,trening,S5000,21,85643,
label_test_3,cebc9e30-6997-4c03-981c-7a0ad3718bf0,trening,S3500,16,85643,
label_test_3,cebc9e30-6997-4c03-981c-7a0ad3718bf0,trening,S4500,32,85643,
label_test_3,cebc9e30-6997-4c03-981c-7a0ad3718bf0,trening,S4000,31,85643,
label_test_3,cebc9e30-6997-4c03-981c-7a0ad3718bf0,trening,S7000,46,85643,
label_test_3,cebc9e30-6997-4c03-981c-7a0ad3718bf0,trening,S10000,68,85643,
label_test_3,cebc9e30-6997-4c03-981c-7a0ad3718bf0,trening,reference,100,85643,
label_test_3,cebc9e30-6997-4c03-981c-7a0ad3718bf0,trening,S6500,31,85643,
label_test_3,cebc9e30-6997-4c03-981c-7a0ad3718bf0,trening,S8000,44,85643,
label_test_3,cebc9e30-6997-4c03-981c-7a0ad3718bf0,trening,S6000,21,85643,
label_test_3,cebc9e30-6997-4c03-981c-7a0ad3718bf0,trening,S5500,21,85643,
label_test_3,cebc9e30-6997-4c03-981c-7a0ad3718bf0,lq_label,S7000,29,79653,
label_test_3,cebc9e30-6997-4c03-981c-7a0ad3718bf0,lq_label,S3500,1,79653,
label_test_3,cebc9e30-6997-4c03-981c-7a0ad3718bf0,lq_label,S8000,55,79653,
label_test_3,cebc9e30-6997-4c03-981c-7a0ad3718bf0,lq_label,S4500,13,79653,
label_test_3,cebc9e30-6997-4c03-981c-7a0ad3718bf0,lq_label,S10000,86,79653,
label_test_3,cebc9e30-6997-4c03-981c-7a0ad3718bf0,lq_label,reference,100,79653,
label_test_3,cebc9e30-6997-4c03-981c-7a0ad3718bf0,lq_label,S5500,29,79653,
label_test_3,cebc9e30-6997-4c03-981c-7a0ad3718bf0,lq_label,S5000,31,79653,
label_test_3,cebc9e30-6997-4c03-981c-7a0ad3718bf0,lq_label,S6500,48,79653,
label_test_3,cebc9e30-6997-4c03-981c-7a0ad3718bf0,lq_label,S6000,31,79653,
label_test_3,cebc9e30-6997-4c03-981c-7a0ad3718bf0,lq_label,S4000,6,79653,
label_test_3,cebc9e30-6997-4c03-981c-7a0ad3718bf0,lq_label,S5500,19,95432,
label_test_3,cebc9e30-6997-4c03-981c-7a0ad3718bf0,lq_label,reference,100,95432,
label_test_3,cebc9e30-6997-4c03-981c-7a0ad3718bf0,lq_label,S4500,18,95432,
label_test_3,cebc9e30-6997-4c03-981c-7a0ad3718bf0,lq_label,S6000,29,95432,
label_test_3,cebc9e30-6997-4c03-981c-7a0ad3718bf0,lq_label,S6500,30,95432,
label_test_3,cebc9e30-6997-4c03-981c-7a0ad3718bf0,lq_label,S8000,47,95432,
label_test_3,cebc9e30-6997-4c03-981c-7a0ad3718bf0,lq_label,S4000,5,95432,
label_test_3,cebc9e30-6997-4c03-981c-7a0ad3718bf0,lq_label,S5000,19,95432,
label_test_3,cebc9e30-6997-4c03-981c-7a0ad3718bf0,lq_label,S3500,5,95432,
label_test_3,cebc9e30-6997-4c03-981c-7a0ad3718bf0,lq_label,S7000,43,95432,
label_test_3,cebc9e30-6997-4c03-981c-7a0ad3718bf0,lq_label,S10000,66,95432,
label_test_3,26848c08-cdd5-492a-bfd1-0ea353f65a73,trening,reference,100,337327,
label_test_3,26848c08-cdd5-492a-bfd1-0ea353f65a73,trening,S4500,8,337327,
label_test_3,26848c08-cdd5-492a-bfd1-0ea353f65a73,trening,S6500,21,337327,
label_test_3,26848c08-cdd5-492a-bfd1-0ea353f65a73,trening,S6000,21,337327,
label_test_3,26848c08-cdd5-492a-bfd1-0ea353f65a73,trening,S3500,0,337327,
label_test_3,26848c08-cdd5-492a-bfd1-0ea353f65a73,trening,S10000,61,337327,
label_test_3,26848c08-cdd5-492a-bfd1-0ea353f65a73,trening,S4000,19,337327,
label_test_3,26848c08-cdd5-492a-bfd1-0ea353f65a73,trening,S7000,71,337327,
label_test_3,26848c08-cdd5-492a-bfd1-0ea353f65a73,trening,S5500,55,337327,
label_test_3,26848c08-cdd5-492a-bfd1-0ea353f65a73,trening,S8000,71,337327,
label_test_3,26848c08-cdd5-492a-bfd1-0ea353f65a73,trening,S5000,11,337327,
label_test_3,26848c08-cdd5-492a-bfd1-0ea353f65a73,lq_label,S6500,54,278094,
label_test_3,26848c08-cdd5-492a-bfd1-0ea353f65a73,lq_label,reference,100,278094,
label_test_3,26848c08-cdd5-492a-bfd1-0ea353f65a73,lq_label,S5500,42,278094,
label_test_3,26848c08-cdd5-492a-bfd1-0ea353f65a73,lq_label,S4500,21,278094,
label_test_3,26848c08-cdd5-492a-bfd1-0ea353f65a73,lq_label,S5000,33,278094,
label_test_3,26848c08-cdd5-492a-bfd1-0ea353f65a73,lq_label,S6000,56,278094,
label_test_3,26848c08-cdd5-492a-bfd1-0ea353f65a73,lq_label,S8000,68,278094,
label_test_3,26848c08-cdd5-492a-bfd1-0ea353f65a73,lq_label,S10000,84,278094,
label_test_3,26848c08-cdd5-492a-bfd1-0ea353f65a73,lq_label,S4000,9,278094,
label_test_3,26848c08-cdd5-492a-bfd1-0ea353f65a73,lq_label,S3500,0,278094,
label_test_3,26848c08-cdd5-492a-bfd1-0ea353f65a73,lq_label,S7000,81,278094,
label_test_3,26848c08-cdd5-492a-bfd1-0ea353f65a73,lq_label,S6500,58,150611,
label_test_3,26848c08-cdd5-492a-bfd1-0ea353f65a73,lq_label,reference,100,150611,
label_test_3,26848c08-cdd5-492a-bfd1-0ea353f65a73,lq_label,S5000,31,150611,
label_test_3,26848c08-cdd5-492a-bfd1-0ea353f65a73,lq_label,S3500,12,150611,
label_test_3,26848c08-cdd5-492a-bfd1-0ea353f65a73,lq_label,S5500,49,150611,
label_test_3,26848c08-cdd5-492a-bfd1-0ea353f65a73,lq_label,S10000,82,150611,
label_test_3,26848c08-cdd5-492a-bfd1-0ea353f65a73,lq_label,S4000,18,150611,
label_test_3,26848c08-cdd5-492a-bfd1-0ea353f65a73,lq_label,S4500,28,150611,
label_test_3,26848c08-cdd5-492a-bfd1-0ea353f65a73,lq_label,S7000,57,150611,
label_test_3,26848c08-cdd5-492a-bfd1-0ea353f65a73,lq_label,S6000,46,150611,
label_test_3,26848c08-cdd5-492a-bfd1-0ea353f65a73,lq_label,S8000,71,150611,
label_test_3,bc1a5e54-9700-411b-b0c0-4212a066cb73,trening,S7000,70,139336,
label_test_3,bc1a5e54-9700-411b-b0c0-4212a066cb73,trening,S4500,41,139336,
label_test_3,bc1a5e54-9700-411b-b0c0-4212a066cb73,trening,S5500,51,139336,
label_test_3,bc1a5e54-9700-411b-b0c0-4212a066cb73,trening,S8000,76,139336,
label_test_3,bc1a5e54-9700-411b-b0c0-4212a066cb73,trening,reference,100,139336,
label_test_3,bc1a5e54-9700-411b-b0c0-4212a066cb73,trening,S6000,45,139336,
label_test_3,bc1a5e54-9700-411b-b0c0-4212a066cb73,trening,S6500,52,139336,
label_test_3,bc1a5e54-9700-411b-b0c0-4212a066cb73,trening,S5000,41,139336,
label_test_3,bc1a5e54-9700-411b-b0c0-4212a066cb73,trening,S4000,19,139336,
label_test_3,bc1a5e54-9700-411b-b0c0-4212a066cb73,trening,S10000,79,139336,
label_test_3,bc1a5e54-9700-411b-b0c0-4212a066cb73,trening,S3500,11,139336,
label_test_3,bc1a5e54-9700-411b-b0c0-4212a066cb73,lq_label,S6500,65,74771,
label_test_3,bc1a5e54-9700-411b-b0c0-4212a066cb73,lq_label,S3500,29,74771,
label_test_3,bc1a5e54-9700-411b-b0c0-4212a066cb73,lq_label,S4500,24,74771,
label_test_3,bc1a5e54-9700-411b-b0c0-4212a066cb73,lq_label,reference,100,74771,
label_test_3,bc1a5e54-9700-411b-b0c0-4212a066cb73,lq_label,S4000,51,74771,
label_test_3,bc1a5e54-9700-411b-b0c0-4212a066cb73,lq_label,S7000,75,74771,
label_test_3,bc1a5e54-9700-411b-b0c0-4212a066cb73,lq_label,S6000,68,74771,
label_test_3,bc1a5e54-9700-411b-b0c0-4212a066cb73,lq_label,S5000,51,74771,
label_test_3,bc1a5e54-9700-411b-b0c0-4212a066cb73,lq_label,S5500,56,74771,
label_test_3,bc1a5e54-9700-411b-b0c0-4212a066cb73,lq_label,S10000,77,74771,
label_test_3,bc1a5e54-9700-411b-b0c0-4212a066cb73,lq_label,S8000,77,74771,
label_test_3,bc1a5e54-9700-411b-b0c0-4212a066cb73,lq_label,S3500,37,58890,
label_test_3,bc1a5e54-9700-411b-b0c0-4212a066cb73,lq_label,S4000,42,58890,
label_test_3,bc1a5e54-9700-411b-b0c0-4212a066cb73,lq_label,S7000,69,58890,
label_test_3,bc1a5e54-9700-411b-b0c0-4212a066cb73,lq_label,S6000,61,58890,
label_test_3,bc1a5e54-9700-411b-b0c0-4212a066cb73,lq_label,S10000,77,58890,
label_test_3,bc1a5e54-9700-411b-b0c0-4212a066cb73,lq_label,S5000,36,58890,
label_test_3,bc1a5e54-9700-411b-b0c0-4212a066cb73,lq_label,reference,100,58890,
label_test_3,bc1a5e54-9700-411b-b0c0-4212a066cb73,lq_label,S4500,72,58890,
label_test_3,bc1a5e54-9700-411b-b0c0-4212a066cb73,lq_label,S6500,61,58890,
label_test_3,bc1a5e54-9700-411b-b0c0-4212a066cb73,lq_label,S5500,55,58890,
label_test_3,bc1a5e54-9700-411b-b0c0-4212a066cb73,lq_label,S8000,78,58890,
label_test_3,fbebd96b-704b-49bb-ae4a-5658ecee40e1,trening,S6500,59,225631,
label_test_3,fbebd96b-704b-49bb-ae4a-5658ecee40e1,trening,S8000,34,225631,
label_test_3,fbebd96b-704b-49bb-ae4a-5658ecee40e1,trening,S6000,47,225631,
label_test_3,fbebd96b-704b-49bb-ae4a-5658ecee40e1,trening,reference,100,225631,
label_test_3,fbebd96b-704b-49bb-ae4a-5658ecee40e1,trening,S10000,60,225631,
label_test_3,fbebd96b-704b-49bb-ae4a-5658ecee40e1,trening,S5000,8,225631,
label_test_3,fbebd96b-704b-49bb-ae4a-5658ecee40e1,trening,S5500,21,225631,
label_test_3,fbebd96b-704b-49bb-ae4a-5658ecee40e1,trening,S4500,10,225631,
label_test_3,fbebd96b-704b-49bb-ae4a-5658ecee40e1,trening,S4000,5,225631,
label_test_3,fbebd96b-704b-49bb-ae4a-5658ecee40e1,trening,S3500,2,225631,
label_test_3,fbebd96b-704b-49bb-ae4a-5658ecee40e1,trening,S7000,40,225631,
label_test_3,fbebd96b-704b-49bb-ae4a-5658ecee40e1,lq_label,reference,92,127532,
label_test_3,fbebd96b-704b-49bb-ae4a-5658ecee40e1,lq_label,S4500,36,127532,
label_test_3,fbebd96b-704b-49bb-ae4a-5658ecee40e1,lq_label,S5500,69,127532,
label_test_3,fbebd96b-704b-49bb-ae4a-5658ecee40e1,lq_label,S7000,73,127532,
label_test_3,fbebd96b-704b-49bb-ae4a-5658ecee40e1,lq_label,S6500,85,127532,
label_test_3,fbebd96b-704b-49bb-ae4a-5658ecee40e1,lq_label,S4000,48,127532,
label_test_3,fbebd96b-704b-49bb-ae4a-5658ecee40e1,lq_label,S3500,30,127532,
label_test_3,fbebd96b-704b-49bb-ae4a-5658ecee40e1,lq_label,S6000,48,127532,
label_test_3,fbebd96b-704b-49bb-ae4a-5658ecee40e1,lq_label,S10000,88,127532,
label_test_3,fbebd96b-704b-49bb-ae4a-5658ecee40e1,lq_label,S8000,92,127532,
label_test_3,fbebd96b-704b-49bb-ae4a-5658ecee40e1,lq_label,S5000,73,127532,
label_test_3,fbebd96b-704b-49bb-ae4a-5658ecee40e1,lq_label,reference,100,112386,
label_test_3,fbebd96b-704b-49bb-ae4a-5658ecee40e1,lq_label,S5000,50,112386,
label_test_3,fbebd96b-704b-49bb-ae4a-5658ecee40e1,lq_label,S6000,37,112386,
label_test_3,fbebd96b-704b-49bb-ae4a-5658ecee40e1,lq_label,S4500,31,112386,
label_test_3,fbebd96b-704b-49bb-ae4a-5658ecee40e1,lq_label,S10000,69,112386,
label_test_3,fbebd96b-704b-49bb-ae4a-5658ecee40e1,lq_label,S6500,80,112386,
label_test_3,fbebd96b-704b-49bb-ae4a-5658ecee40e1,lq_label,S3500,78,112386,
label_test_3,fbebd96b-704b-49bb-ae4a-5658ecee40e1,lq_label,S4000,69,112386,
label_test_3,fbebd96b-704b-49bb-ae4a-5658ecee40e1,lq_label,S7000,71,112386,
label_test_3,fbebd96b-704b-49bb-ae4a-5658ecee40e1,lq_label,S5500,87,112386,
label_test_3,fbebd96b-704b-49bb-ae4a-5658ecee40e1,lq_label,S8000,89,112386,
label_test_3,a2773fb6-c487-47cd-bb80-385e304ef6b8,trening,S10000,79,124971,
label_test_3,a2773fb6-c487-47cd-bb80-385e304ef6b8,trening,S5500,40,124971,
label_test_3,a2773fb6-c487-47cd-bb80-385e304ef6b8,trening,S7000,40,124971,
label_test_3,a2773fb6-c487-47cd-bb80-385e304ef6b8,trening,reference,100,124971,
label_test_3,a2773fb6-c487-47cd-bb80-385e304ef6b8,trening,S6500,38,124971,
label_test_3,a2773fb6-c487-47cd-bb80-385e304ef6b8,trening,S4500,22,124971,
label_test_3,a2773fb6-c487-47cd-bb80-385e304ef6b8,trening,S6000,60,124971,
label_test_3,a2773fb6-c487-47cd-bb80-385e304ef6b8,trening,S3500,20,124971,
label_test_3,a2773fb6-c487-47cd-bb80-385e304ef6b8,trening,S5000,62,124971,
label_test_3,a2773fb6-c487-47cd-bb80-385e304ef6b8,trening,S4000,23,124971,
label_test_3,a2773fb6-c487-47cd-bb80-385e304ef6b8,trening,S8000,41,124971,
label_test_3,a2773fb6-c487-47cd-bb80-385e304ef6b8,lq_label,S4000,43,85068,
label_test_3,a2773fb6-c487-47cd-bb80-385e304ef6b8,lq_label,reference,100,85068,
label_test_3,a2773fb6-c487-47cd-bb80-385e304ef6b8,lq_label,S4500,37,85068,
label_test_3,a2773fb6-c487-47cd-bb80-385e304ef6b8,lq_label,S6500,60,85068,
label_test_3,a2773fb6-c487-47cd-bb80-385e304ef6b8,lq_label,S5500,58,85068,
label_test_3,a2773fb6-c487-47cd-bb80-385e304ef6b8,lq_label,S7000,59,85068,
label_test_3,a2773fb6-c487-47cd-bb80-385e304ef6b8,lq_label,S6000,39,85068,
label_test_3,a2773fb6-c487-47cd-bb80-385e304ef6b8,lq_label,S5000,42,85068,
label_test_3,a2773fb6-c487-47cd-bb80-385e304ef6b8,lq_label,S3500,40,85068,
label_test_3,a2773fb6-c487-47cd-bb80-385e304ef6b8,lq_label,S10000,77,85068,
label_test_3,a2773fb6-c487-47cd-bb80-385e304ef6b8,lq_label,S8000,62,85068,
label_test_3,a2773fb6-c487-47cd-bb80-385e304ef6b8,lq_label,S5500,39,84091,
label_test_3,a2773fb6-c487-47cd-bb80-385e304ef6b8,lq_label,reference,100,84091,
label_test_3,a2773fb6-c487-47cd-bb80-385e304ef6b8,lq_label,S4500,48,84091,
label_test_3,a2773fb6-c487-47cd-bb80-385e304ef6b8,lq_label,S7000,62,84091,
label_test_3,a2773fb6-c487-47cd-bb80-385e304ef6b8,lq_label,S4000,41,84091,
label_test_3,a2773fb6-c487-47cd-bb80-385e304ef6b8,lq_label,S3500,20,84091,
label_test_3,a2773fb6-c487-47cd-bb80-385e304ef6b8,lq_label,S10000,69,84091,
label_test_3,a2773fb6-c487-47cd-bb80-385e304ef6b8,lq_label,S5000,19,84091,
label_test_3,a2773fb6-c487-47cd-bb80-385e304ef6b8,lq_label,S6500,40,84091,
label_test_3,a2773fb6-c487-47cd-bb80-385e304ef6b8,lq_label,S8000,42,84091,
label_test_3,a2773fb6-c487-47cd-bb80-385e304ef6b8,lq_label,S6000,39,84091,
label_test_2,9b37948c-6a4f-4494-85b8-7c1a2ac0732c,trening,S10700,90,89332,
label_test_2,9b37948c-6a4f-4494-85b8-7c1a2ac0732c,trening,S10000,87,89332,
label_test_2,9b37948c-6a4f-4494-85b8-7c1a2ac0732c,trening,S9300,28,89332,
label_test_2,9b37948c-6a4f-4494-85b8-7c1a2ac0732c,trening,S8700,17,89332,
label_test_2,9b37948c-6a4f-4494-85b8-7c1a2ac0732c,trening,S8000,82,89332,
label_test_2,9b37948c-6a4f-4494-85b8-7c1a2ac0732c,trening,reference,100,89332,
label_test_2,9b37948c-6a4f-4494-85b8-7c1a2ac0732c,trening,S7000,33,89332,
label_test_2,9b37948c-6a4f-4494-85b8-7c1a2ac0732c,trening,S3500,1,89332,
label_test_2,9b37948c-6a4f-4494-85b8-7c1a2ac0732c,trening,S5500,13,89332,
label_test_2,9b37948c-6a4f-4494-85b8-7c1a2ac0732c,trening,S12000,93,89332,
label_test_2,9b37948c-6a4f-4494-85b8-7c1a2ac0732c,trening,S11300,75,89332,
label_test_2,9b37948c-6a4f-4494-85b8-7c1a2ac0732c,hq_no_label,S7000,17,89160,
label_test_2,9b37948c-6a4f-4494-85b8-7c1a2ac0732c,hq_no_label,S11300,93,89160,
label_test_2,9b37948c-6a4f-4494-85b8-7c1a2ac0732c,hq_no_label,S9300,23,89160,
label_test_2,9b37948c-6a4f-4494-85b8-7c1a2ac0732c,hq_no_label,S8700,5,89160,
label_test_2,9b37948c-6a4f-4494-85b8-7c1a2ac0732c,hq_no_label,S10700,28,89160,
label_test_2,9b37948c-6a4f-4494-85b8-7c1a2ac0732c,hq_no_label,S5500,32,89160,
label_test_2,9b37948c-6a4f-4494-85b8-7c1a2ac0732c,hq_no_label,S10000,79,89160,
label_test_2,9b37948c-6a4f-4494-85b8-7c1a2ac0732c,hq_no_label,S8000,75,89160,
label_test_2,9b37948c-6a4f-4494-85b8-7c1a2ac0732c,hq_no_label,S12000,95,89160,
label_test_2,9b37948c-6a4f-4494-85b8-7c1a2ac0732c,hq_no_label,reference,100,89160,
label_test_2,9b37948c-6a4f-4494-85b8-7c1a2ac0732c,hq_no_label,S3500,39,89160,
label_test_2,9b37948c-6a4f-4494-85b8-7c1a2ac0732c,hq_no_label,S8700,17,43959,
label_test_2,9b37948c-6a4f-4494-85b8-7c1a2ac0732c,hq_no_label,S11300,21,43959,
label_test_2,9b37948c-6a4f-4494-85b8-7c1a2ac0732c,hq_no_label,S5500,7,43959,
label_test_2,9b37948c-6a4f-4494-85b8-7c1a2ac0732c,hq_no_label,S9300,18,43959,
label_test_2,9b37948c-6a4f-4494-85b8-7c1a2ac0732c,hq_no_label,S8000,23,43959,
label_test_2,9b37948c-6a4f-4494-85b8-7c1a2ac0732c,hq_no_label,S7000,26,43959,
label_test_2,9b37948c-6a4f-4494-85b8-7c1a2ac0732c,hq_no_label,reference,94,43959,
label_test_2,9b37948c-6a4f-4494-85b8-7c1a2ac0732c,hq_no_label,S12000,100,43959,
label_test_2,9b37948c-6a4f-4494-85b8-7c1a2ac0732c,hq_no_label,S10700,73,43959,
label_test_2,9b37948c-6a4f-4494-85b8-7c1a2ac0732c,hq_no_label,S3500,35,43959,
label_test_2,9b37948c-6a4f-4494-85b8-7c1a2ac0732c,hq_no_label,S10000,89,43959,
label_test_2,2759e027-4335-480f-986c-72f154df6927,trening,S3500,25,259344,
label_test_2,2759e027-4335-480f-986c-72f154df6927,trening,S7000,45,259344,
label_test_2,2759e027-4335-480f-986c-72f154df6927,trening,S9300,60,259344,
label_test_2,2759e027-4335-480f-986c-72f154df6927,trening,S8700,70,259344,
label_test_2,2759e027-4335-480f-986c-72f154df6927,trening,S8000,55,259344,
label_test_2,2759e027-4335-480f-986c-72f154df6927,trening,S5500,30,259344,
label_test_2,2759e027-4335-480f-986c-72f154df6927,trening,S12000,85,259344,
label_test_2,2759e027-4335-480f-986c-72f154df6927,trening,S10700,75,259344,
label_test_2,2759e027-4335-480f-986c-72f154df6927,trening,S11300,80,259344,
label_test_2,2759e027-4335-480f-986c-72f154df6927,trening,reference,100,259344,
label_test_2,2759e027-4335-480f-986c-72f154df6927,trening,S10000,75,259344,
label_test_2,2759e027-4335-480f-986c-72f154df6927,hq_no_label,S8700,60,227488,
label_test_2,2759e027-4335-480f-986c-72f154df6927,hq_no_label,S12000,90,227488,
label_test_2,2759e027-4335-480f-986c-72f154df6927,hq_no_label,S8000,60,227488,
label_test_2,2759e027-4335-480f-986c-72f154df6927,hq_no_label,S10000,75,227488,
label_test_2,2759e027-4335-480f-986c-72f154df6927,hq_no_label,S7000,50,227488,
label_test_2,2759e027-4335-480f-986c-72f154df6927,hq_no_label,S11300,85,227488,
label_test_2,2759e027-4335-480f-986c-72f154df6927,hq_no_label,S10700,85,227488,
label_test_2,2759e027-4335-480f-986c-72f154df6927,hq_no_label,S5500,25,227488,
label_test_2,2759e027-4335-480f-986c-72f154df6927,hq_no_label,reference,100,227488,
label_test_2,2759e027-4335-480f-986c-72f154df6927,hq_no_label,S9300,75,227488,
label_test_2,2759e027-4335-480f-986c-72f154df6927,hq_no_label,S3500,15,227488,
label_test_2,2759e027-4335-480f-986c-72f154df6927,hq_no_label,reference,100,207049,
label_test_2,2759e027-4335-480f-986c-72f154df6927,hq_no_label,S8700,80,207049,
label_test_2,2759e027-4335-480f-986c-72f154df6927,hq_no_label,S11300,90,207049,
label_test_2,2759e027-4335-480f-986c-72f154df6927,hq_no_label,S3500,50,207049,
label_test_2,2759e027-4335-480f-986c-72f154df6927,hq_no_label,S9300,80,207049,
label_test_2,2759e027-4335-480f-986c-72f154df6927,hq_no_label,S10700,90,207049,
label_test_2,2759e027-4335-480f-986c-72f154df6927,hq_no_label,S5500,60,207049,
label_test_2,2759e027-4335-480f-986c-72f154df6927,hq_no_label,S7000,75,207049,
label_test_2,2759e027-4335-480f-986c-72f154df6927,hq_no_label,S12000,95,207049,
label_test_2,2759e027-4335-480f-986c-72f154df6927,hq_no_label,S8000,80,207049,
label_test_2,2759e027-4335-480f-986c-72f154df6927,hq_no_label,S10000,90,207049,
label_test_2,8df9cabf-5b1e-4f30-ac17-a4eec2fa0e22,trening,S5500,30,391257,
label_test_2,8df9cabf-5b1e-4f30-ac17-a4eec2fa0e22,trening,S10000,75,391257,
label_test_2,8df9cabf-5b1e-4f30-ac17-a4eec2fa0e22,trening,S9300,70,391257,
label_test_2,8df9cabf-5b1e-4f30-ac17-a4eec2fa0e22,trening,reference,100,391257,
label_test_2,8df9cabf-5b1e-4f30-ac17-a4eec2fa0e22,trening,S3500,19,391257,
label_test_2,8df9cabf-5b1e-4f30-ac17-a4eec2fa0e22,trening,S8700,49,391257,
label_test_2,8df9cabf-5b1e-4f30-ac17-a4eec2fa0e22,trening,S8000,41,391257,
label_test_2,8df9cabf-5b1e-4f30-ac17-a4eec2fa0e22,trening,S7000,39,391257,
label_test_2,8df9cabf-5b1e-4f30-ac17-a4eec2fa0e22,trening,S12000,80,391257,
label_test_2,8df9cabf-5b1e-4f30-ac17-a4eec2fa0e22,trening,S10700,75,391257,
label_test_2,8df9cabf-5b1e-4f30-ac17-a4eec2fa0e22,trening,S11300,88,391257,
label_test_2,8df9cabf-5b1e-4f30-ac17-a4eec2fa0e22,hq_no_label,S8000,35,359772,
label_test_2,8df9cabf-5b1e-4f30-ac17-a4eec2fa0e22,hq_no_label,S9300,75,359772,
label_test_2,8df9cabf-5b1e-4f30-ac17-a4eec2fa0e22,hq_no_label,S10700,80,359772,
label_test_2,8df9cabf-5b1e-4f30-ac17-a4eec2fa0e22,hq_no_label,S12000,90,359772,
label_test_2,8df9cabf-5b1e-4f30-ac17-a4eec2fa0e22,hq_no_label,S5500,25,359772,
label_test_2,8df9cabf-5b1e-4f30-ac17-a4eec2fa0e22,hq_no_label,S10000,75,359772,
label_test_2,8df9cabf-5b1e-4f30-ac17-a4eec2fa0e22,hq_no_label,S3500,20,359772,
label_test_2,8df9cabf-5b1e-4f30-ac17-a4eec2fa0e22,hq_no_label,S8700,70,359772,
label_test_2,8df9cabf-5b1e-4f30-ac17-a4eec2fa0e22,hq_no_label,S11300,85,359772,
label_test_2,8df9cabf-5b1e-4f30-ac17-a4eec2fa0e22,hq_no_label,S7000,30,359772,
label_test_2,8df9cabf-5b1e-4f30-ac17-a4eec2fa0e22,hq_no_label,reference,100,359772,
label_test_2,8df9cabf-5b1e-4f30-ac17-a4eec2fa0e22,hq_no_label,S11300,85,308592,
label_test_2,8df9cabf-5b1e-4f30-ac17-a4eec2fa0e22,hq_no_label,S8700,60,308592,
label_test_2,8df9cabf-5b1e-4f30-ac17-a4eec2fa0e22,hq_no_label,S9300,75,308592,
label_test_2,8df9cabf-5b1e-4f30-ac17-a4eec2fa0e22,hq_no_label,S5500,24,308592,
label_test_2,8df9cabf-5b1e-4f30-ac17-a4eec2fa0e22,hq_no_label,S8000,30,308592,
label_test_2,8df9cabf-5b1e-4f30-ac17-a4eec2fa0e22,hq_no_label,S3500,20,308592,
label_test_2,8df9cabf-5b1e-4f30-ac17-a4eec2fa0e22,hq_no_label,S10700,80,308592,
label_test_2,8df9cabf-5b1e-4f30-ac17-a4eec2fa0e22,hq_no_label,S7000,30,308592,
label_test_2,8df9cabf-5b1e-4f30-ac17-a4eec2fa0e22,hq_no_label,S12000,90,308592,
label_test_2,8df9cabf-5b1e-4f30-ac17-a4eec2fa0e22,hq_no_label,reference,100,308592,
label_test_2,8df9cabf-5b1e-4f30-ac17-a4eec2fa0e22,hq_no_label,S10000,75,308592,
label_test_2,47b1fc1b-6b0b-4672-80dd-30db3ba68ce3,trening,S11300,70,252025,
label_test_2,47b1fc1b-6b0b-4672-80dd-30db3ba68ce3,trening,S7000,60,252025,
label_test_2,47b1fc1b-6b0b-4672-80dd-30db3ba68ce3,trening,S3500,30,252025,
label_test_2,47b1fc1b-6b0b-4672-80dd-30db3ba68ce3,trening,reference,100,252025,
label_test_2,47b1fc1b-6b0b-4672-80dd-30db3ba68ce3,trening,S10000,80,252025,
label_test_2,47b1fc1b-6b0b-4672-80dd-30db3ba68ce3,trening,S12000,95,252025,
label_test_2,47b1fc1b-6b0b-4672-80dd-30db3ba68ce3,trening,S10700,90,252025,
label_test_2,47b1fc1b-6b0b-4672-80dd-30db3ba68ce3,trening,S8700,80,252025,
label_test_2,47b1fc1b-6b0b-4672-80dd-30db3ba68ce3,trening,S8000,70,252025,
label_test_2,47b1fc1b-6b0b-4672-80dd-30db3ba68ce3,trening,S9300,69,252025,
label_test_2,47b1fc1b-6b0b-4672-80dd-30db3ba68ce3,trening,S5500,40,252025,
label_test_2,47b1fc1b-6b0b-4672-80dd-30db3ba68ce3,hq_no_label,S5500,40,319795,
label_test_2,47b1fc1b-6b0b-4672-80dd-30db3ba68ce3,hq_no_label,S12000,95,319795,
label_test_2,47b1fc1b-6b0b-4672-80dd-30db3ba68ce3,hq_no_label,S7000,70,319795,
label_test_2,47b1fc1b-6b0b-4672-80dd-30db3ba68ce3,hq_no_label,S9300,85,319795,
label_test_2,47b1fc1b-6b0b-4672-80dd-30db3ba68ce3,hq_no_label,S3500,30,319795,
label_test_2,47b1fc1b-6b0b-4672-80dd-30db3ba68ce3,hq_no_label,S10000,90,319795,
label_test_2,47b1fc1b-6b0b-4672-80dd-30db3ba68ce3,hq_no_label,S8700,50,319795,
label_test_2,47b1fc1b-6b0b-4672-80dd-30db3ba68ce3,hq_no_label,S11300,95,319795,
label_test_2,47b1fc1b-6b0b-4672-80dd-30db3ba68ce3,hq_no_label,S8000,75,319795,
label_test_2,47b1fc1b-6b0b-4672-80dd-30db3ba68ce3,hq_no_label,S10700,91,319795,
label_test_2,47b1fc1b-6b0b-4672-80dd-30db3ba68ce3,hq_no_label,reference,100,319795,
label_test_2,47b1fc1b-6b0b-4672-80dd-30db3ba68ce3,hq_no_label,S11300,85,463486,
label_test_2,47b1fc1b-6b0b-4672-80dd-30db3ba68ce3,hq_no_label,S7000,30,463486,
label_test_2,47b1fc1b-6b0b-4672-80dd-30db3ba68ce3,hq_no_label,S9300,70,463486,
label_test_2,47b1fc1b-6b0b-4672-80dd-30db3ba68ce3,hq_no_label,S8000,50,463486,
label_test_2,47b1fc1b-6b0b-4672-80dd-30db3ba68ce3,hq_no_label,S10700,80,463486,
label_test_2,47b1fc1b-6b0b-4672-80dd-30db3ba68ce3,hq_no_label,reference,100,463486,
label_test_2,47b1fc1b-6b0b-4672-80dd-30db3ba68ce3,hq_no_label,S12000,95,463486,
label_test_2,47b1fc1b-6b0b-4672-80dd-30db3ba68ce3,hq_no_label,S8700,60,463486,
label_test_2,47b1fc1b-6b0b-4672-80dd-30db3ba68ce3,hq_no_label,S10000,75,463486,
label_test_2,47b1fc1b-6b0b-4672-80dd-30db3ba68ce3,hq_no_label,S5500,25,463486,
label_test_2,47b1fc1b-6b0b-4672-80dd-30db3ba68ce3,hq_no_label,S3500,20,463486,
label_test_2,e684fb2f-802c-4836-be91-e6b40a1369a9,trening,S8700,59,152185,
label_test_2,e684fb2f-802c-4836-be91-e6b40a1369a9,trening,S10000,71,152185,
label_test_2,e684fb2f-802c-4836-be91-e6b40a1369a9,trening,S5500,30,152185,
label_test_2,e684fb2f-802c-4836-be91-e6b40a1369a9,trening,S7000,41,152185,
label_test_2,e684fb2f-802c-4836-be91-e6b40a1369a9,trening,reference,100,152185,
label_test_2,e684fb2f-802c-4836-be91-e6b40a1369a9,trening,S9300,71,152185,
label_test_2,e684fb2f-802c-4836-be91-e6b40a1369a9,trening,S11300,85,152185,
label_test_2,e684fb2f-802c-4836-be91-e6b40a1369a9,trening,S8000,49,152185,
label_test_2,e684fb2f-802c-4836-be91-e6b40a1369a9,trening,S3500,20,152185,
label_test_2,e684fb2f-802c-4836-be91-e6b40a1369a9,trening,S10700,81,152185,
label_test_2,e684fb2f-802c-4836-be91-e6b40a1369a9,trening,S12000,89,152185,
label_test_2,e684fb2f-802c-4836-be91-e6b40a1369a9,hq_no_label,S10700,82,81489,
label_test_2,e684fb2f-802c-4836-be91-e6b40a1369a9,hq_no_label,S7000,39,81489,
label_test_2,e684fb2f-802c-4836-be91-e6b40a1369a9,hq_no_label,S10000,71,81489,
label_test_2,e684fb2f-802c-4836-be91-e6b40a1369a9,hq_no_label,S9300,61,81489,
label_test_2,e684fb2f-802c-4836-be91-e6b40a1369a9,hq_no_label,S11300,89,81489,
label_test_2,e684fb2f-802c-4836-be91-e6b40a1369a9,hq_no_label,S5500,17,81489,
label_test_2,e684fb2f-802c-4836-be91-e6b40a1369a9,hq_no_label,S8700,69,81489,
label_test_2,e684fb2f-802c-4836-be91-e6b40a1369a9,hq_no_label,S3500,20,81489,
label_test_2,e684fb2f-802c-4836-be91-e6b40a1369a9,hq_no_label,reference,100,81489,
label_test_2,e684fb2f-802c-4836-be91-e6b40a1369a9,hq_no_label,S12000,80,81489,
label_test_2,e684fb2f-802c-4836-be91-e6b40a1369a9,hq_no_label,S8000,39,81489,
label_test_2,e684fb2f-802c-4836-be91-e6b40a1369a9,hq_no_label,reference,100,82512,
label_test_2,e684fb2f-802c-4836-be91-e6b40a1369a9,hq_no_label,S5500,32,82512,
label_test_2,e684fb2f-802c-4836-be91-e6b40a1369a9,hq_no_label,S7000,44,82512,
label_test_2,e684fb2f-802c-4836-be91-e6b40a1369a9,hq_no_label,S3500,18,82512,
label_test_2,e684fb2f-802c-4836-be91-e6b40a1369a9,hq_no_label,S8000,61,82512,
label_test_2,e684fb2f-802c-4836-be91-e6b40a1369a9,hq_no_label,S10700,80,82512,
label_test_2,e684fb2f-802c-4836-be91-e6b40a1369a9,hq_no_label,S8700,75,82512,
label_test_2,e684fb2f-802c-4836-be91-e6b40a1369a9,hq_no_label,S12000,91,82512,
label_test_2,e684fb2f-802c-4836-be91-e6b40a1369a9,hq_no_label,S11300,87,82512,
label_test_2,e684fb2f-802c-4836-be91-e6b40a1369a9,hq_no_label,S9300,68,82512,
label_test_2,e684fb2f-802c-4836-be91-e6b40a1369a9,hq_no_label,S10000,72,82512,
label_test_2,41cfd280-513d-4ff6-8a58-4f599d86883f,trening,S7000,50,127060,
label_test_2,41cfd280-513d-4ff6-8a58-4f599d86883f,trening,S10700,78,127060,
label_test_2,41cfd280-513d-4ff6-8a58-4f599d86883f,trening,reference,100,127060,
label_test_2,41cfd280-513d-4ff6-8a58-4f599d86883f,trening,S5500,30,127060,
label_test_2,41cfd280-513d-4ff6-8a58-4f599d86883f,trening,S9300,64,127060,
label_test_2,41cfd280-513d-4ff6-8a58-4f599d86883f,trening,S8000,51,127060,
label_test_2,41cfd280-513d-4ff6-8a58-4f599d86883f,trening,S8700,61,127060,
label_test_2,41cfd280-513d-4ff6-8a58-4f599d86883f,trening,S12000,87,127060,
label_test_2,41cfd280-513d-4ff6-8a58-4f599d86883f,trening,S10000,69,127060,
label_test_2,41cfd280-513d-4ff6-8a58-4f599d86883f,trening,S3500,0,127060,
label_test_2,41cfd280-513d-4ff6-8a58-4f599d86883f,trening,S11300,86,127060,
label_test_2,41cfd280-513d-4ff6-8a58-4f599d86883f,hq_no_label,S9300,71,145748,
label_test_2,41cfd280-513d-4ff6-8a58-4f599d86883f,hq_no_label,S7000,34,145748,
label_test_2,41cfd280-513d-4ff6-8a58-4f599d86883f,hq_no_label,reference,100,145748,
label_test_2,41cfd280-513d-4ff6-8a58-4f599d86883f,hq_no_label,S11300,86,145748,
label_test_2,41cfd280-513d-4ff6-8a58-4f599d86883f,hq_no_label,S8000,45,145748,
label_test_2,41cfd280-513d-4ff6-8a58-4f599d86883f,hq_no_label,S10000,65,145748,
label_test_2,41cfd280-513d-4ff6-8a58-4f599d86883f,hq_no_label,S5500,22,145748,
label_test_2,41cfd280-513d-4ff6-8a58-4f599d86883f,hq_no_label,S12000,83,145748,
label_test_2,41cfd280-513d-4ff6-8a58-4f599d86883f,hq_no_label,S10700,74,145748,
label_test_2,41cfd280-513d-4ff6-8a58-4f599d86883f,hq_no_label,S8700,47,145748,
label_test_2,41cfd280-513d-4ff6-8a58-4f599d86883f,hq_no_label,S3500,0,145748,
label_test_2,41cfd280-513d-4ff6-8a58-4f599d86883f,hq_no_label,S3500,0,208765,
label_test_2,41cfd280-513d-4ff6-8a58-4f599d86883f,hq_no_label,S8700,50,208765,
label_test_2,41cfd280-513d-4ff6-8a58-4f599d86883f,hq_no_label,S8000,45,208765,
label_test_2,41cfd280-513d-4ff6-8a58-4f599d86883f,hq_no_label,S11300,81,208765,
label_test_2,41cfd280-513d-4ff6-8a58-4f599d86883f,hq_no_label,S5500,31,208765,
label_test_2,41cfd280-513d-4ff6-8a58-4f599d86883f,hq_no_label,S7000,41,208765,
label_test_2,41cfd280-513d-4ff6-8a58-4f599d86883f,hq_no_label,S12000,85,208765,
label_test_2,41cfd280-513d-4ff6-8a58-4f599d86883f,hq_no_label,S10000,62,208765,
label_test_2,41cfd280-513d-4ff6-8a58-4f599d86883f,hq_no_label,reference,100,208765,
label_test_2,41cfd280-513d-4ff6-8a58-4f599d86883f,hq_no_label,S10700,71,208765,
label_test_2,41cfd280-513d-4ff6-8a58-4f599d86883f,hq_no_label,S9300,51,208765,
label_test_2,74b13c1b-187d-444a-b7c2-b1f9997a9036,trening,S11300,100,106232,
label_test_2,74b13c1b-187d-444a-b7c2-b1f9997a9036,trening,S8700,43,106232,
label_test_2,74b13c1b-187d-444a-b7c2-b1f9997a9036,trening,S10700,69,106232,
label_test_2,74b13c1b-187d-444a-b7c2-b1f9997a9036,trening,S5500,36,106232,
label_test_2,74b13c1b-187d-444a-b7c2-b1f9997a9036,trening,S10000,33,106232,
label_test_2,74b13c1b-187d-444a-b7c2-b1f9997a9036,trening,S3500,6,106232,
label_test_2,74b13c1b-187d-444a-b7c2-b1f9997a9036,trening,S7000,11,106232,
label_test_2,74b13c1b-187d-444a-b7c2-b1f9997a9036,trening,S12000,86,106232,
label_test_2,74b13c1b-187d-444a-b7c2-b1f9997a9036,trening,reference,67,106232,
label_test_2,74b13c1b-187d-444a-b7c2-b1f9997a9036,trening,S9300,57,106232,
label_test_2,74b13c1b-187d-444a-b7c2-b1f9997a9036,trening,S8000,51,106232,
label_test_2,74b13c1b-187d-444a-b7c2-b1f9997a9036,hq_no_label,reference,100,122377,
label_test_2,74b13c1b-187d-444a-b7c2-b1f9997a9036,hq_no_label,S10000,70,122377,
label_test_2,74b13c1b-187d-444a-b7c2-b1f9997a9036,hq_no_label,S12000,80,122377,
label_test_2,74b13c1b-187d-444a-b7c2-b1f9997a9036,hq_no_label,S5500,35,122377,
label_test_2,74b13c1b-187d-444a-b7c2-b1f9997a9036,hq_no_label,S7000,51,122377,
label_test_2,74b13c1b-187d-444a-b7c2-b1f9997a9036,hq_no_label,S8700,28,122377,
label_test_2,74b13c1b-187d-444a-b7c2-b1f9997a9036,hq_no_label,S10700,77,122377,
label_test_2,74b13c1b-187d-444a-b7c2-b1f9997a9036,hq_no_label,S8000,62,122377,
label_test_2,74b13c1b-187d-444a-b7c2-b1f9997a9036,hq_no_label,S3500,29,122377,
label_test_2,74b13c1b-187d-444a-b7c2-b1f9997a9036,hq_no_label,S9300,51,122377,
label_test_2,74b13c1b-187d-444a-b7c2-b1f9997a9036,hq_no_label,S11300,83,122377,
label_test_2,74b13c1b-187d-444a-b7c2-b1f9997a9036,hq_no_label,S8000,71,78295,
label_test_2,74b13c1b-187d-444a-b7c2-b1f9997a9036,hq_no_label,S11300,89,78295,
label_test_2,74b13c1b-187d-444a-b7c2-b1f9997a9036,hq_no_label,reference,100,78295,
label_test_2,74b13c1b-187d-444a-b7c2-b1f9997a9036,hq_no_label,S8700,64,78295,
label_test_2,74b13c1b-187d-444a-b7c2-b1f9997a9036,hq_no_label,S7000,41,78295,
label_test_2,74b13c1b-187d-444a-b7c2-b1f9997a9036,hq_no_label,S12000,81,78295,
label_test_2,74b13c1b-187d-444a-b7c2-b1f9997a9036,hq_no_label,S10700,73,78295,
label_test_2,74b13c1b-187d-444a-b7c2-b1f9997a9036,hq_no_label,S9300,66,78295,
label_test_2,74b13c1b-187d-444a-b7c2-b1f9997a9036,hq_no_label,S5500,56,78295,
label_test_2,74b13c1b-187d-444a-b7c2-b1f9997a9036,hq_no_label,S3500,36,78295,
label_test_2,74b13c1b-187d-444a-b7c2-b1f9997a9036,hq_no_label,S10000,74,78295,
label_test_2,005f4109-dc19-4b95-84cb-8dcd4261ef83,trening,S11300,68,144604,
label_test_2,005f4109-dc19-4b95-84cb-8dcd4261ef83,trening,S8000,33,144604,
label_test_2,005f4109-dc19-4b95-84cb-8dcd4261ef83,trening,S12000,100,144604,
label_test_2,005f4109-dc19-4b95-84cb-8dcd4261ef83,trening,reference,100,144604,
label_test_2,005f4109-dc19-4b95-84cb-8dcd4261ef83,trening,S7000,32,144604,
label_test_2,005f4109-dc19-4b95-84cb-8dcd4261ef83,trening,S8700,40,144604,
label_test_2,005f4109-dc19-4b95-84cb-8dcd4261ef83,trening,S10000,55,144604,
label_test_2,005f4109-dc19-4b95-84cb-8dcd4261ef83,trening,S3500,19,144604,
label_test_2,005f4109-dc19-4b95-84cb-8dcd4261ef83,trening,S10700,73,144604,
label_test_2,005f4109-dc19-4b95-84cb-8dcd4261ef83,trening,S5500,43,144604,
label_test_2,005f4109-dc19-4b95-84cb-8dcd4261ef83,trening,S9300,55,144604,
label_test_2,005f4109-dc19-4b95-84cb-8dcd4261ef83,hq_no_label,S10000,72,93158,
label_test_2,005f4109-dc19-4b95-84cb-8dcd4261ef83,hq_no_label,S8700,53,93158,
label_test_2,005f4109-dc19-4b95-84cb-8dcd4261ef83,hq_no_label,S11300,82,93158,
label_test_2,005f4109-dc19-4b95-84cb-8dcd4261ef83,hq_no_label,S8000,37,93158,
label_test_2,005f4109-dc19-4b95-84cb-8dcd4261ef83,hq_no_label,S10700,84,93158,
label_test_2,005f4109-dc19-4b95-84cb-8dcd4261ef83,hq_no_label,S9300,67,93158,
label_test_2,005f4109-dc19-4b95-84cb-8dcd4261ef83,hq_no_label,reference,100,93158,
label_test_2,005f4109-dc19-4b95-84cb-8dcd4261ef83,hq_no_label,S3500,30,93158,
label_test_2,005f4109-dc19-4b95-84cb-8dcd4261ef83,hq_no_label,S7000,35,93158,
label_test_2,005f4109-dc19-4b95-84cb-8dcd4261ef83,hq_no_label,S12000,92,93158,
label_test_2,005f4109-dc19-4b95-84cb-8dcd4261ef83,hq_no_label,S5500,21,93158,
label_test_2,005f4109-dc19-4b95-84cb-8dcd4261ef83,hq_no_label,S10000,60,59146,
label_test_2,005f4109-dc19-4b95-84cb-8dcd4261ef83,hq_no_label,S8700,60,59146,
label_test_2,005f4109-dc19-4b95-84cb-8dcd4261ef83,hq_no_label,S8000,55,59146,
label_test_2,005f4109-dc19-4b95-84cb-8dcd4261ef83,hq_no_label,S7000,37,59146,
label_test_2,005f4109-dc19-4b95-84cb-8dcd4261ef83,hq_no_label,S11300,100,59146,
label_test_2,005f4109-dc19-4b95-84cb-8dcd4261ef83,hq_no_label,reference,100,59146,
label_test_2,005f4109-dc19-4b95-84cb-8dcd4261ef83,hq_no_label,S5500,40,59146,
label_test_2,005f4109-dc19-4b95-84cb-8dcd4261ef83,hq_no_label,S3500,30,59146,
label_test_2,005f4109-dc19-4b95-84cb-8dcd4261ef83,hq_no_label,S12000,100,59146,
label_test_2,005f4109-dc19-4b95-84cb-8dcd4261ef83,hq_no_label,S9300,69,59146,
label_test_2,005f4109-dc19-4b95-84cb-8dcd4261ef83,hq_no_label,S10700,85,59146,
label_test_2,7482287c-e131-4a79-85b2-c02e1d26b0ef,trening,S9300,70,253220,
label_test_2,7482287c-e131-4a79-85b2-c02e1d26b0ef,trening,S7000,46,253220,
label_test_2,7482287c-e131-4a79-85b2-c02e1d26b0ef,trening,S3500,27,253220,
label_test_2,7482287c-e131-4a79-85b2-c02e1d26b0ef,trening,reference,90,253220,
label_test_2,7482287c-e131-4a79-85b2-c02e1d26b0ef,trening,S5500,40,253220,
label_test_2,7482287c-e131-4a79-85b2-c02e1d26b0ef,trening,S8000,50,253220,
label_test_2,7482287c-e131-4a79-85b2-c02e1d26b0ef,trening,S12000,85,253220,
label_test_2,7482287c-e131-4a79-85b2-c02e1d26b0ef,trening,S10700,75,253220,
label_test_2,7482287c-e131-4a79-85b2-c02e1d26b0ef,trening,S11300,80,253220,
label_test_2,7482287c-e131-4a79-85b2-c02e1d26b0ef,trening,S8700,68,253220,
label_test_2,7482287c-e131-4a79-85b2-c02e1d26b0ef,trening,S10000,79,253220,
label_test_2,7482287c-e131-4a79-85b2-c02e1d26b0ef,hq_no_label,S10700,60,73297,
label_test_2,7482287c-e131-4a79-85b2-c02e1d26b0ef,hq_no_label,S10000,52,73297,
label_test_2,7482287c-e131-4a79-85b2-c02e1d26b0ef,hq_no_label,S11300,67,73297,
label_test_2,7482287c-e131-4a79-85b2-c02e1d26b0ef,hq_no_label,S7000,37,73297,
label_test_2,7482287c-e131-4a79-85b2-c02e1d26b0ef,hq_no_label,S8700,45,73297,
label_test_2,7482287c-e131-4a79-85b2-c02e1d26b0ef,hq_no_label,S3500,29,73297,
label_test_2,7482287c-e131-4a79-85b2-c02e1d26b0ef,hq_no_label,S5500,22,73297,
label_test_2,7482287c-e131-4a79-85b2-c02e1d26b0ef,hq_no_label,reference,92,73297,
label_test_2,7482287c-e131-4a79-85b2-c02e1d26b0ef,hq_no_label,S9300,77,73297,
label_test_2,7482287c-e131-4a79-85b2-c02e1d26b0ef,hq_no_label,S8000,58,73297,
label_test_2,7482287c-e131-4a79-85b2-c02e1d26b0ef,hq_no_label,S12000,87,73297,
label_test_2,7482287c-e131-4a79-85b2-c02e1d26b0ef,hq_no_label,reference,74,76134,
label_test_2,7482287c-e131-4a79-85b2-c02e1d26b0ef,hq_no_label,S5500,36,76134,
label_test_2,7482287c-e131-4a79-85b2-c02e1d26b0ef,hq_no_label,S8000,49,76134,
label_test_2,7482287c-e131-4a79-85b2-c02e1d26b0ef,hq_no_label,S8700,61,76134,
label_test_2,7482287c-e131-4a79-85b2-c02e1d26b0ef,hq_no_label,S9300,60,76134,
label_test_2,7482287c-e131-4a79-85b2-c02e1d26b0ef,hq_no_label,S11300,90,76134,
label_test_2,7482287c-e131-4a79-85b2-c02e1d26b0ef,hq_no_label,S10000,70,76134,
label_test_2,7482287c-e131-4a79-85b2-c02e1d26b0ef,hq_no_label,S10700,86,76134,
label_test_2,7482287c-e131-4a79-85b2-c02e1d26b0ef,hq_no_label,S12000,95,76134,
label_test_2,7482287c-e131-4a79-85b2-c02e1d26b0ef,hq_no_label,S3500,29,76134,
label_test_2,7482287c-e131-4a79-85b2-c02e1d26b0ef,hq_no_label,S7000,48,76134,
label_test_2,464a8bbc-b072-4673-bbd3-7ba2b024d418,trening,S12000,90,209374,
label_test_2,464a8bbc-b072-4673-bbd3-7ba2b024d418,trening,S11300,80,209374,
label_test_2,464a8bbc-b072-4673-bbd3-7ba2b024d418,trening,reference,100,209374,
label_test_2,464a8bbc-b072-4673-bbd3-7ba2b024d418,trening,S9300,60,209374,
label_test_2,464a8bbc-b072-4673-bbd3-7ba2b024d418,trening,S10700,73,209374,
label_test_2,464a8bbc-b072-4673-bbd3-7ba2b024d418,trening,S8000,50,209374,
label_test_2,464a8bbc-b072-4673-bbd3-7ba2b024d418,trening,S10000,67,209374,
label_test_2,464a8bbc-b072-4673-bbd3-7ba2b024d418,trening,S3500,0,209374,
label_test_2,464a8bbc-b072-4673-bbd3-7ba2b024d418,trening,S7000,40,209374,
label_test_2,464a8bbc-b072-4673-bbd3-7ba2b024d418,trening,S5500,20,209374,
label_test_2,464a8bbc-b072-4673-bbd3-7ba2b024d418,trening,S8700,40,209374,
label_test_2,464a8bbc-b072-4673-bbd3-7ba2b024d418,hq_no_label,S8700,50,124858,
label_test_2,464a8bbc-b072-4673-bbd3-7ba2b024d418,hq_no_label,S10000,60,124858,
label_test_2,464a8bbc-b072-4673-bbd3-7ba2b024d418,hq_no_label,S11300,80,124858,
label_test_2,464a8bbc-b072-4673-bbd3-7ba2b024d418,hq_no_label,S12000,90,124858,
label_test_2,464a8bbc-b072-4673-bbd3-7ba2b024d418,hq_no_label,reference,100,124858,
label_test_2,464a8bbc-b072-4673-bbd3-7ba2b024d418,hq_no_label,S5500,10,124858,
label_test_2,464a8bbc-b072-4673-bbd3-7ba2b024d418,hq_no_label,S3500,0,124858,
label_test_2,464a8bbc-b072-4673-bbd3-7ba2b024d418,hq_no_label,S10700,70,124858,
label_test_2,464a8bbc-b072-4673-bbd3-7ba2b024d418,hq_no_label,S9300,40,124858,
label_test_2,464a8bbc-b072-4673-bbd3-7ba2b024d418,hq_no_label,S7000,30,124858,
label_test_2,464a8bbc-b072-4673-bbd3-7ba2b024d418,hq_no_label,S8000,20,124858,
label_test_2,464a8bbc-b072-4673-bbd3-7ba2b024d418,hq_no_label,S7000,25,186088,
label_test_2,464a8bbc-b072-4673-bbd3-7ba2b024d418,hq_no_label,S8000,50,186088,
label_test_2,464a8bbc-b072-4673-bbd3-7ba2b024d418,hq_no_label,S12000,90,186088,
label_test_2,464a8bbc-b072-4673-bbd3-7ba2b024d418,hq_no_label,S3500,0,186088,
label_test_2,464a8bbc-b072-4673-bbd3-7ba2b024d418,hq_no_label,reference,100,186088,
label_test_2,464a8bbc-b072-4673-bbd3-7ba2b024d418,hq_no_label,S10700,65,186088,
label_test_2,464a8bbc-b072-4673-bbd3-7ba2b024d418,hq_no_label,S8700,50,186088,
label_test_2,464a8bbc-b072-4673-bbd3-7ba2b024d418,hq_no_label,S5500,15,186088,
label_test_2,464a8bbc-b072-4673-bbd3-7ba2b024d418,hq_no_label,S11300,82,186088,
label_test_2,464a8bbc-b072-4673-bbd3-7ba2b024d418,hq_no_label,S10000,62,186088,
label_test_2,464a8bbc-b072-4673-bbd3-7ba2b024d418,hq_no_label,S9300,40,186088,
label_test_2,d13d2790-cddd-4c5e-965c-a7e45528fbe8,trening,S8700,40,146245,
label_test_2,d13d2790-cddd-4c5e-965c-a7e45528fbe8,trening,reference,100,146245,
label_test_2,d13d2790-cddd-4c5e-965c-a7e45528fbe8,trening,S7000,20,146245,
label_test_2,d13d2790-cddd-4c5e-965c-a7e45528fbe8,trening,S9300,52,146245,
label_test_2,d13d2790-cddd-4c5e-965c-a7e45528fbe8,trening,S12000,80,146245,
label_test_2,d13d2790-cddd-4c5e-965c-a7e45528fbe8,trening,S10000,69,146245,
label_test_2,d13d2790-cddd-4c5e-965c-a7e45528fbe8,trening,S11300,86,146245,
label_test_2,d13d2790-cddd-4c5e-965c-a7e45528fbe8,trening,S3500,9,146245,
label_test_2,d13d2790-cddd-4c5e-965c-a7e45528fbe8,trening,S5500,17,146245,
label_test_2,d13d2790-cddd-4c5e-965c-a7e45528fbe8,trening,S8000,29,146245,
label_test_2,d13d2790-cddd-4c5e-965c-a7e45528fbe8,trening,S10700,83,146245,
label_test_2,d13d2790-cddd-4c5e-965c-a7e45528fbe8,hq_no_label,S11300,85,291339,
label_test_2,d13d2790-cddd-4c5e-965c-a7e45528fbe8,hq_no_label,S3500,20,291339,
label_test_2,d13d2790-cddd-4c5e-965c-a7e45528fbe8,hq_no_label,S8000,30,291339,
label_test_2,d13d2790-cddd-4c5e-965c-a7e45528fbe8,hq_no_label,S10700,80,291339,
label_test_2,d13d2790-cddd-4c5e-965c-a7e45528fbe8,hq_no_label,S5500,25,291339,
label_test_2,d13d2790-cddd-4c5e-965c-a7e45528fbe8,hq_no_label,S12000,90,291339,
label_test_2,d13d2790-cddd-4c5e-965c-a7e45528fbe8,hq_no_label,S10000,70,291339,
label_test_2,d13d2790-cddd-4c5e-965c-a7e45528fbe8,hq_no_label,S7000,25,291339,
label_test_2,d13d2790-cddd-4c5e-965c-a7e45528fbe8,hq_no_label,S8700,75,291339,
label_test_2,d13d2790-cddd-4c5e-965c-a7e45528fbe8,hq_no_label,reference,100,291339,
label_test_2,d13d2790-cddd-4c5e-965c-a7e45528fbe8,hq_no_label,S9300,65,291339,
label_test_2,d13d2790-cddd-4c5e-965c-a7e45528fbe8,hq_no_label,S10000,75,217379,
label_test_2,d13d2790-cddd-4c5e-965c-a7e45528fbe8,hq_no_label,S11300,85,217379,
label_test_2,d13d2790-cddd-4c5e-965c-a7e45528fbe8,hq_no_label,reference,100,217379,
label_test_2,d13d2790-cddd-4c5e-965c-a7e45528fbe8,hq_no_label,S5500,25,217379,
label_test_2,d13d2790-cddd-4c5e-965c-a7e45528fbe8,hq_no_label,S12000,90,217379,
label_test_2,d13d2790-cddd-4c5e-965c-a7e45528fbe8,hq_no_label,S9300,75,217379,
label_test_2,d13d2790-cddd-4c5e-965c-a7e45528fbe8,hq_no_label,S10700,80,217379,
label_test_2,d13d2790-cddd-4c5e-965c-a7e45528fbe8,hq_no_label,S7000,30,217379,
label_test_2,d13d2790-cddd-4c5e-965c-a7e45528fbe8,hq_no_label,S8000,70,217379,
label_test_2,d13d2790-cddd-4c5e-965c-a7e45528fbe8,hq_no_label,S8700,73,217379,
label_test_2,d13d2790-cddd-4c5e-965c-a7e45528fbe8,hq_no_label,S3500,20,217379,
label_test_2,16aa84e7-b542-4e07-87c9-ce37e5f6ac7d,trening,S8000,40,276633,
label_test_2,16aa84e7-b542-4e07-87c9-ce37e5f6ac7d,trening,S11300,100,276633,
label_test_2,16aa84e7-b542-4e07-87c9-ce37e5f6ac7d,trening,S5500,35,276633,
label_test_2,16aa84e7-b542-4e07-87c9-ce37e5f6ac7d,trening,S12000,95,276633,
label_test_2,16aa84e7-b542-4e07-87c9-ce37e5f6ac7d,trening,S8700,65,276633,
label_test_2,16aa84e7-b542-4e07-87c9-ce37e5f6ac7d,trening,S3500,30,276633,
label_test_2,16aa84e7-b542-4e07-87c9-ce37e5f6ac7d,trening,S10000,80,276633,
label_test_2,16aa84e7-b542-4e07-87c9-ce37e5f6ac7d,trening,S9300,70,276633,
label_test_2,16aa84e7-b542-4e07-87c9-ce37e5f6ac7d,trening,reference,100,276633,
label_test_2,16aa84e7-b542-4e07-87c9-ce37e5f6ac7d,trening,S7000,60,276633,
label_test_2,16aa84e7-b542-4e07-87c9-ce37e5f6ac7d,trening,S10700,85,276633,
label_test_2,16aa84e7-b542-4e07-87c9-ce37e5f6ac7d,hq_no_label,reference,100,249050,
label_test_2,16aa84e7-b542-4e07-87c9-ce37e5f6ac7d,hq_no_label,S8000,70,249050,
label_test_2,16aa84e7-b542-4e07-87c9-ce37e5f6ac7d,hq_no_label,S5500,45,249050,
label_test_2,16aa84e7-b542-4e07-87c9-ce37e5f6ac7d,hq_no_label,S7000,70,249050,
label_test_2,16aa84e7-b542-4e07-87c9-ce37e5f6ac7d,hq_no_label,S8700,85,249050,
label_test_2,16aa84e7-b542-4e07-87c9-ce37e5f6ac7d,hq_no_label,S10000,90,249050,
label_test_2,16aa84e7-b542-4e07-87c9-ce37e5f6ac7d,hq_no_label,S11300,95,249050,
label_test_2,16aa84e7-b542-4e07-87c9-ce37e5f6ac7d,hq_no_label,S9300,90,249050,
label_test_2,16aa84e7-b542-4e07-87c9-ce37e5f6ac7d,hq_no_label,S12000,100,249050,
label_test_2,16aa84e7-b542-4e07-87c9-ce37e5f6ac7d,hq_no_label,S3500,35,249050,
label_test_2,16aa84e7-b542-4e07-87c9-ce37e5f6ac7d,hq_no_label,S10700,89,249050,
label_test_2,16aa84e7-b542-4e07-87c9-ce37e5f6ac7d,hq_no_label,S10000,85,186608,
label_test_2,16aa84e7-b542-4e07-87c9-ce37e5f6ac7d,hq_no_label,S5500,55,186608,
label_test_2,16aa84e7-b542-4e07-87c9-ce37e5f6ac7d,hq_no_label,S11300,95,186608,
label_test_2,16aa84e7-b542-4e07-87c9-ce37e5f6ac7d,hq_no_label,S7000,65,186608,
label_test_2,16aa84e7-b542-4e07-87c9-ce37e5f6ac7d,hq_no_label,S9300,85,186608,
label_test_2,16aa84e7-b542-4e07-87c9-ce37e5f6ac7d,hq_no_label,S10700,95,186608,
label_test_2,16aa84e7-b542-4e07-87c9-ce37e5f6ac7d,hq_no_label,reference,100,186608,
label_test_2,16aa84e7-b542-4e07-87c9-ce37e5f6ac7d,hq_no_label,S12000,100,186608,
label_test_2,16aa84e7-b542-4e07-87c9-ce37e5f6ac7d,hq_no_label,S8700,75,186608,
label_test_2,16aa84e7-b542-4e07-87c9-ce37e5f6ac7d,hq_no_label,S8000,80,186608,
label_test_2,16aa84e7-b542-4e07-87c9-ce37e5f6ac7d,hq_no_label,S3500,45,186608,
label_test_2,8d61ac11-46ce-4a17-9374-7ee5242e5702,trening,S5500,3,127392,
label_test_2,8d61ac11-46ce-4a17-9374-7ee5242e5702,trening,S12000,52,127392,
label_test_2,8d61ac11-46ce-4a17-9374-7ee5242e5702,trening,S7000,13,127392,
label_test_2,8d61ac11-46ce-4a17-9374-7ee5242e5702,trening,S8700,37,127392,
label_test_2,8d61ac11-46ce-4a17-9374-7ee5242e5702,trening,S3500,1,127392,
label_test_2,8d61ac11-46ce-4a17-9374-7ee5242e5702,trening,S10700,35,127392,
label_test_2,8d61ac11-46ce-4a17-9374-7ee5242e5702,trening,S9300,49,127392,
label_test_2,8d61ac11-46ce-4a17-9374-7ee5242e5702,trening,S8000,15,127392,
label_test_2,8d61ac11-46ce-4a17-9374-7ee5242e5702,trening,reference,100,127392,
label_test_2,8d61ac11-46ce-4a17-9374-7ee5242e5702,trening,S10000,53,127392,
label_test_2,8d61ac11-46ce-4a17-9374-7ee5242e5702,trening,S11300,70,127392,
label_test_2,8d61ac11-46ce-4a17-9374-7ee5242e5702,hq_no_label,S12000,80,78893,
label_test_2,8d61ac11-46ce-4a17-9374-7ee5242e5702,hq_no_label,S8000,15,78893,
label_test_2,8d61ac11-46ce-4a17-9374-7ee5242e5702,hq_no_label,S3500,0,78893,
label_test_2,8d61ac11-46ce-4a17-9374-7ee5242e5702,hq_no_label,S10000,55,78893,
label_test_2,8d61ac11-46ce-4a17-9374-7ee5242e5702,hq_no_label,S9300,55,78893,
label_test_2,8d61ac11-46ce-4a17-9374-7ee5242e5702,hq_no_label,reference,100,78893,
label_test_2,8d61ac11-46ce-4a17-9374-7ee5242e5702,hq_no_label,S7000,21,78893,
label_test_2,8d61ac11-46ce-4a17-9374-7ee5242e5702,hq_no_label,S11300,80,78893,
label_test_2,8d61ac11-46ce-4a17-9374-7ee5242e5702,hq_no_label,S5500,5,78893,
label_test_2,8d61ac11-46ce-4a17-9374-7ee5242e5702,hq_no_label,S10700,70,78893,
label_test_2,8d61ac11-46ce-4a17-9374-7ee5242e5702,hq_no_label,S8700,30,78893,
label_test_2,8d61ac11-46ce-4a17-9374-7ee5242e5702,hq_no_label,S8000,60,62171,
label_test_2,8d61ac11-46ce-4a17-9374-7ee5242e5702,hq_no_label,S10700,70,62171,
label_test_2,8d61ac11-46ce-4a17-9374-7ee5242e5702,hq_no_label,S8700,40,62171,
label_test_2,8d61ac11-46ce-4a17-9374-7ee5242e5702,hq_no_label,S5500,5,62171,
label_test_2,8d61ac11-46ce-4a17-9374-7ee5242e5702,hq_no_label,S10000,50,62171,
label_test_2,8d61ac11-46ce-4a17-9374-7ee5242e5702,hq_no_label,S11300,85,62171,
label_test_2,8d61ac11-46ce-4a17-9374-7ee5242e5702,hq_no_label,S9300,65,62171,
label_test_2,8d61ac11-46ce-4a17-9374-7ee5242e5702,hq_no_label,S12000,95,62171,
label_test_2,8d61ac11-46ce-4a17-9374-7ee5242e5702,hq_no_label,S7000,8,62171,
label_test_2,8d61ac11-46ce-4a17-9374-7ee5242e5702,hq_no_label,reference,100,62171,
label_test_2,8d61ac11-46ce-4a17-9374-7ee5242e5702,hq_no_label,S3500,0,62171,
label_test_2,ee02a039-e2f6-4516-954f-89303e099525,trening,S5500,43,180324,
label_test_2,ee02a039-e2f6-4516-954f-89303e099525,trening,S10000,90,180324,
label_test_2,ee02a039-e2f6-4516-954f-89303e099525,trening,S11300,100,180324,
label_test_2,ee02a039-e2f6-4516-954f-89303e099525,trening,S10700,100,180324,
label_test_2,ee02a039-e2f6-4516-954f-89303e099525,trening,S7000,35,180324,
label_test_2,ee02a039-e2f6-4516-954f-89303e099525,trening,reference,100,180324,
label_test_2,ee02a039-e2f6-4516-954f-89303e099525,trening,S8000,50,180324,
label_test_2,ee02a039-e2f6-4516-954f-89303e099525,trening,S3500,10,180324,
label_test_2,ee02a039-e2f6-4516-954f-89303e099525,trening,S12000,100,180324,
label_test_2,ee02a039-e2f6-4516-954f-89303e099525,trening,S8700,75,180324,
label_test_2,ee02a039-e2f6-4516-954f-89303e099525,trening,S9300,80,180324,
label_test_2,ee02a039-e2f6-4516-954f-89303e099525,hq_no_label,S3500,10,155269,
label_test_2,ee02a039-e2f6-4516-954f-89303e099525,hq_no_label,S12000,100,155269,
label_test_2,ee02a039-e2f6-4516-954f-89303e099525,hq_no_label,S8700,81,155269,
label_test_2,ee02a039-e2f6-4516-954f-89303e099525,hq_no_label,S11300,100,155269,
label_test_2,ee02a039-e2f6-4516-954f-89303e099525,hq_no_label,S7000,60,155269,
label_test_2,ee02a039-e2f6-4516-954f-89303e099525,hq_no_label,S9300,95,155269,
label_test_2,ee02a039-e2f6-4516-954f-89303e099525,hq_no_label,reference,100,155269,
label_test_2,ee02a039-e2f6-4516-954f-89303e099525,hq_no_label,S10700,100,155269,
label_test_2,ee02a039-e2f6-4516-954f-89303e099525,hq_no_label,S10000,100,155269,
label_test_2,ee02a039-e2f6-4516-954f-89303e099525,hq_no_label,S8000,70,155269,
label_test_2,ee02a039-e2f6-4516-954f-89303e099525,hq_no_label,S5500,20,155269,
label_test_2,ee02a039-e2f6-4516-954f-89303e099525,hq_no_label,S10700,100,54537,
label_test_2,ee02a039-e2f6-4516-954f-89303e099525,hq_no_label,S10000,100,54537,
label_test_2,ee02a039-e2f6-4516-954f-89303e099525,hq_no_label,S5500,20,54537,
label_test_2,ee02a039-e2f6-4516-954f-89303e099525,hq_no_label,S3500,8,54537,
label_test_2,ee02a039-e2f6-4516-954f-89303e099525,hq_no_label,S12000,100,54537,
label_test_2,ee02a039-e2f6-4516-954f-89303e099525,hq_no_label,S9300,95,54537,
label_test_2,ee02a039-e2f6-4516-954f-89303e099525,hq_no_label,reference,100,54537,
label_test_2,ee02a039-e2f6-4516-954f-89303e099525,hq_no_label,S11300,100,54537,
label_test_2,ee02a039-e2f6-4516-954f-89303e099525,hq_no_label,S7000,40,54537,
label_test_2,ee02a039-e2f6-4516-954f-89303e099525,hq_no_label,S8700,95,54537,
label_test_2,ee02a039-e2f6-4516-954f-89303e099525,hq_no_label,S8000,80,54537,
label_test_2,fd34e8a0-ca84-4d6b-9bc4-10d600dfa88e,trening,S8000,85,260866,
label_test_2,fd34e8a0-ca84-4d6b-9bc4-10d600dfa88e,trening,S12000,60,260866,
label_test_2,fd34e8a0-ca84-4d6b-9bc4-10d600dfa88e,trening,S3500,55,260866,
label_test_2,fd34e8a0-ca84-4d6b-9bc4-10d600dfa88e,trening,S10700,95,260866,
label_test_2,fd34e8a0-ca84-4d6b-9bc4-10d600dfa88e,trening,S7000,85,260866,
label_test_2,fd34e8a0-ca84-4d6b-9bc4-10d600dfa88e,trening,S5500,80,260866,
label_test_2,fd34e8a0-ca84-4d6b-9bc4-10d600dfa88e,trening,S9300,100,260866,
label_test_2,fd34e8a0-ca84-4d6b-9bc4-10d600dfa88e,trening,S8700,100,260866,
label_test_2,fd34e8a0-ca84-4d6b-9bc4-10d600dfa88e,trening,S11300,95,260866,
label_test_2,fd34e8a0-ca84-4d6b-9bc4-10d600dfa88e,trening,reference,90,260866,
label_test_2,fd34e8a0-ca84-4d6b-9bc4-10d600dfa88e,trening,S10000,90,260866,
label_test_2,fd34e8a0-ca84-4d6b-9bc4-10d600dfa88e,hq_no_label,S8000,53,76483,
label_test_2,fd34e8a0-ca84-4d6b-9bc4-10d600dfa88e,hq_no_label,S10000,75,76483,
label_test_2,fd34e8a0-ca84-4d6b-9bc4-10d600dfa88e,hq_no_label,S9300,82,76483,
label_test_2,fd34e8a0-ca84-4d6b-9bc4-10d600dfa88e,hq_no_label,S8700,74,76483,
label_test_2,fd34e8a0-ca84-4d6b-9bc4-10d600dfa88e,hq_no_label,S11300,95,76483,
label_test_2,fd34e8a0-ca84-4d6b-9bc4-10d600dfa88e,hq_no_label,S10700,95,76483,
label_test_2,fd34e8a0-ca84-4d6b-9bc4-10d600dfa88e,hq_no_label,S7000,80,76483,
label_test_2,fd34e8a0-ca84-4d6b-9bc4-10d600dfa88e,hq_no_label,reference,95,76483,
label_test_2,fd34e8a0-ca84-4d6b-9bc4-10d600dfa88e,hq_no_label,S5500,70,76483,
label_test_2,fd34e8a0-ca84-4d6b-9bc4-10d600dfa88e,hq_no_label,S3500,60,76483,
label_test_2,fd34e8a0-ca84-4d6b-9bc4-10d600dfa88e,hq_no_label,S12000,100,76483,
label_test_2,fd34e8a0-ca84-4d6b-9bc4-10d600dfa88e,hq_no_label,S5500,67,73416,
label_test_2,fd34e8a0-ca84-4d6b-9bc4-10d600dfa88e,hq_no_label,S10700,86,73416,
label_test_2,fd34e8a0-ca84-4d6b-9bc4-10d600dfa88e,hq_no_label,S12000,100,73416,
label_test_2,fd34e8a0-ca84-4d6b-9bc4-10d600dfa88e,hq_no_label,S9300,80,73416,
label_test_2,fd34e8a0-ca84-4d6b-9bc4-10d600dfa88e,hq_no_label,S8000,77,73416,
label_test_2,fd34e8a0-ca84-4d6b-9bc4-10d600dfa88e,hq_no_label,S7000,85,73416,
label_test_2,fd34e8a0-ca84-4d6b-9bc4-10d600dfa88e,hq_no_label,S10000,95,73416,
label_test_2,fd34e8a0-ca84-4d6b-9bc4-10d600dfa88e,hq_no_label,S8700,85,73416,
label_test_2,fd34e8a0-ca84-4d6b-9bc4-10d600dfa88e,hq_no_label,S3500,59,73416,
label_test_2,fd34e8a0-ca84-4d6b-9bc4-10d600dfa88e,hq_no_label,reference,100,73416,
label_test_2,fd34e8a0-ca84-4d6b-9bc4-10d600dfa88e,hq_no_label,S11300,91,73416,
label_test_2,e528bc3b-74c2-48d5-9bab-89e0f586e58f,trening,S12000,85,192680,
label_test_2,e528bc3b-74c2-48d5-9bab-89e0f586e58f,trening,S11300,84,192680,
label_test_2,e528bc3b-74c2-48d5-9bab-89e0f586e58f,trening,S8000,30,192680,
label_test_2,e528bc3b-74c2-48d5-9bab-89e0f586e58f,trening,S5500,21,192680,
label_test_2,e528bc3b-74c2-48d5-9bab-89e0f586e58f,trening,S8700,49,192680,
label_test_2,e528bc3b-74c2-48d5-9bab-89e0f586e58f,trening,S9300,64,192680,
label_test_2,e528bc3b-74c2-48d5-9bab-89e0f586e58f,trening,S7000,36,192680,
label_test_2,e528bc3b-74c2-48d5-9bab-89e0f586e58f,trening,S3500,9,192680,
label_test_2,e528bc3b-74c2-48d5-9bab-89e0f586e58f,trening,S10000,73,192680,
label_test_2,e528bc3b-74c2-48d5-9bab-89e0f586e58f,trening,reference,100,192680,
label_test_2,e528bc3b-74c2-48d5-9bab-89e0f586e58f,trening,S10700,73,192680,
label_test_2,e528bc3b-74c2-48d5-9bab-89e0f586e58f,hq_no_label,S7000,27,102133,
label_test_2,e528bc3b-74c2-48d5-9bab-89e0f586e58f,hq_no_label,S9300,45,102133,
label_test_2,e528bc3b-74c2-48d5-9bab-89e0f586e58f,hq_no_label,S8700,38,102133,
label_test_2,e528bc3b-74c2-48d5-9bab-89e0f586e58f,hq_no_label,S5500,20,102133,
label_test_2,e528bc3b-74c2-48d5-9bab-89e0f586e58f,hq_no_label,S11300,100,102133,
label_test_2,e528bc3b-74c2-48d5-9bab-89e0f586e58f,hq_no_label,S3500,17,102133,
label_test_2,e528bc3b-74c2-48d5-9bab-89e0f586e58f,hq_no_label,S12000,100,102133,
label_test_2,e528bc3b-74c2-48d5-9bab-89e0f586e58f,hq_no_label,S10700,69,102133,
label_test_2,e528bc3b-74c2-48d5-9bab-89e0f586e58f,hq_no_label,S10000,53,102133,
label_test_2,e528bc3b-74c2-48d5-9bab-89e0f586e58f,hq_no_label,S8000,36,102133,
label_test_2,e528bc3b-74c2-48d5-9bab-89e0f586e58f,hq_no_label,reference,100,102133,
label_test_2,e528bc3b-74c2-48d5-9bab-89e0f586e58f,hq_no_label,S8700,27,85663,
label_test_2,e528bc3b-74c2-48d5-9bab-89e0f586e58f,hq_no_label,S3500,21,85663,
label_test_2,e528bc3b-74c2-48d5-9bab-89e0f586e58f,hq_no_label,S11300,62,85663,
label_test_2,e528bc3b-74c2-48d5-9bab-89e0f586e58f,hq_no_label,S8000,40,85663,
label_test_2,e528bc3b-74c2-48d5-9bab-89e0f586e58f,hq_no_label,S10000,53,85663,
label_test_2,e528bc3b-74c2-48d5-9bab-89e0f586e58f,hq_no_label,S9300,74,85663,
label_test_2,e528bc3b-74c2-48d5-9bab-89e0f586e58f,hq_no_label,S5500,31,85663,
label_test_2,e528bc3b-74c2-48d5-9bab-89e0f586e58f,hq_no_label,S12000,84,85663,
label_test_2,e528bc3b-74c2-48d5-9bab-89e0f586e58f,hq_no_label,S7000,55,85663,
label_test_2,e528bc3b-74c2-48d5-9bab-89e0f586e58f,hq_no_label,S10700,82,85663,
label_test_2,e528bc3b-74c2-48d5-9bab-89e0f586e58f,hq_no_label,reference,100,85663,
label_test_2,f841c292-5b7a-4840-be84-5ad51f357dc6,trening,S9300,80,229143,
label_test_2,f841c292-5b7a-4840-be84-5ad51f357dc6,trening,S8000,85,229143,
label_test_2,f841c292-5b7a-4840-be84-5ad51f357dc6,trening,S11300,95,229143,
label_test_2,f841c292-5b7a-4840-be84-5ad51f357dc6,trening,S10000,85,229143,
label_test_2,f841c292-5b7a-4840-be84-5ad51f357dc6,trening,S12000,90,229143,
label_test_2,f841c292-5b7a-4840-be84-5ad51f357dc6,trening,S8700,80,229143,
label_test_2,f841c292-5b7a-4840-be84-5ad51f357dc6,trening,S7000,70,229143,
label_test_2,f841c292-5b7a-4840-be84-5ad51f357dc6,trening,S10700,79,229143,
label_test_2,f841c292-5b7a-4840-be84-5ad51f357dc6,trening,S3500,40,229143,
label_test_2,f841c292-5b7a-4840-be84-5ad51f357dc6,trening,reference,77,229143,
label_test_2,f841c292-5b7a-4840-be84-5ad51f357dc6,trening,S5500,55,229143,
label_test_2,f841c292-5b7a-4840-be84-5ad51f357dc6,hq_no_label,S5500,50,197219,
label_test_2,f841c292-5b7a-4840-be84-5ad51f357dc6,hq_no_label,S9300,75,197219,
label_test_2,f841c292-5b7a-4840-be84-5ad51f357dc6,hq_no_label,S10700,85,197219,
label_test_2,f841c292-5b7a-4840-be84-5ad51f357dc6,hq_no_label,reference,100,197219,
label_test_2,f841c292-5b7a-4840-be84-5ad51f357dc6,hq_no_label,S10000,75,197219,
label_test_2,f841c292-5b7a-4840-be84-5ad51f357dc6,hq_no_label,S7000,70,197219,
label_test_2,f841c292-5b7a-4840-be84-5ad51f357dc6,hq_no_label,S8000,60,197219,
label_test_2,f841c292-5b7a-4840-be84-5ad51f357dc6,hq_no_label,S11300,85,197219,
label_test_2,f841c292-5b7a-4840-be84-5ad51f357dc6,hq_no_label,S12000,95,197219,
label_test_2,f841c292-5b7a-4840-be84-5ad51f357dc6,hq_no_label,S8700,80,197219,
label_test_2,f841c292-5b7a-4840-be84-5ad51f357dc6,hq_no_label,S3500,40,197219,
label_test_2,f841c292-5b7a-4840-be84-5ad51f357dc6,hq_no_label,S10700,60,145414,
label_test_2,f841c292-5b7a-4840-be84-5ad51f357dc6,hq_no_label,S8700,40,145414,
label_test_2,f841c292-5b7a-4840-be84-5ad51f357dc6,hq_no_label,S3500,30,145414,
label_test_2,f841c292-5b7a-4840-be84-5ad51f357dc6,hq_no_label,S8000,50,145414,
label_test_2,f841c292-5b7a-4840-be84-5ad51f357dc6,hq_no_label,S9300,65,145414,
label_test_2,f841c292-5b7a-4840-be84-5ad51f357dc6,hq_no_label,reference,100,145414,
label_test_2,f841c292-5b7a-4840-be84-5ad51f357dc6,hq_no_label,S10000,60,145414,
label_test_2,f841c292-5b7a-4840-be84-5ad51f357dc6,hq_no_label,S7000,40,145414,
label_test_2,f841c292-5b7a-4840-be84-5ad51f357dc6,hq_no_label,S11300,80,145414,
label_test_2,f841c292-5b7a-4840-be84-5ad51f357dc6,hq_no_label,S5500,35,145414,
label_test_2,f841c292-5b7a-4840-be84-5ad51f357dc6,hq_no_label,S12000,95,145414,
label_test_2,68ee6dcf-ed55-40d7-ac9c-a17d946b4722,trening,S3500,19,447814,
label_test_2,68ee6dcf-ed55-40d7-ac9c-a17d946b4722,trening,S10700,79,447814,
label_test_2,68ee6dcf-ed55-40d7-ac9c-a17d946b4722,trening,S11300,80,447814,
label_test_2,68ee6dcf-ed55-40d7-ac9c-a17d946b4722,trening,S8700,50,447814,
label_test_2,68ee6dcf-ed55-40d7-ac9c-a17d946b4722,trening,S9300,53,447814,
label_test_2,68ee6dcf-ed55-40d7-ac9c-a17d946b4722,trening,S7000,50,447814,
label_test_2,68ee6dcf-ed55-40d7-ac9c-a17d946b4722,trening,S5500,34,447814,
label_test_2,68ee6dcf-ed55-40d7-ac9c-a17d946b4722,trening,reference,95,447814,
label_test_2,68ee6dcf-ed55-40d7-ac9c-a17d946b4722,trening,S10000,66,447814,
label_test_2,68ee6dcf-ed55-40d7-ac9c-a17d946b4722,trening,S12000,73,447814,
label_test_2,68ee6dcf-ed55-40d7-ac9c-a17d946b4722,trening,S8000,53,447814,
label_test_2,68ee6dcf-ed55-40d7-ac9c-a17d946b4722,hq_no_label,S3500,32,135503,
label_test_2,68ee6dcf-ed55-40d7-ac9c-a17d946b4722,hq_no_label,S8700,48,135503,
label_test_2,68ee6dcf-ed55-40d7-ac9c-a17d946b4722,hq_no_label,S8000,48,135503,
label_test_2,68ee6dcf-ed55-40d7-ac9c-a17d946b4722,hq_no_label,S12000,85,135503,
label_test_2,68ee6dcf-ed55-40d7-ac9c-a17d946b4722,hq_no_label,S5500,57,135503,
label_test_2,68ee6dcf-ed55-40d7-ac9c-a17d946b4722,hq_no_label,reference,96,135503,
label_test_2,68ee6dcf-ed55-40d7-ac9c-a17d946b4722,hq_no_label,S7000,65,135503,
label_test_2,68ee6dcf-ed55-40d7-ac9c-a17d946b4722,hq_no_label,S9300,72,135503,
label_test_2,68ee6dcf-ed55-40d7-ac9c-a17d946b4722,hq_no_label,S10700,67,135503,
label_test_2,68ee6dcf-ed55-40d7-ac9c-a17d946b4722,hq_no_label,S10000,74,135503,
label_test_2,68ee6dcf-ed55-40d7-ac9c-a17d946b4722,hq_no_label,S11300,85,135503,
label_test_2,68ee6dcf-ed55-40d7-ac9c-a17d946b4722,hq_no_label,reference,95,132198,
label_test_2,68ee6dcf-ed55-40d7-ac9c-a17d946b4722,hq_no_label,S3500,39,132198,
label_test_2,68ee6dcf-ed55-40d7-ac9c-a17d946b4722,hq_no_label,S8000,69,132198,
label_test_2,68ee6dcf-ed55-40d7-ac9c-a17d946b4722,hq_no_label,S5500,55,132198,
label_test_2,68ee6dcf-ed55-40d7-ac9c-a17d946b4722,hq_no_label,S11300,79,132198,
label_test_2,68ee6dcf-ed55-40d7-ac9c-a17d946b4722,hq_no_label,S10000,75,132198,
label_test_2,68ee6dcf-ed55-40d7-ac9c-a17d946b4722,hq_no_label,S7000,59,132198,
label_test_2,68ee6dcf-ed55-40d7-ac9c-a17d946b4722,hq_no_label,S10700,80,132198,
label_test_2,68ee6dcf-ed55-40d7-ac9c-a17d946b4722,hq_no_label,S9300,71,132198,
label_test_2,68ee6dcf-ed55-40d7-ac9c-a17d946b4722,hq_no_label,S12000,79,132198,
label_test_2,68ee6dcf-ed55-40d7-ac9c-a17d946b4722,hq_no_label,S8700,71,132198,
label_test_2,49191c2a-7c8a-440b-b912-821586193acf,trening,S7000,20,510102,
label_test_2,49191c2a-7c8a-440b-b912-821586193acf,trening,S8700,40,510102,
label_test_2,49191c2a-7c8a-440b-b912-821586193acf,trening,S9300,60,510102,
label_test_2,49191c2a-7c8a-440b-b912-821586193acf,trening,S10700,85,510102,
label_test_2,49191c2a-7c8a-440b-b912-821586193acf,trening,S10000,70,510102,
label_test_2,49191c2a-7c8a-440b-b912-821586193acf,trening,S11300,90,510102,
label_test_2,49191c2a-7c8a-440b-b912-821586193acf,trening,S8000,30,510102,
label_test_2,49191c2a-7c8a-440b-b912-821586193acf,trening,S5500,15,510102,
label_test_2,49191c2a-7c8a-440b-b912-821586193acf,trening,S12000,95,510102,
label_test_2,49191c2a-7c8a-440b-b912-821586193acf,trening,S3500,10,510102,
label_test_2,49191c2a-7c8a-440b-b912-821586193acf,trening,reference,100,510102,
label_test_2,49191c2a-7c8a-440b-b912-821586193acf,hq_no_label,S9300,80,224787,
label_test_2,49191c2a-7c8a-440b-b912-821586193acf,hq_no_label,S10000,85,224787,
label_test_2,49191c2a-7c8a-440b-b912-821586193acf,hq_no_label,S12000,95,224787,
label_test_2,49191c2a-7c8a-440b-b912-821586193acf,hq_no_label,S7000,40,224787,
label_test_2,49191c2a-7c8a-440b-b912-821586193acf,hq_no_label,S8000,50,224787,
label_test_2,49191c2a-7c8a-440b-b912-821586193acf,hq_no_label,S11300,90,224787,
label_test_2,49191c2a-7c8a-440b-b912-821586193acf,hq_no_label,S5500,30,224787,
label_test_2,49191c2a-7c8a-440b-b912-821586193acf,hq_no_label,reference,100,224787,
label_test_2,49191c2a-7c8a-440b-b912-821586193acf,hq_no_label,S3500,20,224787,
label_test_2,49191c2a-7c8a-440b-b912-821586193acf,hq_no_label,S8700,75,224787,
label_test_2,49191c2a-7c8a-440b-b912-821586193acf,hq_no_label,S10700,90,224787,
label_test_2,49191c2a-7c8a-440b-b912-821586193acf,hq_no_label,S7000,25,125935,
label_test_2,49191c2a-7c8a-440b-b912-821586193acf,hq_no_label,S9300,95,125935,
label_test_2,49191c2a-7c8a-440b-b912-821586193acf,hq_no_label,reference,100,125935,
label_test_2,49191c2a-7c8a-440b-b912-821586193acf,hq_no_label,S12000,95,125935,
label_test_2,49191c2a-7c8a-440b-b912-821586193acf,hq_no_label,S10000,85,125935,
label_test_2,49191c2a-7c8a-440b-b912-821586193acf,hq_no_label,S8000,35,125935,
label_test_2,49191c2a-7c8a-440b-b912-821586193acf,hq_no_label,S8700,75,125935,
label_test_2,49191c2a-7c8a-440b-b912-821586193acf,hq_no_label,S5500,20,125935,
label_test_2,49191c2a-7c8a-440b-b912-821586193acf,hq_no_label,S11300,85,125935,
label_test_2,49191c2a-7c8a-440b-b912-821586193acf,hq_no_label,S3500,10,125935,
label_test_2,49191c2a-7c8a-440b-b912-821586193acf,hq_no_label,S10700,90,125935,
label_test_2,fe3ed291-76a5-414c-9877-3137b1dd5f2e,trening,S3500,50,166717,
label_test_2,fe3ed291-76a5-414c-9877-3137b1dd5f2e,trening,S10700,82,166717,
label_test_2,fe3ed291-76a5-414c-9877-3137b1dd5f2e,trening,S5500,27,166717,
label_test_2,fe3ed291-76a5-414c-9877-3137b1dd5f2e,trening,S7000,57,166717,
label_test_2,fe3ed291-76a5-414c-9877-3137b1dd5f2e,trening,S9300,75,166717,
label_test_2,fe3ed291-76a5-414c-9877-3137b1dd5f2e,trening,S10000,88,166717,
label_test_2,fe3ed291-76a5-414c-9877-3137b1dd5f2e,trening,S12000,100,166717,
label_test_2,fe3ed291-76a5-414c-9877-3137b1dd5f2e,trening,S8000,61,166717,
label_test_2,fe3ed291-76a5-414c-9877-3137b1dd5f2e,trening,S8700,87,166717,
label_test_2,fe3ed291-76a5-414c-9877-3137b1dd5f2e,trening,reference,100,166717,
label_test_2,fe3ed291-76a5-414c-9877-3137b1dd5f2e,trening,S11300,100,166717,
label_test_2,fe3ed291-76a5-414c-9877-3137b1dd5f2e,hq_no_label,S8700,91,70905,
label_test_2,fe3ed291-76a5-414c-9877-3137b1dd5f2e,hq_no_label,S8000,67,70905,
label_test_2,fe3ed291-76a5-414c-9877-3137b1dd5f2e,hq_no_label,S10000,76,70905,
label_test_2,fe3ed291-76a5-414c-9877-3137b1dd5f2e,hq_no_label,S11300,100,70905,
label_test_2,fe3ed291-76a5-414c-9877-3137b1dd5f2e,hq_no_label,S3500,32,70905,
label_test_2,fe3ed291-76a5-414c-9877-3137b1dd5f2e,hq_no_label,reference,100,70905,
label_test_2,fe3ed291-76a5-414c-9877-3137b1dd5f2e,hq_no_label,S7000,52,70905,
label_test_2,fe3ed291-76a5-414c-9877-3137b1dd5f2e,hq_no_label,S12000,88,70905,
label_test_2,fe3ed291-76a5-414c-9877-3137b1dd5f2e,hq_no_label,S10700,89,70905,
label_test_2,fe3ed291-76a5-414c-9877-3137b1dd5f2e,hq_no_label,S9300,100,70905,
label_test_2,fe3ed291-76a5-414c-9877-3137b1dd5f2e,hq_no_label,S5500,74,70905,
label_test_2,fe3ed291-76a5-414c-9877-3137b1dd5f2e,hq_no_label,reference,100,45831,
label_test_2,fe3ed291-76a5-414c-9877-3137b1dd5f2e,hq_no_label,S5500,77,45831,
label_test_2,fe3ed291-76a5-414c-9877-3137b1dd5f2e,hq_no_label,S8000,88,45831,
label_test_2,fe3ed291-76a5-414c-9877-3137b1dd5f2e,hq_no_label,S3500,47,45831,
label_test_2,fe3ed291-76a5-414c-9877-3137b1dd5f2e,hq_no_label,S7000,59,45831,
label_test_2,fe3ed291-76a5-414c-9877-3137b1dd5f2e,hq_no_label,S8700,79,45831,
label_test_2,fe3ed291-76a5-414c-9877-3137b1dd5f2e,hq_no_label,S11300,94,45831,
label_test_2,fe3ed291-76a5-414c-9877-3137b1dd5f2e,hq_no_label,S10000,94,45831,
label_test_2,fe3ed291-76a5-414c-9877-3137b1dd5f2e,hq_no_label,S10700,88,45831,
label_test_2,fe3ed291-76a5-414c-9877-3137b1dd5f2e,hq_no_label,S12000,93,45831,
label_test_2,fe3ed291-76a5-414c-9877-3137b1dd5f2e,hq_no_label,S9300,53,45831,
label_test_2,329cf995-54ea-4a8a-9195-989ba9280fdb,trening,S3500,5,237422,
label_test_2,329cf995-54ea-4a8a-9195-989ba9280fdb,trening,S10700,70,237422,
label_test_2,329cf995-54ea-4a8a-9195-989ba9280fdb,trening,S8700,35,237422,
label_test_2,329cf995-54ea-4a8a-9195-989ba9280fdb,trening,S9300,50,237422,
label_test_2,329cf995-54ea-4a8a-9195-989ba9280fdb,trening,S8000,25,237422,
label_test_2,329cf995-54ea-4a8a-9195-989ba9280fdb,trening,S12000,85,237422,
label_test_2,329cf995-54ea-4a8a-9195-989ba9280fdb,trening,S11300,80,237422,
label_test_2,329cf995-54ea-4a8a-9195-989ba9280fdb,trening,S7000,20,237422,
label_test_2,329cf995-54ea-4a8a-9195-989ba9280fdb,trening,S5500,15,237422,
label_test_2,329cf995-54ea-4a8a-9195-989ba9280fdb,trening,reference,90,237422,
label_test_2,329cf995-54ea-4a8a-9195-989ba9280fdb,trening,S10000,55,237422,
label_test_2,329cf995-54ea-4a8a-9195-989ba9280fdb,hq_no_label,S7000,25,139318,
label_test_2,329cf995-54ea-4a8a-9195-989ba9280fdb,hq_no_label,S5500,15,139318,
label_test_2,329cf995-54ea-4a8a-9195-989ba9280fdb,hq_no_label,reference,90,139318,
label_test_2,329cf995-54ea-4a8a-9195-989ba9280fdb,hq_no_label,S3500,5,139318,
label_test_2,329cf995-54ea-4a8a-9195-989ba9280fdb,hq_no_label,S11300,80,139318,
label_test_2,329cf995-54ea-4a8a-9195-989ba9280fdb,hq_no_label,S8700,40,139318,
label_test_2,329cf995-54ea-4a8a-9195-989ba9280fdb,hq_no_label,S12000,90,139318,
label_test_2,329cf995-54ea-4a8a-9195-989ba9280fdb,hq_no_label,S10700,60,139318,
label_test_2,329cf995-54ea-4a8a-9195-989ba9280fdb,hq_no_label,S9300,45,139318,
label_test_2,329cf995-54ea-4a8a-9195-989ba9280fdb,hq_no_label,S10000,55,139318,
label_test_2,329cf995-54ea-4a8a-9195-989ba9280fdb,hq_no_label,S8000,30,139318,
label_test_2,329cf995-54ea-4a8a-9195-989ba9280fdb,hq_no_label,S5500,5,145739,
label_test_2,329cf995-54ea-4a8a-9195-989ba9280fdb,hq_no_label,S7000,20,145739,
label_test_2,329cf995-54ea-4a8a-9195-989ba9280fdb,hq_no_label,S9300,50,145739,
label_test_2,329cf995-54ea-4a8a-9195-989ba9280fdb,hq_no_label,S8000,35,145739,
label_test_2,329cf995-54ea-4a8a-9195-989ba9280fdb,hq_no_label,S12000,80,145739,
label_test_2,329cf995-54ea-4a8a-9195-989ba9280fdb,hq_no_label,S11300,75,145739,
label_test_2,329cf995-54ea-4a8a-9195-989ba9280fdb,hq_no_label,reference,90,145739,
label_test_2,329cf995-54ea-4a8a-9195-989ba9280fdb,hq_no_label,S8700,40,145739,
label_test_2,329cf995-54ea-4a8a-9195-989ba9280fdb,hq_no_label,S10000,60,145739,
label_test_2,329cf995-54ea-4a8a-9195-989ba9280fdb,hq_no_label,S3500,10,145739,
label_test_2,329cf995-54ea-4a8a-9195-989ba9280fdb,hq_no_label,S10700,75,145739,
label_test_2,ff4dfa38-8874-4fa5-a593-12895f9ef4fd,trening,S7000,23,133619,
label_test_2,ff4dfa38-8874-4fa5-a593-12895f9ef4fd,trening,S8000,49,133619,
label_test_2,ff4dfa38-8874-4fa5-a593-12895f9ef4fd,trening,S11300,67,133619,
label_test_2,ff4dfa38-8874-4fa5-a593-12895f9ef4fd,trening,S3500,6,133619,
label_test_2,ff4dfa38-8874-4fa5-a593-12895f9ef4fd,trening,S10700,77,133619,
label_test_2,ff4dfa38-8874-4fa5-a593-12895f9ef4fd,trening,S10000,61,133619,
label_test_2,ff4dfa38-8874-4fa5-a593-12895f9ef4fd,trening,S8700,27,133619,
label_test_2,ff4dfa38-8874-4fa5-a593-12895f9ef4fd,trening,reference,100,133619,
label_test_2,ff4dfa38-8874-4fa5-a593-12895f9ef4fd,trening,S9300,43,133619,
label_test_2,ff4dfa38-8874-4fa5-a593-12895f9ef4fd,trening,S5500,28,133619,
label_test_2,ff4dfa38-8874-4fa5-a593-12895f9ef4fd,trening,S12000,75,133619,
label_test_2,ff4dfa38-8874-4fa5-a593-12895f9ef4fd,hq_no_label,S7000,32,96665,
label_test_2,ff4dfa38-8874-4fa5-a593-12895f9ef4fd,hq_no_label,reference,100,96665,
label_test_2,ff4dfa38-8874-4fa5-a593-12895f9ef4fd,hq_no_label,S10700,35,96665,
label_test_2,ff4dfa38-8874-4fa5-a593-12895f9ef4fd,hq_no_label,S8000,26,96665,
label_test_2,ff4dfa38-8874-4fa5-a593-12895f9ef4fd,hq_no_label,S5500,13,96665,
label_test_2,ff4dfa38-8874-4fa5-a593-12895f9ef4fd,hq_no_label,S10000,71,96665,
label_test_2,ff4dfa38-8874-4fa5-a593-12895f9ef4fd,hq_no_label,S8700,47,96665,
label_test_2,ff4dfa38-8874-4fa5-a593-12895f9ef4fd,hq_no_label,S12000,76,96665,
label_test_2,ff4dfa38-8874-4fa5-a593-12895f9ef4fd,hq_no_label,S9300,55,96665,
label_test_2,ff4dfa38-8874-4fa5-a593-12895f9ef4fd,hq_no_label,S11300,69,96665,
label_test_2,ff4dfa38-8874-4fa5-a593-12895f9ef4fd,hq_no_label,S3500,3,96665,
label_test_2,ff4dfa38-8874-4fa5-a593-12895f9ef4fd,hq_no_label,S10000,45,65331,
label_test_2,ff4dfa38-8874-4fa5-a593-12895f9ef4fd,hq_no_label,S12000,76,65331,
label_test_2,ff4dfa38-8874-4fa5-a593-12895f9ef4fd,hq_no_label,S8000,23,65331,
label_test_2,ff4dfa38-8874-4fa5-a593-12895f9ef4fd,hq_no_label,S11300,51,65331,
label_test_2,ff4dfa38-8874-4fa5-a593-12895f9ef4fd,hq_no_label,S7000,17,65331,
label_test_2,ff4dfa38-8874-4fa5-a593-12895f9ef4fd,hq_no_label,S9300,63,65331,
label_test_2,ff4dfa38-8874-4fa5-a593-12895f9ef4fd,hq_no_label,S8700,59,65331,
label_test_2,ff4dfa38-8874-4fa5-a593-12895f9ef4fd,hq_no_label,S3500,12,65331,
label_test_2,ff4dfa38-8874-4fa5-a593-12895f9ef4fd,hq_no_label,S10700,83,65331,
label_test_2,ff4dfa38-8874-4fa5-a593-12895f9ef4fd,hq_no_label,S5500,24,65331,
label_test_2,ff4dfa38-8874-4fa5-a593-12895f9ef4fd,hq_no_label,reference,100,65331,
label_test_2,8abadfcc-8f7e-4afc-80ab-e488c63f1405,trening,S3500,0,213324,
label_test_2,8abadfcc-8f7e-4afc-80ab-e488c63f1405,trening,S12000,80,213324,
label_test_2,8abadfcc-8f7e-4afc-80ab-e488c63f1405,trening,S10700,60,213324,
label_test_2,8abadfcc-8f7e-4afc-80ab-e488c63f1405,trening,S10000,40,213324,
label_test_2,8abadfcc-8f7e-4afc-80ab-e488c63f1405,trening,S8700,0,213324,
label_test_2,8abadfcc-8f7e-4afc-80ab-e488c63f1405,trening,S9300,20,213324,
label_test_2,8abadfcc-8f7e-4afc-80ab-e488c63f1405,trening,reference,100,213324,
label_test_2,8abadfcc-8f7e-4afc-80ab-e488c63f1405,trening,S5500,0,213324,
label_test_2,8abadfcc-8f7e-4afc-80ab-e488c63f1405,trening,S7000,0,213324,
label_test_2,8abadfcc-8f7e-4afc-80ab-e488c63f1405,trening,S8000,20,213324,
label_test_2,8abadfcc-8f7e-4afc-80ab-e488c63f1405,trening,S11300,80,213324,
label_test_2,8abadfcc-8f7e-4afc-80ab-e488c63f1405,hq_no_label,reference,100,2702,
label_test_2,8abadfcc-8f7e-4afc-80ab-e488c63f1405,hq_no_label,S9300,100,2702,
label_test_2,8abadfcc-8f7e-4afc-80ab-e488c63f1405,hq_no_label,S8700,100,2702,
label_test_2,8abadfcc-8f7e-4afc-80ab-e488c63f1405,hq_no_label,S8000,100,2702,
label_test_2,8abadfcc-8f7e-4afc-80ab-e488c63f1405,hq_no_label,S3500,100,2702,
label_test_2,8abadfcc-8f7e-4afc-80ab-e488c63f1405,hq_no_label,S10700,100,2702,
label_test_2,8abadfcc-8f7e-4afc-80ab-e488c63f1405,hq_no_label,S10000,100,2702,
label_test_2,8abadfcc-8f7e-4afc-80ab-e488c63f1405,hq_no_label,S7000,100,2702,
label_test_2,8abadfcc-8f7e-4afc-80ab-e488c63f1405,hq_no_label,S5500,100,2702,
label_test_2,8abadfcc-8f7e-4afc-80ab-e488c63f1405,hq_no_label,S11300,100,2702,
label_test_2,8abadfcc-8f7e-4afc-80ab-e488c63f1405,hq_no_label,S12000,100,2702,
label_test_2,8abadfcc-8f7e-4afc-80ab-e488c63f1405,hq_no_label,S12000,80,98758,
label_test_2,8abadfcc-8f7e-4afc-80ab-e488c63f1405,hq_no_label,S5500,0,98758,
label_test_2,8abadfcc-8f7e-4afc-80ab-e488c63f1405,hq_no_label,S10000,20,98758,
label_test_2,8abadfcc-8f7e-4afc-80ab-e488c63f1405,hq_no_label,S10700,40,98758,
label_test_2,8abadfcc-8f7e-4afc-80ab-e488c63f1405,hq_no_label,S3500,0,98758,
label_test_2,8abadfcc-8f7e-4afc-80ab-e488c63f1405,hq_no_label,S9300,20,98758,
label_test_2,8abadfcc-8f7e-4afc-80ab-e488c63f1405,hq_no_label,S8700,10,98758,
label_test_2,8abadfcc-8f7e-4afc-80ab-e488c63f1405,hq_no_label,reference,100,98758,
label_test_2,8abadfcc-8f7e-4afc-80ab-e488c63f1405,hq_no_label,S11300,70,98758,
label_test_2,8abadfcc-8f7e-4afc-80ab-e488c63f1405,hq_no_label,S7000,0,98758,
label_test_2,8abadfcc-8f7e-4afc-80ab-e488c63f1405,hq_no_label,S8000,1,98758,
label_test_2,90b11c52-6b1e-4a24-91ae-4110e4dba8d1,trening,S8000,16,172368,
label_test_2,90b11c52-6b1e-4a24-91ae-4110e4dba8d1,trening,S5500,18,172368,
label_test_2,90b11c52-6b1e-4a24-91ae-4110e4dba8d1,trening,S8700,51,172368,
label_test_2,90b11c52-6b1e-4a24-91ae-4110e4dba8d1,trening,reference,100,172368,
label_test_2,90b11c52-6b1e-4a24-91ae-4110e4dba8d1,trening,S7000,43,172368,
label_test_2,90b11c52-6b1e-4a24-91ae-4110e4dba8d1,trening,S10000,62,172368,
label_test_2,90b11c52-6b1e-4a24-91ae-4110e4dba8d1,trening,S12000,90,172368,
label_test_2,90b11c52-6b1e-4a24-91ae-4110e4dba8d1,trening,S3500,6,172368,
label_test_2,90b11c52-6b1e-4a24-91ae-4110e4dba8d1,trening,S11300,80,172368,
label_test_2,90b11c52-6b1e-4a24-91ae-4110e4dba8d1,trening,S10700,79,172368,
label_test_2,90b11c52-6b1e-4a24-91ae-4110e4dba8d1,trening,S9300,83,172368,
label_test_2,90b11c52-6b1e-4a24-91ae-4110e4dba8d1,hq_no_label,S8000,22,67836,
label_test_2,90b11c52-6b1e-4a24-91ae-4110e4dba8d1,hq_no_label,S9300,31,67836,
label_test_2,90b11c52-6b1e-4a24-91ae-4110e4dba8d1,hq_no_label,S10000,42,67836,
label_test_2,90b11c52-6b1e-4a24-91ae-4110e4dba8d1,hq_no_label,S10700,73,67836,
label_test_2,90b11c52-6b1e-4a24-91ae-4110e4dba8d1,hq_no_label,S12000,76,67836,
label_test_2,90b11c52-6b1e-4a24-91ae-4110e4dba8d1,hq_no_label,S11300,82,67836,
label_test_2,90b11c52-6b1e-4a24-91ae-4110e4dba8d1,hq_no_label,S3500,20,67836,
label_test_2,90b11c52-6b1e-4a24-91ae-4110e4dba8d1,hq_no_label,S7000,13,67836,
label_test_2,90b11c52-6b1e-4a24-91ae-4110e4dba8d1,hq_no_label,S5500,10,67836,
label_test_2,90b11c52-6b1e-4a24-91ae-4110e4dba8d1,hq_no_label,S8700,58,67836,
label_test_2,90b11c52-6b1e-4a24-91ae-4110e4dba8d1,hq_no_label,reference,100,67836,
label_test_2,90b11c52-6b1e-4a24-91ae-4110e4dba8d1,hq_no_label,S8700,33,57850,
label_test_2,90b11c52-6b1e-4a24-91ae-4110e4dba8d1,hq_no_label,S5500,11,57850,
label_test_2,90b11c52-6b1e-4a24-91ae-4110e4dba8d1,hq_no_label,S11300,81,57850,
label_test_2,90b11c52-6b1e-4a24-91ae-4110e4dba8d1,hq_no_label,S10700,84,57850,
label_test_2,90b11c52-6b1e-4a24-91ae-4110e4dba8d1,hq_no_label,S7000,19,57850,
label_test_2,90b11c52-6b1e-4a24-91ae-4110e4dba8d1,hq_no_label,reference,100,57850,
label_test_2,90b11c52-6b1e-4a24-91ae-4110e4dba8d1,hq_no_label,S9300,41,57850,
label_test_2,90b11c52-6b1e-4a24-91ae-4110e4dba8d1,hq_no_label,S3500,14,57850,
label_test_2,90b11c52-6b1e-4a24-91ae-4110e4dba8d1,hq_no_label,S10000,52,57850,
label_test_2,90b11c52-6b1e-4a24-91ae-4110e4dba8d1,hq_no_label,S8000,42,57850,
label_test_2,90b11c52-6b1e-4a24-91ae-4110e4dba8d1,hq_no_label,S12000,66,57850,
label_test_2,22343fbf-19c5-48bd-ab90-759f41ddb16e,trening,S10000,23,105830,
label_test_2,22343fbf-19c5-48bd-ab90-759f41ddb16e,trening,S10700,40,105830,
label_test_2,22343fbf-19c5-48bd-ab90-759f41ddb16e,trening,S3500,0,105830,
label_test_2,22343fbf-19c5-48bd-ab90-759f41ddb16e,trening,S12000,62,105830,
label_test_2,22343fbf-19c5-48bd-ab90-759f41ddb16e,trening,S5500,16,105830,
label_test_2,22343fbf-19c5-48bd-ab90-759f41ddb16e,trening,S11300,75,105830,
label_test_2,22343fbf-19c5-48bd-ab90-759f41ddb16e,trening,reference,100,105830,
label_test_2,22343fbf-19c5-48bd-ab90-759f41ddb16e,trening,S8700,45,105830,
label_test_2,22343fbf-19c5-48bd-ab90-759f41ddb16e,trening,S7000,23,105830,
label_test_2,22343fbf-19c5-48bd-ab90-759f41ddb16e,trening,S9300,71,105830,
label_test_2,22343fbf-19c5-48bd-ab90-759f41ddb16e,trening,S8000,57,105830,
label_test_2,22343fbf-19c5-48bd-ab90-759f41ddb16e,hq_no_label,S9300,62,61987,
label_test_2,22343fbf-19c5-48bd-ab90-759f41ddb16e,hq_no_label,S10000,65,61987,
label_test_2,22343fbf-19c5-48bd-ab90-759f41ddb16e,hq_no_label,S10700,65,61987,
label_test_2,22343fbf-19c5-48bd-ab90-759f41ddb16e,hq_no_label,reference,100,61987,
label_test_2,22343fbf-19c5-48bd-ab90-759f41ddb16e,hq_no_label,S7000,21,61987,
label_test_2,22343fbf-19c5-48bd-ab90-759f41ddb16e,hq_no_label,S3500,4,61987,
label_test_2,22343fbf-19c5-48bd-ab90-759f41ddb16e,hq_no_label,S8700,51,61987,
label_test_2,22343fbf-19c5-48bd-ab90-759f41ddb16e,hq_no_label,S5500,14,61987,
label_test_2,22343fbf-19c5-48bd-ab90-759f41ddb16e,hq_no_label,S11300,81,61987,
label_test_2,22343fbf-19c5-48bd-ab90-759f41ddb16e,hq_no_label,S8000,39,61987,
label_test_2,22343fbf-19c5-48bd-ab90-759f41ddb16e,hq_no_label,S12000,88,61987,
label_test_2,22343fbf-19c5-48bd-ab90-759f41ddb16e,hq_no_label,S7000,23,64629,
label_test_2,22343fbf-19c5-48bd-ab90-759f41ddb16e,hq_no_label,S5500,0,64629,
label_test_2,22343fbf-19c5-48bd-ab90-759f41ddb16e,hq_no_label,S8700,16,64629,
label_test_2,22343fbf-19c5-48bd-ab90-759f41ddb16e,hq_no_label,S10700,32,64629,
label_test_2,22343fbf-19c5-48bd-ab90-759f41ddb16e,hq_no_label,reference,100,64629,
label_test_2,22343fbf-19c5-48bd-ab90-759f41ddb16e,hq_no_label,S10000,55,64629,
label_test_2,22343fbf-19c5-48bd-ab90-759f41ddb16e,hq_no_label,S8000,54,64629,
label_test_2,22343fbf-19c5-48bd-ab90-759f41ddb16e,hq_no_label,S11300,55,64629,
label_test_2,22343fbf-19c5-48bd-ab90-759f41ddb16e,hq_no_label,S3500,0,64629,
label_test_2,22343fbf-19c5-48bd-ab90-759f41ddb16e,hq_no_label,S12000,63,64629,
label_test_2,22343fbf-19c5-48bd-ab90-759f41ddb16e,hq_no_label,S9300,38,64629,
label_test_2,3e05aafe-1a28-4992-b692-402c8d85590c,trening,S10000,40,221695,
label_test_2,3e05aafe-1a28-4992-b692-402c8d85590c,trening,S3500,5,221695,
label_test_2,3e05aafe-1a28-4992-b692-402c8d85590c,trening,S9300,61,221695,
label_test_2,3e05aafe-1a28-4992-b692-402c8d85590c,trening,S8000,20,221695,
label_test_2,3e05aafe-1a28-4992-b692-402c8d85590c,trening,S12000,85,221695,
label_test_2,3e05aafe-1a28-4992-b692-402c8d85590c,trening,S10700,90,221695,
label_test_2,3e05aafe-1a28-4992-b692-402c8d85590c,trening,reference,100,221695,
label_test_2,3e05aafe-1a28-4992-b692-402c8d85590c,trening,S8700,50,221695,
label_test_2,3e05aafe-1a28-4992-b692-402c8d85590c,trening,S7000,15,221695,
label_test_2,3e05aafe-1a28-4992-b692-402c8d85590c,trening,S5500,10,221695,
label_test_2,3e05aafe-1a28-4992-b692-402c8d85590c,trening,S11300,80,221695,
label_test_2,3e05aafe-1a28-4992-b692-402c8d85590c,hq_no_label,S3500,5,197672,
label_test_2,3e05aafe-1a28-4992-b692-402c8d85590c,hq_no_label,reference,100,197672,
label_test_2,3e05aafe-1a28-4992-b692-402c8d85590c,hq_no_label,S10700,50,197672,
label_test_2,3e05aafe-1a28-4992-b692-402c8d85590c,hq_no_label,S8000,30,197672,
label_test_2,3e05aafe-1a28-4992-b692-402c8d85590c,hq_no_label,S12000,90,197672,
label_test_2,3e05aafe-1a28-4992-b692-402c8d85590c,hq_no_label,S7000,35,197672,
label_test_2,3e05aafe-1a28-4992-b692-402c8d85590c,hq_no_label,S11300,89,197672,
label_test_2,3e05aafe-1a28-4992-b692-402c8d85590c,hq_no_label,S5500,20,197672,
label_test_2,3e05aafe-1a28-4992-b692-402c8d85590c,hq_no_label,S10000,79,197672,
label_test_2,3e05aafe-1a28-4992-b692-402c8d85590c,hq_no_label,S8700,71,197672,
label_test_2,3e05aafe-1a28-4992-b692-402c8d85590c,hq_no_label,S9300,65,197672,
label_test_2,3e05aafe-1a28-4992-b692-402c8d85590c,hq_no_label,S12000,80,123850,
label_test_2,3e05aafe-1a28-4992-b692-402c8d85590c,hq_no_label,S10000,51,123850,
label_test_2,3e05aafe-1a28-4992-b692-402c8d85590c,hq_no_label,S7000,15,123850,
label_test_2,3e05aafe-1a28-4992-b692-402c8d85590c,hq_no_label,S8000,20,123850,
label_test_2,3e05aafe-1a28-4992-b692-402c8d85590c,hq_no_label,S10700,70,123850,
label_test_2,3e05aafe-1a28-4992-b692-402c8d85590c,hq_no_label,S11300,79,123850,
label_test_2,3e05aafe-1a28-4992-b692-402c8d85590c,hq_no_label,S3500,1,123850,
label_test_2,3e05aafe-1a28-4992-b692-402c8d85590c,hq_no_label,reference,100,123850,
label_test_2,3e05aafe-1a28-4992-b692-402c8d85590c,hq_no_label,S9300,51,123850,
label_test_2,3e05aafe-1a28-4992-b692-402c8d85590c,hq_no_label,S5500,20,123850,
label_test_2,3e05aafe-1a28-4992-b692-402c8d85590c,hq_no_label,S8700,60,123850,
label_test_2,db08b1b7-7f68-4a8a-ba62-a955fc9472af,trening,S7000,28,291934,
label_test_2,db08b1b7-7f68-4a8a-ba62-a955fc9472af,trening,reference,100,291934,
label_test_2,db08b1b7-7f68-4a8a-ba62-a955fc9472af,trening,S9300,59,291934,
label_test_2,db08b1b7-7f68-4a8a-ba62-a955fc9472af,trening,S8000,38,291934,
label_test_2,db08b1b7-7f68-4a8a-ba62-a955fc9472af,trening,S8700,57,291934,
label_test_2,db08b1b7-7f68-4a8a-ba62-a955fc9472af,trening,S5500,20,291934,
label_test_2,db08b1b7-7f68-4a8a-ba62-a955fc9472af,trening,S12000,84,291934,
label_test_2,db08b1b7-7f68-4a8a-ba62-a955fc9472af,trening,S10000,65,291934,
label_test_2,db08b1b7-7f68-4a8a-ba62-a955fc9472af,trening,S3500,11,291934,
label_test_2,db08b1b7-7f68-4a8a-ba62-a955fc9472af,trening,S11300,79,291934,
label_test_2,db08b1b7-7f68-4a8a-ba62-a955fc9472af,trening,S10700,71,291934,
label_test_2,db08b1b7-7f68-4a8a-ba62-a955fc9472af,hq_no_label,S3500,14,175064,
label_test_2,db08b1b7-7f68-4a8a-ba62-a955fc9472af,hq_no_label,S12000,91,175064,
label_test_2,db08b1b7-7f68-4a8a-ba62-a955fc9472af,hq_no_label,S9300,67,175064,
label_test_2,db08b1b7-7f68-4a8a-ba62-a955fc9472af,hq_no_label,S5500,27,175064,
label_test_2,db08b1b7-7f68-4a8a-ba62-a955fc9472af,hq_no_label,S7000,45,175064,
label_test_2,db08b1b7-7f68-4a8a-ba62-a955fc9472af,hq_no_label,S10700,80,175064,
label_test_2,db08b1b7-7f68-4a8a-ba62-a955fc9472af,hq_no_label,reference,100,175064,
label_test_2,db08b1b7-7f68-4a8a-ba62-a955fc9472af,hq_no_label,S8700,61,175064,
label_test_2,db08b1b7-7f68-4a8a-ba62-a955fc9472af,hq_no_label,S11300,87,175064,
label_test_2,db08b1b7-7f68-4a8a-ba62-a955fc9472af,hq_no_label,S10000,71,175064,
label_test_2,db08b1b7-7f68-4a8a-ba62-a955fc9472af,hq_no_label,S8000,33,175064,
label_test_2,db08b1b7-7f68-4a8a-ba62-a955fc9472af,hq_no_label,S9300,69,99182,
label_test_2,db08b1b7-7f68-4a8a-ba62-a955fc9472af,hq_no_label,S8000,49,99182,
label_test_2,db08b1b7-7f68-4a8a-ba62-a955fc9472af,hq_no_label,S5500,24,99182,
label_test_2,db08b1b7-7f68-4a8a-ba62-a955fc9472af,hq_no_label,S10000,76,99182,
label_test_2,db08b1b7-7f68-4a8a-ba62-a955fc9472af,hq_no_label,S10700,82,99182,
label_test_2,db08b1b7-7f68-4a8a-ba62-a955fc9472af,hq_no_label,S12000,90,99182,
label_test_2,db08b1b7-7f68-4a8a-ba62-a955fc9472af,hq_no_label,S8700,73,99182,
label_test_2,db08b1b7-7f68-4a8a-ba62-a955fc9472af,hq_no_label,S7000,34,99182,
label_test_2,db08b1b7-7f68-4a8a-ba62-a955fc9472af,hq_no_label,S3500,19,99182,
label_test_2,db08b1b7-7f68-4a8a-ba62-a955fc9472af,hq_no_label,S11300,89,99182,
label_test_2,db08b1b7-7f68-4a8a-ba62-a955fc9472af,hq_no_label,reference,100,99182,
label_test_2,79821087-8187-4199-8a98-f05f2348f941,trening,S10000,89,65375,
label_test_2,79821087-8187-4199-8a98-f05f2348f941,trening,S8700,29,65375,
label_test_2,79821087-8187-4199-8a98-f05f2348f941,trening,S9300,41,65375,
label_test_2,79821087-8187-4199-8a98-f05f2348f941,trening,S7000,29,65375,
label_test_2,79821087-8187-4199-8a98-f05f2348f941,trening,reference,100,65375,
label_test_2,79821087-8187-4199-8a98-f05f2348f941,trening,S11300,93,65375,
label_test_2,79821087-8187-4199-8a98-f05f2348f941,trening,S5500,15,65375,
label_test_2,79821087-8187-4199-8a98-f05f2348f941,trening,S10700,89,65375,
label_test_2,79821087-8187-4199-8a98-f05f2348f941,trening,S12000,99,65375,
label_test_2,79821087-8187-4199-8a98-f05f2348f941,trening,S8000,9,65375,
label_test_2,79821087-8187-4199-8a98-f05f2348f941,trening,S3500,0,65375,
label_test_2,79821087-8187-4199-8a98-f05f2348f941,hq_no_label,S10000,75,72517,
label_test_2,79821087-8187-4199-8a98-f05f2348f941,hq_no_label,S7000,45,72517,
label_test_2,79821087-8187-4199-8a98-f05f2348f941,hq_no_label,S5500,12,72517,
label_test_2,79821087-8187-4199-8a98-f05f2348f941,hq_no_label,S3500,0,72517,
label_test_2,79821087-8187-4199-8a98-f05f2348f941,hq_no_label,S9300,77,72517,
label_test_2,79821087-8187-4199-8a98-f05f2348f941,hq_no_label,reference,99,72517,
label_test_2,79821087-8187-4199-8a98-f05f2348f941,hq_no_label,S8000,37,72517,
label_test_2,79821087-8187-4199-8a98-f05f2348f941,hq_no_label,S10700,91,72517,
label_test_2,79821087-8187-4199-8a98-f05f2348f941,hq_no_label,S8700,57,72517,
label_test_2,79821087-8187-4199-8a98-f05f2348f941,hq_no_label,S11300,94,72517,
label_test_2,79821087-8187-4199-8a98-f05f2348f941,hq_no_label,S12000,100,72517,
label_test_2,79821087-8187-4199-8a98-f05f2348f941,hq_no_label,S11300,93,52937,
label_test_2,79821087-8187-4199-8a98-f05f2348f941,hq_no_label,S12000,99,52937,
label_test_2,79821087-8187-4199-8a98-f05f2348f941,hq_no_label,S8000,36,52937,
label_test_2,79821087-8187-4199-8a98-f05f2348f941,hq_no_label,S8700,70,52937,
label_test_2,79821087-8187-4199-8a98-f05f2348f941,hq_no_label,S3500,16,52937,
label_test_2,79821087-8187-4199-8a98-f05f2348f941,hq_no_label,S10700,91,52937,
label_test_2,79821087-8187-4199-8a98-f05f2348f941,hq_no_label,S9300,78,52937,
label_test_2,79821087-8187-4199-8a98-f05f2348f941,hq_no_label,S5500,10,52937,
label_test_2,79821087-8187-4199-8a98-f05f2348f941,hq_no_label,S7000,16,52937,
label_test_2,79821087-8187-4199-8a98-f05f2348f941,hq_no_label,S10000,75,52937,
label_test_2,79821087-8187-4199-8a98-f05f2348f941,hq_no_label,reference,100,52937,
label_test_2,a847cb67-3145-46d2-ba53-1a61bc09ebc0,trening,S8700,39,67712,
label_test_2,a847cb67-3145-46d2-ba53-1a61bc09ebc0,trening,S5500,24,67712,
label_test_2,a847cb67-3145-46d2-ba53-1a61bc09ebc0,trening,S9300,75,67712,
label_test_2,a847cb67-3145-46d2-ba53-1a61bc09ebc0,trening,S3500,19,67712,
label_test_2,a847cb67-3145-46d2-ba53-1a61bc09ebc0,trening,S10000,95,67712,
label_test_2,a847cb67-3145-46d2-ba53-1a61bc09ebc0,trening,S7000,39,67712,
label_test_2,a847cb67-3145-46d2-ba53-1a61bc09ebc0,trening,S11300,99,67712,
label_test_2,a847cb67-3145-46d2-ba53-1a61bc09ebc0,trening,S10700,98,67712,
label_test_2,a847cb67-3145-46d2-ba53-1a61bc09ebc0,trening,S8000,87,67712,
label_test_2,a847cb67-3145-46d2-ba53-1a61bc09ebc0,trening,S12000,97,67712,
label_test_2,a847cb67-3145-46d2-ba53-1a61bc09ebc0,trening,reference,100,67712,
label_test_2,a847cb67-3145-46d2-ba53-1a61bc09ebc0,hq_no_label,S3500,1,77996,
label_test_2,a847cb67-3145-46d2-ba53-1a61bc09ebc0,hq_no_label,S9300,19,77996,
label_test_2,a847cb67-3145-46d2-ba53-1a61bc09ebc0,hq_no_label,S5500,7,77996,
label_test_2,a847cb67-3145-46d2-ba53-1a61bc09ebc0,hq_no_label,S8700,84,77996,
label_test_2,a847cb67-3145-46d2-ba53-1a61bc09ebc0,hq_no_label,reference,91,77996,
label_test_2,a847cb67-3145-46d2-ba53-1a61bc09ebc0,hq_no_label,S8000,55,77996,
label_test_2,a847cb67-3145-46d2-ba53-1a61bc09ebc0,hq_no_label,S10000,82,77996,
label_test_2,a847cb67-3145-46d2-ba53-1a61bc09ebc0,hq_no_label,S12000,100,77996,
label_test_2,a847cb67-3145-46d2-ba53-1a61bc09ebc0,hq_no_label,S10700,90,77996,
label_test_2,a847cb67-3145-46d2-ba53-1a61bc09ebc0,hq_no_label,S7000,11,77996,
label_test_2,a847cb67-3145-46d2-ba53-1a61bc09ebc0,hq_no_label,S11300,98,77996,
label_test_2,a847cb67-3145-46d2-ba53-1a61bc09ebc0,hq_no_label,S7000,16,67436,
label_test_2,a847cb67-3145-46d2-ba53-1a61bc09ebc0,hq_no_label,S8700,16,67436,
label_test_2,a847cb67-3145-46d2-ba53-1a61bc09ebc0,hq_no_label,S5500,8,67436,
label_test_2,a847cb67-3145-46d2-ba53-1a61bc09ebc0,hq_no_label,S8000,21,67436,
label_test_2,a847cb67-3145-46d2-ba53-1a61bc09ebc0,hq_no_label,reference,100,67436,
label_test_2,a847cb67-3145-46d2-ba53-1a61bc09ebc0,hq_no_label,S12000,97,67436,
label_test_2,a847cb67-3145-46d2-ba53-1a61bc09ebc0,hq_no_label,S10000,69,67436,
label_test_2,a847cb67-3145-46d2-ba53-1a61bc09ebc0,hq_no_label,S11300,98,67436,
label_test_2,a847cb67-3145-46d2-ba53-1a61bc09ebc0,hq_no_label,S9300,29,67436,
label_test_2,a847cb67-3145-46d2-ba53-1a61bc09ebc0,hq_no_label,S3500,15,67436,
label_test_2,a847cb67-3145-46d2-ba53-1a61bc09ebc0,hq_no_label,S10700,95,67436,
label_test_2,27346d2d-8bee-4638-9bd5-772b68bb526c,trening,S12000,94,47672,
label_test_2,27346d2d-8bee-4638-9bd5-772b68bb526c,trening,S10000,76,47672,
label_test_2,27346d2d-8bee-4638-9bd5-772b68bb526c,trening,S7000,35,47672,
label_test_2,27346d2d-8bee-4638-9bd5-772b68bb526c,trening,S10700,73,47672,
label_test_2,27346d2d-8bee-4638-9bd5-772b68bb526c,trening,S8700,50,47672,
label_test_2,27346d2d-8bee-4638-9bd5-772b68bb526c,trening,S3500,26,47672,
label_test_2,27346d2d-8bee-4638-9bd5-772b68bb526c,trening,reference,100,47672,
label_test_2,27346d2d-8bee-4638-9bd5-772b68bb526c,trening,S5500,36,47672,
label_test_2,27346d2d-8bee-4638-9bd5-772b68bb526c,trening,S8000,55,47672,
label_test_2,27346d2d-8bee-4638-9bd5-772b68bb526c,trening,S9300,59,47672,
label_test_2,27346d2d-8bee-4638-9bd5-772b68bb526c,trening,S11300,84,47672,
label_test_2,27346d2d-8bee-4638-9bd5-772b68bb526c,hq_no_label,S10700,94,80019,
label_test_2,27346d2d-8bee-4638-9bd5-772b68bb526c,hq_no_label,S9300,73,80019,
label_test_2,27346d2d-8bee-4638-9bd5-772b68bb526c,hq_no_label,S12000,100,80019,
label_test_2,27346d2d-8bee-4638-9bd5-772b68bb526c,hq_no_label,S8000,37,80019,
label_test_2,27346d2d-8bee-4638-9bd5-772b68bb526c,hq_no_label,reference,96,80019,
label_test_2,27346d2d-8bee-4638-9bd5-772b68bb526c,hq_no_label,S8700,19,80019,
label_test_2,27346d2d-8bee-4638-9bd5-772b68bb526c,hq_no_label,S10000,29,80019,
label_test_2,27346d2d-8bee-4638-9bd5-772b68bb526c,hq_no_label,S5500,7,80019,
label_test_2,27346d2d-8bee-4638-9bd5-772b68bb526c,hq_no_label,S11300,98,80019,
label_test_2,27346d2d-8bee-4638-9bd5-772b68bb526c,hq_no_label,S3500,11,80019,
label_test_2,27346d2d-8bee-4638-9bd5-772b68bb526c,hq_no_label,S7000,24,80019,
label_test_2,27346d2d-8bee-4638-9bd5-772b68bb526c,hq_no_label,S8700,79,80588,
label_test_2,27346d2d-8bee-4638-9bd5-772b68bb526c,hq_no_label,S3500,17,80588,
label_test_2,27346d2d-8bee-4638-9bd5-772b68bb526c,hq_no_label,S7000,20,80588,
label_test_2,27346d2d-8bee-4638-9bd5-772b68bb526c,hq_no_label,S10000,85,80588,
label_test_2,27346d2d-8bee-4638-9bd5-772b68bb526c,hq_no_label,reference,100,80588,
label_test_2,27346d2d-8bee-4638-9bd5-772b68bb526c,hq_no_label,S11300,97,80588,
label_test_2,27346d2d-8bee-4638-9bd5-772b68bb526c,hq_no_label,S8000,31,80588,
label_test_2,27346d2d-8bee-4638-9bd5-772b68bb526c,hq_no_label,S10700,70,80588,
label_test_2,27346d2d-8bee-4638-9bd5-772b68bb526c,hq_no_label,S5500,21,80588,
label_test_2,27346d2d-8bee-4638-9bd5-772b68bb526c,hq_no_label,S12000,99,80588,
label_test_2,27346d2d-8bee-4638-9bd5-772b68bb526c,hq_no_label,S9300,85,80588,
label_test_2,34baa9f6-e0b8-4ce8-9821-6b400e65a157,trening,reference,100,2208,
label_test_2,34baa9f6-e0b8-4ce8-9821-6b400e65a157,trening,S4500,100,2208,
label_test_2,34baa9f6-e0b8-4ce8-9821-6b400e65a157,trening,S5000,100,2208,
label_test_2,34baa9f6-e0b8-4ce8-9821-6b400e65a157,trening,S3500,100,2208,
label_test_2,34baa9f6-e0b8-4ce8-9821-6b400e65a157,trening,S5500,100,2208,
label_test_2,34baa9f6-e0b8-4ce8-9821-6b400e65a157,trening,S4000,100,2208,
label_test_2,34baa9f6-e0b8-4ce8-9821-6b400e65a157,trening,S8000,100,2208,
label_test_2,34baa9f6-e0b8-4ce8-9821-6b400e65a157,trening,S6500,100,2208,
label_test_2,34baa9f6-e0b8-4ce8-9821-6b400e65a157,trening,S7000,100,2208,
label_test_2,34baa9f6-e0b8-4ce8-9821-6b400e65a157,trening,S10000,100,2208,
label_test_2,34baa9f6-e0b8-4ce8-9821-6b400e65a157,trening,S6000,100,2208,
label_test_2,34baa9f6-e0b8-4ce8-9821-6b400e65a157,lq_no_label,S5000,100,393,
label_test_2,34baa9f6-e0b8-4ce8-9821-6b400e65a157,lq_no_label,S6500,100,393,
label_test_2,34baa9f6-e0b8-4ce8-9821-6b400e65a157,lq_no_label,S4500,100,393,
label_test_2,34baa9f6-e0b8-4ce8-9821-6b400e65a157,lq_no_label,S5500,100,393,
label_test_2,34baa9f6-e0b8-4ce8-9821-6b400e65a157,lq_no_label,S7000,100,393,
label_test_2,34baa9f6-e0b8-4ce8-9821-6b400e65a157,lq_no_label,S4000,100,393,
label_test_2,34baa9f6-e0b8-4ce8-9821-6b400e65a157,lq_no_label,S3500,100,393,
label_test_2,34baa9f6-e0b8-4ce8-9821-6b400e65a157,lq_no_label,S8000,100,393,
label_test_2,34baa9f6-e0b8-4ce8-9821-6b400e65a157,lq_no_label,S10000,100,393,
label_test_2,34baa9f6-e0b8-4ce8-9821-6b400e65a157,lq_no_label,S6000,100,393,
label_test_2,34baa9f6-e0b8-4ce8-9821-6b400e65a157,lq_no_label,reference,100,393,
label_test_2,34baa9f6-e0b8-4ce8-9821-6b400e65a157,lq_no_label,S8000,100,261,
label_test_2,34baa9f6-e0b8-4ce8-9821-6b400e65a157,lq_no_label,S5000,100,261,
label_test_2,34baa9f6-e0b8-4ce8-9821-6b400e65a157,lq_no_label,S10000,100,261,
label_test_2,34baa9f6-e0b8-4ce8-9821-6b400e65a157,lq_no_label,S4500,100,261,
label_test_2,34baa9f6-e0b8-4ce8-9821-6b400e65a157,lq_no_label,reference,100,261,
label_test_2,34baa9f6-e0b8-4ce8-9821-6b400e65a157,lq_no_label,S3500,100,261,
label_test_2,34baa9f6-e0b8-4ce8-9821-6b400e65a157,lq_no_label,S4000,100,261,
label_test_2,34baa9f6-e0b8-4ce8-9821-6b400e65a157,lq_no_label,S7000,100,261,
label_test_2,34baa9f6-e0b8-4ce8-9821-6b400e65a157,lq_no_label,S5500,100,261,
label_test_2,34baa9f6-e0b8-4ce8-9821-6b400e65a157,lq_no_label,S6000,100,261,
label_test_2,34baa9f6-e0b8-4ce8-9821-6b400e65a157,lq_no_label,S6500,100,261,
label_test_2,e61f43ce-f930-4509-bbfe-54e210b06a2f,trening,S10000,79,149610,
label_test_2,e61f43ce-f930-4509-bbfe-54e210b06a2f,trening,S5000,6,149610,
label_test_2,e61f43ce-f930-4509-bbfe-54e210b06a2f,trening,S3500,3,149610,
label_test_2,e61f43ce-f930-4509-bbfe-54e210b06a2f,trening,S6500,15,149610,
label_test_2,e61f43ce-f930-4509-bbfe-54e210b06a2f,trening,S7000,8,149610,
label_test_2,e61f43ce-f930-4509-bbfe-54e210b06a2f,trening,S4500,11,149610,
label_test_2,e61f43ce-f930-4509-bbfe-54e210b06a2f,trening,S6000,20,149610,
label_test_2,e61f43ce-f930-4509-bbfe-54e210b06a2f,trening,S8000,37,149610,
label_test_2,e61f43ce-f930-4509-bbfe-54e210b06a2f,trening,S5500,28,149610,
label_test_2,e61f43ce-f930-4509-bbfe-54e210b06a2f,trening,reference,100,149610,
label_test_2,e61f43ce-f930-4509-bbfe-54e210b06a2f,trening,S4000,27,149610,
label_test_2,e61f43ce-f930-4509-bbfe-54e210b06a2f,lq_no_label,S4000,10,85886,
label_test_2,e61f43ce-f930-4509-bbfe-54e210b06a2f,lq_no_label,S8000,11,85886,
label_test_2,e61f43ce-f930-4509-bbfe-54e210b06a2f,lq_no_label,S10000,68,85886,
label_test_2,e61f43ce-f930-4509-bbfe-54e210b06a2f,lq_no_label,S6000,24,85886,
label_test_2,e61f43ce-f930-4509-bbfe-54e210b06a2f,lq_no_label,S3500,11,85886,
label_test_2,e61f43ce-f930-4509-bbfe-54e210b06a2f,lq_no_label,S4500,26,85886,
label_test_2,e61f43ce-f930-4509-bbfe-54e210b06a2f,lq_no_label,S7000,42,85886,
label_test_2,e61f43ce-f930-4509-bbfe-54e210b06a2f,lq_no_label,S5500,100,85886,
label_test_2,e61f43ce-f930-4509-bbfe-54e210b06a2f,lq_no_label,S5000,100,85886,
label_test_2,e61f43ce-f930-4509-bbfe-54e210b06a2f,lq_no_label,reference,100,85886,
label_test_2,e61f43ce-f930-4509-bbfe-54e210b06a2f,lq_no_label,S6500,52,85886,
label_test_2,e61f43ce-f930-4509-bbfe-54e210b06a2f,lq_no_label,S4000,8,73533,
label_test_2,e61f43ce-f930-4509-bbfe-54e210b06a2f,lq_no_label,S5000,15,73533,
label_test_2,e61f43ce-f930-4509-bbfe-54e210b06a2f,lq_no_label,S7000,25,73533,
label_test_2,e61f43ce-f930-4509-bbfe-54e210b06a2f,lq_no_label,S5500,11,73533,
label_test_2,e61f43ce-f930-4509-bbfe-54e210b06a2f,lq_no_label,reference,100,73533,
label_test_2,e61f43ce-f930-4509-bbfe-54e210b06a2f,lq_no_label,S10000,37,73533,
label_test_2,e61f43ce-f930-4509-bbfe-54e210b06a2f,lq_no_label,S6500,24,73533,
label_test_2,e61f43ce-f930-4509-bbfe-54e210b06a2f,lq_no_label,S3500,7,73533,
label_test_2,e61f43ce-f930-4509-bbfe-54e210b06a2f,lq_no_label,S6000,21,73533,
label_test_2,e61f43ce-f930-4509-bbfe-54e210b06a2f,lq_no_label,S4500,13,73533,
label_test_2,e61f43ce-f930-4509-bbfe-54e210b06a2f,lq_no_label,S8000,32,73533,
label_test_2,75995b2a-9382-4ef1-9456-eb4a39acaa84,trening,S10000,60,187066,
label_test_2,75995b2a-9382-4ef1-9456-eb4a39acaa84,trening,reference,100,187066,
label_test_2,75995b2a-9382-4ef1-9456-eb4a39acaa84,trening,S5500,35,187066,
label_test_2,75995b2a-9382-4ef1-9456-eb4a39acaa84,trening,S8000,50,187066,
label_test_2,75995b2a-9382-4ef1-9456-eb4a39acaa84,trening,S6000,35,187066,
label_test_2,75995b2a-9382-4ef1-9456-eb4a39acaa84,trening,S4000,15,187066,
label_test_2,75995b2a-9382-4ef1-9456-eb4a39acaa84,trening,S5000,25,187066,
label_test_2,75995b2a-9382-4ef1-9456-eb4a39acaa84,trening,S7000,40,187066,
label_test_2,75995b2a-9382-4ef1-9456-eb4a39acaa84,trening,S4500,20,187066,
label_test_2,75995b2a-9382-4ef1-9456-eb4a39acaa84,trening,S3500,10,187066,
label_test_2,75995b2a-9382-4ef1-9456-eb4a39acaa84,trening,S6500,37,187066,
label_test_2,75995b2a-9382-4ef1-9456-eb4a39acaa84,lq_no_label,S5500,40,140146,
label_test_2,75995b2a-9382-4ef1-9456-eb4a39acaa84,lq_no_label,S7000,50,140146,
label_test_2,75995b2a-9382-4ef1-9456-eb4a39acaa84,lq_no_label,S10000,70,140146,
label_test_2,75995b2a-9382-4ef1-9456-eb4a39acaa84,lq_no_label,S4000,30,140146,
label_test_2,75995b2a-9382-4ef1-9456-eb4a39acaa84,lq_no_label,S5000,45,140146,
label_test_2,75995b2a-9382-4ef1-9456-eb4a39acaa84,lq_no_label,S3500,25,140146,
label_test_2,75995b2a-9382-4ef1-9456-eb4a39acaa84,lq_no_label,S6000,55,140146,
label_test_2,75995b2a-9382-4ef1-9456-eb4a39acaa84,lq_no_label,S4500,37,140146,
label_test_2,75995b2a-9382-4ef1-9456-eb4a39acaa84,lq_no_label,S8000,65,140146,
label_test_2,75995b2a-9382-4ef1-9456-eb4a39acaa84,lq_no_label,reference,100,140146,
label_test_2,75995b2a-9382-4ef1-9456-eb4a39acaa84,lq_no_label,S6500,60,140146,
label_test_2,75995b2a-9382-4ef1-9456-eb4a39acaa84,lq_no_label,S4000,30,165082,
label_test_2,75995b2a-9382-4ef1-9456-eb4a39acaa84,lq_no_label,S4500,35,165082,
label_test_2,75995b2a-9382-4ef1-9456-eb4a39acaa84,lq_no_label,S8000,55,165082,
label_test_2,75995b2a-9382-4ef1-9456-eb4a39acaa84,lq_no_label,S6500,45,165082,
label_test_2,75995b2a-9382-4ef1-9456-eb4a39acaa84,lq_no_label,reference,100,165082,
label_test_2,75995b2a-9382-4ef1-9456-eb4a39acaa84,lq_no_label,S10000,65,165082,
label_test_2,75995b2a-9382-4ef1-9456-eb4a39acaa84,lq_no_label,S5500,40,165082,
label_test_2,75995b2a-9382-4ef1-9456-eb4a39acaa84,lq_no_label,S5000,37,165082,
label_test_2,75995b2a-9382-4ef1-9456-eb4a39acaa84,lq_no_label,S7000,50,165082,
label_test_2,75995b2a-9382-4ef1-9456-eb4a39acaa84,lq_no_label,S3500,30,165082,
label_test_2,75995b2a-9382-4ef1-9456-eb4a39acaa84,lq_no_label,S6000,45,165082,
label_test_2,039845ea-ddda-423d-9600-936e6afc16cc,trening,S4500,32,372704,
label_test_2,039845ea-ddda-423d-9600-936e6afc16cc,trening,S10000,73,372704,
label_test_2,039845ea-ddda-423d-9600-936e6afc16cc,trening,S3500,39,372704,
label_test_2,039845ea-ddda-423d-9600-936e6afc16cc,trening,S8000,66,372704,
label_test_2,039845ea-ddda-423d-9600-936e6afc16cc,trening,S5000,46,372704,
label_test_2,039845ea-ddda-423d-9600-936e6afc16cc,trening,S6500,69,372704,
label_test_2,039845ea-ddda-423d-9600-936e6afc16cc,trening,reference,100,372704,
label_test_2,039845ea-ddda-423d-9600-936e6afc16cc,trening,S4000,21,372704,
label_test_2,039845ea-ddda-423d-9600-936e6afc16cc,trening,S7000,52,372704,
label_test_2,039845ea-ddda-423d-9600-936e6afc16cc,trening,S5500,51,372704,
label_test_2,039845ea-ddda-423d-9600-936e6afc16cc,trening,S6000,71,372704,
label_test_2,039845ea-ddda-423d-9600-936e6afc16cc,lq_no_label,S7000,52,95939,
label_test_2,039845ea-ddda-423d-9600-936e6afc16cc,lq_no_label,S3500,34,95939,
label_test_2,039845ea-ddda-423d-9600-936e6afc16cc,lq_no_label,S4500,28,95939,
label_test_2,039845ea-ddda-423d-9600-936e6afc16cc,lq_no_label,reference,100,95939,
label_test_2,039845ea-ddda-423d-9600-936e6afc16cc,lq_no_label,S4000,34,95939,
label_test_2,039845ea-ddda-423d-9600-936e6afc16cc,lq_no_label,S5500,53,95939,
label_test_2,039845ea-ddda-423d-9600-936e6afc16cc,lq_no_label,S5000,51,95939,
label_test_2,039845ea-ddda-423d-9600-936e6afc16cc,lq_no_label,S6000,60,95939,
label_test_2,039845ea-ddda-423d-9600-936e6afc16cc,lq_no_label,S8000,78,95939,
label_test_2,039845ea-ddda-423d-9600-936e6afc16cc,lq_no_label,S6500,59,95939,
label_test_2,039845ea-ddda-423d-9600-936e6afc16cc,lq_no_label,S10000,87,95939,
label_test_2,039845ea-ddda-423d-9600-936e6afc16cc,lq_no_label,reference,100,76901,
label_test_2,039845ea-ddda-423d-9600-936e6afc16cc,lq_no_label,S5000,29,76901,
label_test_2,039845ea-ddda-423d-9600-936e6afc16cc,lq_no_label,S6000,51,76901,
label_test_2,039845ea-ddda-423d-9600-936e6afc16cc,lq_no_label,S7000,72,76901,
label_test_2,039845ea-ddda-423d-9600-936e6afc16cc,lq_no_label,S3500,16,76901,
label_test_2,039845ea-ddda-423d-9600-936e6afc16cc,lq_no_label,S10000,74,76901,
label_test_2,039845ea-ddda-423d-9600-936e6afc16cc,lq_no_label,S4500,34,76901,
label_test_2,039845ea-ddda-423d-9600-936e6afc16cc,lq_no_label,S5500,45,76901,
label_test_2,039845ea-ddda-423d-9600-936e6afc16cc,lq_no_label,S4000,39,76901,
label_test_2,039845ea-ddda-423d-9600-936e6afc16cc,lq_no_label,S6500,61,76901,
label_test_2,039845ea-ddda-423d-9600-936e6afc16cc,lq_no_label,S8000,78,76901,
label_test_2,b25dd97b-6155-4bd6-a92b-3cf004d914c1,trening,S7000,49,292818,
label_test_2,b25dd97b-6155-4bd6-a92b-3cf004d914c1,trening,S6000,40,292818,
label_test_2,b25dd97b-6155-4bd6-a92b-3cf004d914c1,trening,S8000,61,292818,
label_test_2,b25dd97b-6155-4bd6-a92b-3cf004d914c1,trening,S4000,30,292818,
label_test_2,b25dd97b-6155-4bd6-a92b-3cf004d914c1,trening,reference,100,292818,
label_test_2,b25dd97b-6155-4bd6-a92b-3cf004d914c1,trening,S10000,81,292818,
label_test_2,b25dd97b-6155-4bd6-a92b-3cf004d914c1,trening,S4500,40,292818,
label_test_2,b25dd97b-6155-4bd6-a92b-3cf004d914c1,trening,S3500,33,292818,
label_test_2,b25dd97b-6155-4bd6-a92b-3cf004d914c1,trening,S5500,54,292818,
label_test_2,b25dd97b-6155-4bd6-a92b-3cf004d914c1,trening,S6500,65,292818,
label_test_2,b25dd97b-6155-4bd6-a92b-3cf004d914c1,trening,S5000,43,292818,
label_test_2,b25dd97b-6155-4bd6-a92b-3cf004d914c1,lq_no_label,S5000,51,119839,
label_test_2,b25dd97b-6155-4bd6-a92b-3cf004d914c1,lq_no_label,S4000,40,119839,
label_test_2,b25dd97b-6155-4bd6-a92b-3cf004d914c1,lq_no_label,S3500,32,119839,
label_test_2,b25dd97b-6155-4bd6-a92b-3cf004d914c1,lq_no_label,S6500,61,119839,
label_test_2,b25dd97b-6155-4bd6-a92b-3cf004d914c1,lq_no_label,S10000,86,119839,
label_test_2,b25dd97b-6155-4bd6-a92b-3cf004d914c1,lq_no_label,reference,100,119839,
label_test_2,b25dd97b-6155-4bd6-a92b-3cf004d914c1,lq_no_label,S7000,70,119839,
label_test_2,b25dd97b-6155-4bd6-a92b-3cf004d914c1,lq_no_label,S6000,61,119839,
label_test_2,b25dd97b-6155-4bd6-a92b-3cf004d914c1,lq_no_label,S4500,45,119839,
label_test_2,b25dd97b-6155-4bd6-a92b-3cf004d914c1,lq_no_label,S5500,69,119839,
label_test_2,b25dd97b-6155-4bd6-a92b-3cf004d914c1,lq_no_label,S8000,83,119839,
label_test_2,b25dd97b-6155-4bd6-a92b-3cf004d914c1,lq_no_label,S5000,55,107635,
label_test_2,b25dd97b-6155-4bd6-a92b-3cf004d914c1,lq_no_label,reference,100,107635,
label_test_2,b25dd97b-6155-4bd6-a92b-3cf004d914c1,lq_no_label,S10000,86,107635,
label_test_2,b25dd97b-6155-4bd6-a92b-3cf004d914c1,lq_no_label,S7000,66,107635,
label_test_2,b25dd97b-6155-4bd6-a92b-3cf004d914c1,lq_no_label,S6000,55,107635,
label_test_2,b25dd97b-6155-4bd6-a92b-3cf004d914c1,lq_no_label,S4000,44,107635,
label_test_2,b25dd97b-6155-4bd6-a92b-3cf004d914c1,lq_no_label,S4500,41,107635,
label_test_2,b25dd97b-6155-4bd6-a92b-3cf004d914c1,lq_no_label,S3500,48,107635,
label_test_2,b25dd97b-6155-4bd6-a92b-3cf004d914c1,lq_no_label,S5500,61,107635,
label_test_2,b25dd97b-6155-4bd6-a92b-3cf004d914c1,lq_no_label,S8000,76,107635,
label_test_2,b25dd97b-6155-4bd6-a92b-3cf004d914c1,lq_no_label,S6500,69,107635,
label_test_2,0eabae51-49bf-446f-8580-0f44203a3337,trening,S10000,83,157118,
label_test_2,0eabae51-49bf-446f-8580-0f44203a3337,trening,S4000,46,157118,
label_test_2,0eabae51-49bf-446f-8580-0f44203a3337,trening,S5000,28,157118,
label_test_2,0eabae51-49bf-446f-8580-0f44203a3337,trening,reference,100,157118,
label_test_2,0eabae51-49bf-446f-8580-0f44203a3337,trening,S3500,67,157118,
label_test_2,0eabae51-49bf-446f-8580-0f44203a3337,trening,S6000,43,157118,
label_test_2,0eabae51-49bf-446f-8580-0f44203a3337,trening,S7000,50,157118,
label_test_2,0eabae51-49bf-446f-8580-0f44203a3337,trening,S6500,61,157118,
label_test_2,0eabae51-49bf-446f-8580-0f44203a3337,trening,S4500,37,157118,
label_test_2,0eabae51-49bf-446f-8580-0f44203a3337,trening,S5500,48,157118,
label_test_2,0eabae51-49bf-446f-8580-0f44203a3337,trening,S8000,77,157118,
label_test_2,0eabae51-49bf-446f-8580-0f44203a3337,lq_no_label,S10000,87,68849,
label_test_2,0eabae51-49bf-446f-8580-0f44203a3337,lq_no_label,S3500,61,68849,
label_test_2,0eabae51-49bf-446f-8580-0f44203a3337,lq_no_label,reference,93,68849,
label_test_2,0eabae51-49bf-446f-8580-0f44203a3337,lq_no_label,S7000,41,68849,
label_test_2,0eabae51-49bf-446f-8580-0f44203a3337,lq_no_label,S8000,60,68849,
label_test_2,0eabae51-49bf-446f-8580-0f44203a3337,lq_no_label,S6000,62,68849,
label_test_2,0eabae51-49bf-446f-8580-0f44203a3337,lq_no_label,S5500,50,68849,
label_test_2,0eabae51-49bf-446f-8580-0f44203a3337,lq_no_label,S5000,37,68849,
label_test_2,0eabae51-49bf-446f-8580-0f44203a3337,lq_no_label,S4000,27,68849,
label_test_2,0eabae51-49bf-446f-8580-0f44203a3337,lq_no_label,S4500,20,68849,
label_test_2,0eabae51-49bf-446f-8580-0f44203a3337,lq_no_label,S6500,12,68849,
label_test_2,0eabae51-49bf-446f-8580-0f44203a3337,lq_no_label,S4500,73,75281,
label_test_2,0eabae51-49bf-446f-8580-0f44203a3337,lq_no_label,S5500,66,75281,
label_test_2,0eabae51-49bf-446f-8580-0f44203a3337,lq_no_label,S10000,94,75281,
label_test_2,0eabae51-49bf-446f-8580-0f44203a3337,lq_no_label,S7000,72,75281,
label_test_2,0eabae51-49bf-446f-8580-0f44203a3337,lq_no_label,S8000,83,75281,
label_test_2,0eabae51-49bf-446f-8580-0f44203a3337,lq_no_label,S5000,58,75281,
label_test_2,0eabae51-49bf-446f-8580-0f44203a3337,lq_no_label,S3500,35,75281,
label_test_2,0eabae51-49bf-446f-8580-0f44203a3337,lq_no_label,S6500,61,75281,
label_test_2,0eabae51-49bf-446f-8580-0f44203a3337,lq_no_label,S6000,50,75281,
label_test_2,0eabae51-49bf-446f-8580-0f44203a3337,lq_no_label,S4000,79,75281,
label_test_2,0eabae51-49bf-446f-8580-0f44203a3337,lq_no_label,reference,100,75281,
label_test_2,c255efae-32dd-43c4-a48a-41c1b76f6573,trening,S8000,78,194282,
label_test_2,c255efae-32dd-43c4-a48a-41c1b76f6573,trening,S4000,37,194282,
label_test_2,c255efae-32dd-43c4-a48a-41c1b76f6573,trening,S3500,24,194282,
label_test_2,c255efae-32dd-43c4-a48a-41c1b76f6573,trening,reference,100,194282,
label_test_2,c255efae-32dd-43c4-a48a-41c1b76f6573,trening,S6000,59,194282,
label_test_2,c255efae-32dd-43c4-a48a-41c1b76f6573,trening,S4500,41,194282,
label_test_2,c255efae-32dd-43c4-a48a-41c1b76f6573,trening,S7000,65,194282,
label_test_2,c255efae-32dd-43c4-a48a-41c1b76f6573,trening,S6500,57,194282,
label_test_2,c255efae-32dd-43c4-a48a-41c1b76f6573,trening,S10000,89,194282,
label_test_2,c255efae-32dd-43c4-a48a-41c1b76f6573,trening,S5000,45,194282,
label_test_2,c255efae-32dd-43c4-a48a-41c1b76f6573,trening,S5500,54,194282,
label_test_2,c255efae-32dd-43c4-a48a-41c1b76f6573,lq_no_label,S8000,100,2189,
label_test_2,c255efae-32dd-43c4-a48a-41c1b76f6573,lq_no_label,S5000,100,2189,
label_test_2,c255efae-32dd-43c4-a48a-41c1b76f6573,lq_no_label,S3500,100,2189,
label_test_2,c255efae-32dd-43c4-a48a-41c1b76f6573,lq_no_label,S7000,100,2189,
label_test_2,c255efae-32dd-43c4-a48a-41c1b76f6573,lq_no_label,S4500,100,2189,
label_test_2,c255efae-32dd-43c4-a48a-41c1b76f6573,lq_no_label,S10000,100,2189,
label_test_2,c255efae-32dd-43c4-a48a-41c1b76f6573,lq_no_label,S5500,100,2189,
label_test_2,c255efae-32dd-43c4-a48a-41c1b76f6573,lq_no_label,S6000,100,2189,
label_test_2,c255efae-32dd-43c4-a48a-41c1b76f6573,lq_no_label,S4000,100,2189,
label_test_2,c255efae-32dd-43c4-a48a-41c1b76f6573,lq_no_label,reference,100,2189,
label_test_2,c255efae-32dd-43c4-a48a-41c1b76f6573,lq_no_label,S6500,100,2189,
label_test_2,c255efae-32dd-43c4-a48a-41c1b76f6573,lq_no_label,S5500,53,120925,
label_test_2,c255efae-32dd-43c4-a48a-41c1b76f6573,lq_no_label,reference,100,120925,
label_test_2,c255efae-32dd-43c4-a48a-41c1b76f6573,lq_no_label,S3500,18,120925,
label_test_2,c255efae-32dd-43c4-a48a-41c1b76f6573,lq_no_label,S5000,33,120925,
label_test_2,c255efae-32dd-43c4-a48a-41c1b76f6573,lq_no_label,S6500,46,120925,
label_test_2,c255efae-32dd-43c4-a48a-41c1b76f6573,lq_no_label,S8000,80,120925,
label_test_2,c255efae-32dd-43c4-a48a-41c1b76f6573,lq_no_label,S7000,72,120925,
label_test_2,c255efae-32dd-43c4-a48a-41c1b76f6573,lq_no_label,S6000,61,120925,
label_test_2,c255efae-32dd-43c4-a48a-41c1b76f6573,lq_no_label,S10000,93,120925,
label_test_2,c255efae-32dd-43c4-a48a-41c1b76f6573,lq_no_label,S4000,30,120925,
label_test_2,c255efae-32dd-43c4-a48a-41c1b76f6573,lq_no_label,S4500,34,120925,
label_test_2,712e8180-d4f7-46bc-b31d-cf366fee8147,trening,S7000,20,137268,
label_test_2,712e8180-d4f7-46bc-b31d-cf366fee8147,trening,S10000,60,137268,
label_test_2,712e8180-d4f7-46bc-b31d-cf366fee8147,trening,S6000,10,137268,
label_test_2,712e8180-d4f7-46bc-b31d-cf366fee8147,trening,S5000,0,137268,
label_test_2,712e8180-d4f7-46bc-b31d-cf366fee8147,trening,S8000,81,137268,
label_test_2,712e8180-d4f7-46bc-b31d-cf366fee8147,trening,reference,100,137268,
label_test_2,712e8180-d4f7-46bc-b31d-cf366fee8147,trening,S4000,0,137268,
label_test_2,712e8180-d4f7-46bc-b31d-cf366fee8147,trening,S6500,21,137268,
label_test_2,712e8180-d4f7-46bc-b31d-cf366fee8147,trening,S5500,28,137268,
label_test_2,712e8180-d4f7-46bc-b31d-cf366fee8147,trening,S4500,5,137268,
label_test_2,712e8180-d4f7-46bc-b31d-cf366fee8147,trening,S3500,5,137268,
label_test_2,712e8180-d4f7-46bc-b31d-cf366fee8147,lq_no_label,S8000,60,77376,
label_test_2,712e8180-d4f7-46bc-b31d-cf366fee8147,lq_no_label,S6000,20,77376,
label_test_2,712e8180-d4f7-46bc-b31d-cf366fee8147,lq_no_label,S7000,40,77376,
label_test_2,712e8180-d4f7-46bc-b31d-cf366fee8147,lq_no_label,S4500,5,77376,
label_test_2,712e8180-d4f7-46bc-b31d-cf366fee8147,lq_no_label,reference,80,77376,
label_test_2,712e8180-d4f7-46bc-b31d-cf366fee8147,lq_no_label,S10000,10,77376,
label_test_2,712e8180-d4f7-46bc-b31d-cf366fee8147,lq_no_label,S6500,11,77376,
label_test_2,712e8180-d4f7-46bc-b31d-cf366fee8147,lq_no_label,S3500,0,77376,
label_test_2,712e8180-d4f7-46bc-b31d-cf366fee8147,lq_no_label,S4000,10,77376,
label_test_2,712e8180-d4f7-46bc-b31d-cf366fee8147,lq_no_label,S5000,40,77376,
label_test_2,712e8180-d4f7-46bc-b31d-cf366fee8147,lq_no_label,S5500,61,77376,
label_test_2,712e8180-d4f7-46bc-b31d-cf366fee8147,lq_no_label,S4500,5,69748,
label_test_2,712e8180-d4f7-46bc-b31d-cf366fee8147,lq_no_label,S5500,20,69748,
label_test_2,712e8180-d4f7-46bc-b31d-cf366fee8147,lq_no_label,reference,100,69748,
label_test_2,712e8180-d4f7-46bc-b31d-cf366fee8147,lq_no_label,S8000,50,69748,
label_test_2,712e8180-d4f7-46bc-b31d-cf366fee8147,lq_no_label,S5000,11,69748,
label_test_2,712e8180-d4f7-46bc-b31d-cf366fee8147,lq_no_label,S6000,30,69748,
label_test_2,712e8180-d4f7-46bc-b31d-cf366fee8147,lq_no_label,S4000,0,69748,
label_test_2,712e8180-d4f7-46bc-b31d-cf366fee8147,lq_no_label,S7000,60,69748,
label_test_2,712e8180-d4f7-46bc-b31d-cf366fee8147,lq_no_label,S10000,100,69748,
label_test_2,712e8180-d4f7-46bc-b31d-cf366fee8147,lq_no_label,S6500,60,69748,
label_test_2,712e8180-d4f7-46bc-b31d-cf366fee8147,lq_no_label,S3500,0,69748,
label_test_2,d1dc72d7-1046-4f04-9fdd-513ae2404e24,trening,S4000,53,199737,
label_test_2,d1dc72d7-1046-4f04-9fdd-513ae2404e24,trening,S4500,62,199737,
label_test_2,d1dc72d7-1046-4f04-9fdd-513ae2404e24,trening,S5000,62,199737,
label_test_2,d1dc72d7-1046-4f04-9fdd-513ae2404e24,trening,S5500,69,199737,
label_test_2,d1dc72d7-1046-4f04-9fdd-513ae2404e24,trening,S3500,40,199737,
label_test_2,d1dc72d7-1046-4f04-9fdd-513ae2404e24,trening,S10000,75,199737,
label_test_2,d1dc72d7-1046-4f04-9fdd-513ae2404e24,trening,S7000,52,199737,
label_test_2,d1dc72d7-1046-4f04-9fdd-513ae2404e24,trening,S6000,78,199737,
label_test_2,d1dc72d7-1046-4f04-9fdd-513ae2404e24,trening,S8000,81,199737,
label_test_2,d1dc72d7-1046-4f04-9fdd-513ae2404e24,trening,S6500,79,199737,
label_test_2,d1dc72d7-1046-4f04-9fdd-513ae2404e24,trening,reference,100,199737,
label_test_2,d1dc72d7-1046-4f04-9fdd-513ae2404e24,lq_no_label,S4500,57,68240,
label_test_2,d1dc72d7-1046-4f04-9fdd-513ae2404e24,lq_no_label,S10000,88,68240,
label_test_2,d1dc72d7-1046-4f04-9fdd-513ae2404e24,lq_no_label,S3500,50,68240,
label_test_2,d1dc72d7-1046-4f04-9fdd-513ae2404e24,lq_no_label,S8000,100,68240,
label_test_2,d1dc72d7-1046-4f04-9fdd-513ae2404e24,lq_no_label,S5000,76,68240,
label_test_2,d1dc72d7-1046-4f04-9fdd-513ae2404e24,lq_no_label,S5500,84,68240,
label_test_2,d1dc72d7-1046-4f04-9fdd-513ae2404e24,lq_no_label,S6500,61,68240,
label_test_2,d1dc72d7-1046-4f04-9fdd-513ae2404e24,lq_no_label,S4000,56,68240,
label_test_2,d1dc72d7-1046-4f04-9fdd-513ae2404e24,lq_no_label,S6000,70,68240,
label_test_2,d1dc72d7-1046-4f04-9fdd-513ae2404e24,lq_no_label,reference,100,68240,
label_test_2,d1dc72d7-1046-4f04-9fdd-513ae2404e24,lq_no_label,S7000,64,68240,
label_test_2,d1dc72d7-1046-4f04-9fdd-513ae2404e24,lq_no_label,S6000,60,40858,
label_test_2,d1dc72d7-1046-4f04-9fdd-513ae2404e24,lq_no_label,S5000,50,40858,
label_test_2,d1dc72d7-1046-4f04-9fdd-513ae2404e24,lq_no_label,reference,100,40858,
label_test_2,d1dc72d7-1046-4f04-9fdd-513ae2404e24,lq_no_label,S3500,49,40858,
label_test_2,d1dc72d7-1046-4f04-9fdd-513ae2404e24,lq_no_label,S4000,61,40858,
label_test_2,d1dc72d7-1046-4f04-9fdd-513ae2404e24,lq_no_label,S4500,55,40858,
label_test_2,d1dc72d7-1046-4f04-9fdd-513ae2404e24,lq_no_label,S8000,75,40858,
label_test_2,d1dc72d7-1046-4f04-9fdd-513ae2404e24,lq_no_label,S6500,100,40858,
label_test_2,d1dc72d7-1046-4f04-9fdd-513ae2404e24,lq_no_label,S5500,55,40858,
label_test_2,d1dc72d7-1046-4f04-9fdd-513ae2404e24,lq_no_label,S7000,84,40858,
label_test_2,d1dc72d7-1046-4f04-9fdd-513ae2404e24,lq_no_label,S10000,100,40858,
label_test_2,0dade282-e3b8-4858-abb0-209b6f762c2d,trening,S7000,13,105304,
label_test_2,0dade282-e3b8-4858-abb0-209b6f762c2d,trening,S8000,27,105304,
label_test_2,0dade282-e3b8-4858-abb0-209b6f762c2d,trening,S10000,76,105304,
label_test_2,0dade282-e3b8-4858-abb0-209b6f762c2d,trening,reference,100,105304,
label_test_2,0dade282-e3b8-4858-abb0-209b6f762c2d,trening,S6000,9,105304,
label_test_2,0dade282-e3b8-4858-abb0-209b6f762c2d,trening,S5500,11,105304,
label_test_2,0dade282-e3b8-4858-abb0-209b6f762c2d,trening,S4500,0,105304,
label_test_2,0dade282-e3b8-4858-abb0-209b6f762c2d,trening,S5000,1,105304,
label_test_2,0dade282-e3b8-4858-abb0-209b6f762c2d,trening,S3500,0,105304,
label_test_2,0dade282-e3b8-4858-abb0-209b6f762c2d,trening,S4000,1,105304,
label_test_2,0dade282-e3b8-4858-abb0-209b6f762c2d,trening,S6500,17,105304,
label_test_2,0dade282-e3b8-4858-abb0-209b6f762c2d,lq_no_label,S4500,35,112320,
label_test_2,0dade282-e3b8-4858-abb0-209b6f762c2d,lq_no_label,S5000,21,112320,
label_test_2,0dade282-e3b8-4858-abb0-209b6f762c2d,lq_no_label,S8000,68,112320,
label_test_2,0dade282-e3b8-4858-abb0-209b6f762c2d,lq_no_label,reference,100,112320,
label_test_2,0dade282-e3b8-4858-abb0-209b6f762c2d,lq_no_label,S4000,53,112320,
label_test_2,0dade282-e3b8-4858-abb0-209b6f762c2d,lq_no_label,S6500,48,112320,
label_test_2,0dade282-e3b8-4858-abb0-209b6f762c2d,lq_no_label,S7000,49,112320,
label_test_2,0dade282-e3b8-4858-abb0-209b6f762c2d,lq_no_label,S10000,69,112320,
label_test_2,0dade282-e3b8-4858-abb0-209b6f762c2d,lq_no_label,S3500,0,112320,
label_test_2,0dade282-e3b8-4858-abb0-209b6f762c2d,lq_no_label,S6000,43,112320,
label_test_2,0dade282-e3b8-4858-abb0-209b6f762c2d,lq_no_label,S5500,44,112320,
label_test_2,0dade282-e3b8-4858-abb0-209b6f762c2d,lq_no_label,S5000,57,116501,
label_test_2,0dade282-e3b8-4858-abb0-209b6f762c2d,lq_no_label,S6500,63,116501,
label_test_2,0dade282-e3b8-4858-abb0-209b6f762c2d,lq_no_label,S4000,10,116501,
label_test_2,0dade282-e3b8-4858-abb0-209b6f762c2d,lq_no_label,S5500,45,116501,
label_test_2,0dade282-e3b8-4858-abb0-209b6f762c2d,lq_no_label,S3500,0,116501,
label_test_2,0dade282-e3b8-4858-abb0-209b6f762c2d,lq_no_label,reference,100,116501,
label_test_2,0dade282-e3b8-4858-abb0-209b6f762c2d,lq_no_label,S10000,63,116501,
label_test_2,0dade282-e3b8-4858-abb0-209b6f762c2d,lq_no_label,S8000,61,116501,
label_test_2,0dade282-e3b8-4858-abb0-209b6f762c2d,lq_no_label,S6000,42,116501,
label_test_2,0dade282-e3b8-4858-abb0-209b6f762c2d,lq_no_label,S4500,24,116501,
label_test_2,0dade282-e3b8-4858-abb0-209b6f762c2d,lq_no_label,S7000,47,116501,
label_test_2,fc0c08c6-91c7-4203-84c2-90a2d57c2323,trening,S3500,0,21431,
label_test_2,fc0c08c6-91c7-4203-84c2-90a2d57c2323,trening,S8000,100,21431,
label_test_2,fc0c08c6-91c7-4203-84c2-90a2d57c2323,trening,S4500,100,21431,
label_test_2,fc0c08c6-91c7-4203-84c2-90a2d57c2323,trening,S4000,100,21431,
label_test_2,fc0c08c6-91c7-4203-84c2-90a2d57c2323,trening,S5500,100,21431,
label_test_2,fc0c08c6-91c7-4203-84c2-90a2d57c2323,trening,S6000,100,21431,
label_test_2,fc0c08c6-91c7-4203-84c2-90a2d57c2323,trening,S7000,100,21431,
label_test_2,fc0c08c6-91c7-4203-84c2-90a2d57c2323,trening,S5000,100,21431,
label_test_2,fc0c08c6-91c7-4203-84c2-90a2d57c2323,trening,reference,100,21431,
label_test_2,fc0c08c6-91c7-4203-84c2-90a2d57c2323,trening,S10000,100,21431,
label_test_2,fc0c08c6-91c7-4203-84c2-90a2d57c2323,trening,S6500,100,21431,
label_test_2,fc0c08c6-91c7-4203-84c2-90a2d57c2323,lq_no_label,S3500,0,184266,
label_test_2,fc0c08c6-91c7-4203-84c2-90a2d57c2323,lq_no_label,S8000,78,184266,
label_test_2,fc0c08c6-91c7-4203-84c2-90a2d57c2323,lq_no_label,S5000,24,184266,
label_test_2,fc0c08c6-91c7-4203-84c2-90a2d57c2323,lq_no_label,S6500,55,184266,
label_test_2,fc0c08c6-91c7-4203-84c2-90a2d57c2323,lq_no_label,S4500,24,184266,
label_test_2,fc0c08c6-91c7-4203-84c2-90a2d57c2323,lq_no_label,S4000,11,184266,
label_test_2,fc0c08c6-91c7-4203-84c2-90a2d57c2323,lq_no_label,reference,93,184266,
label_test_2,fc0c08c6-91c7-4203-84c2-90a2d57c2323,lq_no_label,S5500,63,184266,
label_test_2,fc0c08c6-91c7-4203-84c2-90a2d57c2323,lq_no_label,S10000,100,184266,
label_test_2,fc0c08c6-91c7-4203-84c2-90a2d57c2323,lq_no_label,S7000,86,184266,
label_test_2,fc0c08c6-91c7-4203-84c2-90a2d57c2323,lq_no_label,S6000,38,184266,
label_test_2,fc0c08c6-91c7-4203-84c2-90a2d57c2323,lq_no_label,S7000,80,173345,
label_test_2,fc0c08c6-91c7-4203-84c2-90a2d57c2323,lq_no_label,S4000,17,173345,
label_test_2,fc0c08c6-91c7-4203-84c2-90a2d57c2323,lq_no_label,S8000,100,173345,
label_test_2,fc0c08c6-91c7-4203-84c2-90a2d57c2323,lq_no_label,S10000,100,173345,
label_test_2,fc0c08c6-91c7-4203-84c2-90a2d57c2323,lq_no_label,S3500,23,173345,
label_test_2,fc0c08c6-91c7-4203-84c2-90a2d57c2323,lq_no_label,S5000,21,173345,
label_test_2,fc0c08c6-91c7-4203-84c2-90a2d57c2323,lq_no_label,reference,100,173345,
label_test_2,fc0c08c6-91c7-4203-84c2-90a2d57c2323,lq_no_label,S5500,43,173345,
label_test_2,fc0c08c6-91c7-4203-84c2-90a2d57c2323,lq_no_label,S6000,45,173345,
label_test_2,fc0c08c6-91c7-4203-84c2-90a2d57c2323,lq_no_label,S4500,24,173345,
label_test_2,fc0c08c6-91c7-4203-84c2-90a2d57c2323,lq_no_label,S6500,61,173345,
label_test_2,85821b79-db30-4da2-a3ec-24d5517229e1,trening,S5500,81,92339,
label_test_2,85821b79-db30-4da2-a3ec-24d5517229e1,trening,S4000,61,92339,
label_test_2,85821b79-db30-4da2-a3ec-24d5517229e1,trening,reference,100,92339,
label_test_2,85821b79-db30-4da2-a3ec-24d5517229e1,trening,S4500,41,92339,
label_test_2,85821b79-db30-4da2-a3ec-24d5517229e1,trening,S10000,100,92339,
label_test_2,85821b79-db30-4da2-a3ec-24d5517229e1,trening,S6500,39,92339,
label_test_2,85821b79-db30-4da2-a3ec-24d5517229e1,trening,S3500,23,92339,
label_test_2,85821b79-db30-4da2-a3ec-24d5517229e1,trening,S8000,63,92339,
label_test_2,85821b79-db30-4da2-a3ec-24d5517229e1,trening,S7000,62,92339,
label_test_2,85821b79-db30-4da2-a3ec-24d5517229e1,trening,S5000,39,92339,
label_test_2,85821b79-db30-4da2-a3ec-24d5517229e1,trening,S6000,40,92339,
label_test_2,85821b79-db30-4da2-a3ec-24d5517229e1,lq_no_label,S4000,23,113044,
label_test_2,85821b79-db30-4da2-a3ec-24d5517229e1,lq_no_label,reference,100,113044,
label_test_2,85821b79-db30-4da2-a3ec-24d5517229e1,lq_no_label,S5000,41,113044,
label_test_2,85821b79-db30-4da2-a3ec-24d5517229e1,lq_no_label,S8000,63,113044,
label_test_2,85821b79-db30-4da2-a3ec-24d5517229e1,lq_no_label,S10000,83,113044,
label_test_2,85821b79-db30-4da2-a3ec-24d5517229e1,lq_no_label,S5500,24,113044,
label_test_2,85821b79-db30-4da2-a3ec-24d5517229e1,lq_no_label,S4500,65,113044,
label_test_2,85821b79-db30-4da2-a3ec-24d5517229e1,lq_no_label,S6500,83,113044,
label_test_2,85821b79-db30-4da2-a3ec-24d5517229e1,lq_no_label,S7000,60,113044,
label_test_2,85821b79-db30-4da2-a3ec-24d5517229e1,lq_no_label,S3500,41,113044,
label_test_2,85821b79-db30-4da2-a3ec-24d5517229e1,lq_no_label,S6000,24,113044,
label_test_2,85821b79-db30-4da2-a3ec-24d5517229e1,lq_no_label,S7000,44,66545,
label_test_2,85821b79-db30-4da2-a3ec-24d5517229e1,lq_no_label,S10000,83,66545,
label_test_2,85821b79-db30-4da2-a3ec-24d5517229e1,lq_no_label,S6000,41,66545,
label_test_2,85821b79-db30-4da2-a3ec-24d5517229e1,lq_no_label,reference,100,66545,
label_test_2,85821b79-db30-4da2-a3ec-24d5517229e1,lq_no_label,S6500,64,66545,
label_test_2,85821b79-db30-4da2-a3ec-24d5517229e1,lq_no_label,S4500,27,66545,
label_test_2,85821b79-db30-4da2-a3ec-24d5517229e1,lq_no_label,S8000,79,66545,
label_test_2,85821b79-db30-4da2-a3ec-24d5517229e1,lq_no_label,S5000,63,66545,
label_test_2,85821b79-db30-4da2-a3ec-24d5517229e1,lq_no_label,S4000,60,66545,
label_test_2,85821b79-db30-4da2-a3ec-24d5517229e1,lq_no_label,S5500,59,66545,
label_test_2,85821b79-db30-4da2-a3ec-24d5517229e1,lq_no_label,S3500,40,66545,
label_test_2,0eb65ce3-234f-4041-8079-36825255b5d9,trening,S7000,39,46107,
label_test_2,0eb65ce3-234f-4041-8079-36825255b5d9,trening,S8000,47,46107,
label_test_2,0eb65ce3-234f-4041-8079-36825255b5d9,trening,S3500,24,46107,
label_test_2,0eb65ce3-234f-4041-8079-36825255b5d9,trening,S4000,54,46107,
label_test_2,0eb65ce3-234f-4041-8079-36825255b5d9,trening,S10000,87,46107,
label_test_2,0eb65ce3-234f-4041-8079-36825255b5d9,trening,S6000,19,46107,
label_test_2,0eb65ce3-234f-4041-8079-36825255b5d9,trening,S4500,9,46107,
label_test_2,0eb65ce3-234f-4041-8079-36825255b5d9,trening,S6500,36,46107,
label_test_2,0eb65ce3-234f-4041-8079-36825255b5d9,trening,S5500,50,46107,
label_test_2,0eb65ce3-234f-4041-8079-36825255b5d9,trening,reference,100,46107,
label_test_2,0eb65ce3-234f-4041-8079-36825255b5d9,trening,S5000,48,46107,
label_test_2,0eb65ce3-234f-4041-8079-36825255b5d9,lq_no_label,S6000,79,43428,
label_test_2,0eb65ce3-234f-4041-8079-36825255b5d9,lq_no_label,S4500,27,43428,
label_test_2,0eb65ce3-234f-4041-8079-36825255b5d9,lq_no_label,S5500,35,43428,
label_test_2,0eb65ce3-234f-4041-8079-36825255b5d9,lq_no_label,S3500,5,43428,
label_test_2,0eb65ce3-234f-4041-8079-36825255b5d9,lq_no_label,S5000,47,43428,
label_test_2,0eb65ce3-234f-4041-8079-36825255b5d9,lq_no_label,S10000,84,43428,
label_test_2,0eb65ce3-234f-4041-8079-36825255b5d9,lq_no_label,S8000,45,43428,
label_test_2,0eb65ce3-234f-4041-8079-36825255b5d9,lq_no_label,S4000,31,43428,
label_test_2,0eb65ce3-234f-4041-8079-36825255b5d9,lq_no_label,S7000,51,43428,
label_test_2,0eb65ce3-234f-4041-8079-36825255b5d9,lq_no_label,reference,100,43428,
label_test_2,0eb65ce3-234f-4041-8079-36825255b5d9,lq_no_label,S6500,61,43428,
label_test_2,0eb65ce3-234f-4041-8079-36825255b5d9,lq_no_label,S7000,35,38967,
label_test_2,0eb65ce3-234f-4041-8079-36825255b5d9,lq_no_label,S6500,42,38967,
label_test_2,0eb65ce3-234f-4041-8079-36825255b5d9,lq_no_label,S8000,56,38967,
label_test_2,0eb65ce3-234f-4041-8079-36825255b5d9,lq_no_label,S4000,11,38967,
label_test_2,0eb65ce3-234f-4041-8079-36825255b5d9,lq_no_label,S4500,33,38967,
label_test_2,0eb65ce3-234f-4041-8079-36825255b5d9,lq_no_label,S5000,49,38967,
label_test_2,0eb65ce3-234f-4041-8079-36825255b5d9,lq_no_label,S5500,44,38967,
label_test_2,0eb65ce3-234f-4041-8079-36825255b5d9,lq_no_label,S3500,5,38967,
label_test_2,0eb65ce3-234f-4041-8079-36825255b5d9,lq_no_label,S10000,72,38967,
label_test_2,0eb65ce3-234f-4041-8079-36825255b5d9,lq_no_label,reference,100,38967,
label_test_2,0eb65ce3-234f-4041-8079-36825255b5d9,lq_no_label,S6000,63,38967,
label_test_2,73744e8c-38a3-49d8-b1ac-da645060e8c9,trening,S6500,26,37768,
label_test_2,73744e8c-38a3-49d8-b1ac-da645060e8c9,trening,S3500,14,37768,
label_test_2,73744e8c-38a3-49d8-b1ac-da645060e8c9,trening,S4500,17,37768,
label_test_2,73744e8c-38a3-49d8-b1ac-da645060e8c9,trening,S7000,28,37768,
label_test_2,73744e8c-38a3-49d8-b1ac-da645060e8c9,trening,S4000,14,37768,
label_test_2,73744e8c-38a3-49d8-b1ac-da645060e8c9,trening,S5000,39,37768,
label_test_2,73744e8c-38a3-49d8-b1ac-da645060e8c9,trening,reference,100,37768,
label_test_2,73744e8c-38a3-49d8-b1ac-da645060e8c9,trening,S6000,53,37768,
label_test_2,73744e8c-38a3-49d8-b1ac-da645060e8c9,trening,S10000,87,37768,
label_test_2,73744e8c-38a3-49d8-b1ac-da645060e8c9,trening,S8000,78,37768,
label_test_2,73744e8c-38a3-49d8-b1ac-da645060e8c9,trening,S5500,58,37768,
label_test_2,73744e8c-38a3-49d8-b1ac-da645060e8c9,lq_no_label,S5500,35,57748,
label_test_2,73744e8c-38a3-49d8-b1ac-da645060e8c9,lq_no_label,S3500,15,57748,
label_test_2,73744e8c-38a3-49d8-b1ac-da645060e8c9,lq_no_label,S4500,20,57748,
label_test_2,73744e8c-38a3-49d8-b1ac-da645060e8c9,lq_no_label,S8000,77,57748,
label_test_2,73744e8c-38a3-49d8-b1ac-da645060e8c9,lq_no_label,S5000,39,57748,
label_test_2,73744e8c-38a3-49d8-b1ac-da645060e8c9,lq_no_label,reference,100,57748,
label_test_2,73744e8c-38a3-49d8-b1ac-da645060e8c9,lq_no_label,S6000,90,57748,
label_test_2,73744e8c-38a3-49d8-b1ac-da645060e8c9,lq_no_label,S10000,93,57748,
label_test_2,73744e8c-38a3-49d8-b1ac-da645060e8c9,lq_no_label,S4000,41,57748,
label_test_2,73744e8c-38a3-49d8-b1ac-da645060e8c9,lq_no_label,S7000,53,57748,
label_test_2,73744e8c-38a3-49d8-b1ac-da645060e8c9,lq_no_label,S6500,73,57748,
label_test_2,73744e8c-38a3-49d8-b1ac-da645060e8c9,lq_no_label,S5500,39,42171,
label_test_2,73744e8c-38a3-49d8-b1ac-da645060e8c9,lq_no_label,S4000,13,42171,
label_test_2,73744e8c-38a3-49d8-b1ac-da645060e8c9,lq_no_label,reference,100,42171,
label_test_2,73744e8c-38a3-49d8-b1ac-da645060e8c9,lq_no_label,S3500,47,42171,
label_test_2,73744e8c-38a3-49d8-b1ac-da645060e8c9,lq_no_label,S6500,52,42171,
label_test_2,73744e8c-38a3-49d8-b1ac-da645060e8c9,lq_no_label,S6000,74,42171,
label_test_2,73744e8c-38a3-49d8-b1ac-da645060e8c9,lq_no_label,S5000,35,42171,
label_test_2,73744e8c-38a3-49d8-b1ac-da645060e8c9,lq_no_label,S8000,79,42171,
label_test_2,73744e8c-38a3-49d8-b1ac-da645060e8c9,lq_no_label,S4500,21,42171,
label_test_2,73744e8c-38a3-49d8-b1ac-da645060e8c9,lq_no_label,S10000,89,42171,
label_test_2,73744e8c-38a3-49d8-b1ac-da645060e8c9,lq_no_label,S7000,72,42171,
label_test_2,fb4028f5-238d-4e15-89c2-cb3539da3ca2,trening,reference,100,70072,
label_test_2,fb4028f5-238d-4e15-89c2-cb3539da3ca2,trening,S4000,35,70072,
label_test_2,fb4028f5-238d-4e15-89c2-cb3539da3ca2,trening,S4500,37,70072,
label_test_2,fb4028f5-238d-4e15-89c2-cb3539da3ca2,trening,S3500,32,70072,
label_test_2,fb4028f5-238d-4e15-89c2-cb3539da3ca2,trening,S6500,75,70072,
label_test_2,fb4028f5-238d-4e15-89c2-cb3539da3ca2,trening,S10000,88,70072,
label_test_2,fb4028f5-238d-4e15-89c2-cb3539da3ca2,trening,S6000,41,70072,
label_test_2,fb4028f5-238d-4e15-89c2-cb3539da3ca2,trening,S8000,54,70072,
label_test_2,fb4028f5-238d-4e15-89c2-cb3539da3ca2,trening,S5500,29,70072,
label_test_2,fb4028f5-238d-4e15-89c2-cb3539da3ca2,trening,S5000,37,70072,
label_test_2,fb4028f5-238d-4e15-89c2-cb3539da3ca2,trening,S7000,48,70072,
label_test_2,fb4028f5-238d-4e15-89c2-cb3539da3ca2,lq_no_label,S10000,89,57100,
label_test_2,fb4028f5-238d-4e15-89c2-cb3539da3ca2,lq_no_label,S5000,9,57100,
label_test_2,fb4028f5-238d-4e15-89c2-cb3539da3ca2,lq_no_label,S8000,31,57100,
label_test_2,fb4028f5-238d-4e15-89c2-cb3539da3ca2,lq_no_label,S6000,20,57100,
label_test_2,fb4028f5-238d-4e15-89c2-cb3539da3ca2,lq_no_label,S5500,17,57100,
label_test_2,fb4028f5-238d-4e15-89c2-cb3539da3ca2,lq_no_label,S4500,4,57100,
label_test_2,fb4028f5-238d-4e15-89c2-cb3539da3ca2,lq_no_label,S3500,0,57100,
label_test_2,fb4028f5-238d-4e15-89c2-cb3539da3ca2,lq_no_label,S7000,71,57100,
label_test_2,fb4028f5-238d-4e15-89c2-cb3539da3ca2,lq_no_label,S6500,51,57100,
label_test_2,fb4028f5-238d-4e15-89c2-cb3539da3ca2,lq_no_label,reference,100,57100,
label_test_2,fb4028f5-238d-4e15-89c2-cb3539da3ca2,lq_no_label,S4000,10,57100,
label_test_2,fb4028f5-238d-4e15-89c2-cb3539da3ca2,lq_no_label,S6500,55,59346,
label_test_2,fb4028f5-238d-4e15-89c2-cb3539da3ca2,lq_no_label,S3500,11,59346,
label_test_2,fb4028f5-238d-4e15-89c2-cb3539da3ca2,lq_no_label,S8000,30,59346,
label_test_2,fb4028f5-238d-4e15-89c2-cb3539da3ca2,lq_no_label,S7000,29,59346,
label_test_2,fb4028f5-238d-4e15-89c2-cb3539da3ca2,lq_no_label,S10000,94,59346,
label_test_2,fb4028f5-238d-4e15-89c2-cb3539da3ca2,lq_no_label,reference,100,59346,
label_test_2,fb4028f5-238d-4e15-89c2-cb3539da3ca2,lq_no_label,S5500,4,59346,
label_test_2,fb4028f5-238d-4e15-89c2-cb3539da3ca2,lq_no_label,S4000,0,59346,
label_test_2,fb4028f5-238d-4e15-89c2-cb3539da3ca2,lq_no_label,S5000,3,59346,
label_test_2,fb4028f5-238d-4e15-89c2-cb3539da3ca2,lq_no_label,S4500,7,59346,
label_test_2,fb4028f5-238d-4e15-89c2-cb3539da3ca2,lq_no_label,S6000,48,59346,
label_test_2,2e70979d-86a8-47e7-b57d-b253e055d2fc,trening,S7000,39,333823,
label_test_2,2e70979d-86a8-47e7-b57d-b253e055d2fc,trening,S8000,10,333823,
label_test_2,2e70979d-86a8-47e7-b57d-b253e055d2fc,trening,S4500,7,333823,
label_test_2,2e70979d-86a8-47e7-b57d-b253e055d2fc,trening,S5500,30,333823,
label_test_2,2e70979d-86a8-47e7-b57d-b253e055d2fc,trening,reference,100,333823,
label_test_2,2e70979d-86a8-47e7-b57d-b253e055d2fc,trening,S3500,0,333823,
label_test_2,2e70979d-86a8-47e7-b57d-b253e055d2fc,trening,S5000,15,333823,
label_test_2,2e70979d-86a8-47e7-b57d-b253e055d2fc,trening,S6000,50,333823,
label_test_2,2e70979d-86a8-47e7-b57d-b253e055d2fc,trening,S4000,10,333823,
label_test_2,2e70979d-86a8-47e7-b57d-b253e055d2fc,trening,S6500,71,333823,
label_test_2,2e70979d-86a8-47e7-b57d-b253e055d2fc,trening,S10000,33,333823,
label_test_2,2e70979d-86a8-47e7-b57d-b253e055d2fc,lq_no_label,S6000,41,118196,
label_test_2,2e70979d-86a8-47e7-b57d-b253e055d2fc,lq_no_label,S4000,6,118196,
label_test_2,2e70979d-86a8-47e7-b57d-b253e055d2fc,lq_no_label,S6500,45,118196,
label_test_2,2e70979d-86a8-47e7-b57d-b253e055d2fc,lq_no_label,S7000,78,118196,
label_test_2,2e70979d-86a8-47e7-b57d-b253e055d2fc,lq_no_label,reference,100,118196,
label_test_2,2e70979d-86a8-47e7-b57d-b253e055d2fc,lq_no_label,S10000,13,118196,
label_test_2,2e70979d-86a8-47e7-b57d-b253e055d2fc,lq_no_label,S8000,56,118196,
label_test_2,2e70979d-86a8-47e7-b57d-b253e055d2fc,lq_no_label,S4500,17,118196,
label_test_2,2e70979d-86a8-47e7-b57d-b253e055d2fc,lq_no_label,S5500,34,118196,
label_test_2,2e70979d-86a8-47e7-b57d-b253e055d2fc,lq_no_label,S3500,11,118196,
label_test_2,2e70979d-86a8-47e7-b57d-b253e055d2fc,lq_no_label,S5000,12,118196,
label_test_2,2e70979d-86a8-47e7-b57d-b253e055d2fc,lq_no_label,S6000,47,100823,
label_test_2,2e70979d-86a8-47e7-b57d-b253e055d2fc,lq_no_label,S4500,9,100823,
label_test_2,2e70979d-86a8-47e7-b57d-b253e055d2fc,lq_no_label,S4000,14,100823,
label_test_2,2e70979d-86a8-47e7-b57d-b253e055d2fc,lq_no_label,S8000,62,100823,
label_test_2,2e70979d-86a8-47e7-b57d-b253e055d2fc,lq_no_label,reference,100,100823,
label_test_2,2e70979d-86a8-47e7-b57d-b253e055d2fc,lq_no_label,S6500,37,100823,
label_test_2,2e70979d-86a8-47e7-b57d-b253e055d2fc,lq_no_label,S5500,25,100823,
label_test_2,2e70979d-86a8-47e7-b57d-b253e055d2fc,lq_no_label,S5000,4,100823,
label_test_2,2e70979d-86a8-47e7-b57d-b253e055d2fc,lq_no_label,S3500,0,100823,
label_test_2,2e70979d-86a8-47e7-b57d-b253e055d2fc,lq_no_label,S7000,53,100823,
label_test_2,2e70979d-86a8-47e7-b57d-b253e055d2fc,lq_no_label,S10000,31,100823,
label_test_2,867711c1-eecc-4009-8cb7-22f7a52d088c,trening,S3500,15,312589,
label_test_2,867711c1-eecc-4009-8cb7-22f7a52d088c,trening,S6000,33,312589,
label_test_2,867711c1-eecc-4009-8cb7-22f7a52d088c,trening,S5000,22,312589,
label_test_2,867711c1-eecc-4009-8cb7-22f7a52d088c,trening,S6500,38,312589,
label_test_2,867711c1-eecc-4009-8cb7-22f7a52d088c,trening,S7000,55,312589,
label_test_2,867711c1-eecc-4009-8cb7-22f7a52d088c,trening,S8000,74,312589,
label_test_2,867711c1-eecc-4009-8cb7-22f7a52d088c,trening,S5500,68,312589,
label_test_2,867711c1-eecc-4009-8cb7-22f7a52d088c,trening,S4500,48,312589,
label_test_2,867711c1-eecc-4009-8cb7-22f7a52d088c,trening,S10000,80,312589,
label_test_2,867711c1-eecc-4009-8cb7-22f7a52d088c,trening,S4000,41,312589,
label_test_2,867711c1-eecc-4009-8cb7-22f7a52d088c,trening,reference,100,312589,
label_test_2,867711c1-eecc-4009-8cb7-22f7a52d088c,lq_no_label,S10000,63,209199,
label_test_2,867711c1-eecc-4009-8cb7-22f7a52d088c,lq_no_label,S6500,24,209199,
label_test_2,867711c1-eecc-4009-8cb7-22f7a52d088c,lq_no_label,S7000,49,209199,
label_test_2,867711c1-eecc-4009-8cb7-22f7a52d088c,lq_no_label,S5000,40,209199,
label_test_2,867711c1-eecc-4009-8cb7-22f7a52d088c,lq_no_label,reference,100,209199,
label_test_2,867711c1-eecc-4009-8cb7-22f7a52d088c,lq_no_label,S8000,58,209199,
label_test_2,867711c1-eecc-4009-8cb7-22f7a52d088c,lq_no_label,S6000,40,209199,
label_test_2,867711c1-eecc-4009-8cb7-22f7a52d088c,lq_no_label,S3500,10,209199,
label_test_2,867711c1-eecc-4009-8cb7-22f7a52d088c,lq_no_label,S4500,1,209199,
label_test_2,867711c1-eecc-4009-8cb7-22f7a52d088c,lq_no_label,S4000,4,209199,
label_test_2,867711c1-eecc-4009-8cb7-22f7a52d088c,lq_no_label,S5500,35,209199,
label_test_2,867711c1-eecc-4009-8cb7-22f7a52d088c,lq_no_label,S6000,35,119977,
label_test_2,867711c1-eecc-4009-8cb7-22f7a52d088c,lq_no_label,S3500,21,119977,
label_test_2,867711c1-eecc-4009-8cb7-22f7a52d088c,lq_no_label,S4500,48,119977,
label_test_2,867711c1-eecc-4009-8cb7-22f7a52d088c,lq_no_label,S4000,39,119977,
label_test_2,867711c1-eecc-4009-8cb7-22f7a52d088c,lq_no_label,S7000,80,119977,
label_test_2,867711c1-eecc-4009-8cb7-22f7a52d088c,lq_no_label,S8000,34,119977,
label_test_2,867711c1-eecc-4009-8cb7-22f7a52d088c,lq_no_label,S6500,67,119977,
label_test_2,867711c1-eecc-4009-8cb7-22f7a52d088c,lq_no_label,S10000,51,119977,
label_test_2,867711c1-eecc-4009-8cb7-22f7a52d088c,lq_no_label,reference,100,119977,
label_test_2,867711c1-eecc-4009-8cb7-22f7a52d088c,lq_no_label,S5000,27,119977,
label_test_2,867711c1-eecc-4009-8cb7-22f7a52d088c,lq_no_label,S5500,14,119977,
label_test_2,d9256efd-3697-48d6-b63e-38ce922ed689,trening,reference,100,54939,
label_test_2,d9256efd-3697-48d6-b63e-38ce922ed689,trening,S4000,29,54939,
label_test_2,d9256efd-3697-48d6-b63e-38ce922ed689,trening,S4500,31,54939,
label_test_2,d9256efd-3697-48d6-b63e-38ce922ed689,trening,S8000,77,54939,
label_test_2,d9256efd-3697-48d6-b63e-38ce922ed689,trening,S6000,50,54939,
label_test_2,d9256efd-3697-48d6-b63e-38ce922ed689,trening,S10000,91,54939,
label_test_2,d9256efd-3697-48d6-b63e-38ce922ed689,trening,S7000,65,54939,
label_test_2,d9256efd-3697-48d6-b63e-38ce922ed689,trening,S3500,17,54939,
label_test_2,d9256efd-3697-48d6-b63e-38ce922ed689,trening,S6500,26,54939,
label_test_2,d9256efd-3697-48d6-b63e-38ce922ed689,trening,S5000,23,54939,
label_test_2,d9256efd-3697-48d6-b63e-38ce922ed689,trening,S5500,23,54939,
label_test_2,d9256efd-3697-48d6-b63e-38ce922ed689,lq_no_label,S4000,25,46120,
label_test_2,d9256efd-3697-48d6-b63e-38ce922ed689,lq_no_label,S5500,46,46120,
label_test_2,d9256efd-3697-48d6-b63e-38ce922ed689,lq_no_label,S5000,65,46120,
label_test_2,d9256efd-3697-48d6-b63e-38ce922ed689,lq_no_label,S4500,61,46120,
label_test_2,d9256efd-3697-48d6-b63e-38ce922ed689,lq_no_label,reference,100,46120,
label_test_2,d9256efd-3697-48d6-b63e-38ce922ed689,lq_no_label,S6000,75,46120,
label_test_2,d9256efd-3697-48d6-b63e-38ce922ed689,lq_no_label,S10000,85,46120,
label_test_2,d9256efd-3697-48d6-b63e-38ce922ed689,lq_no_label,S7000,37,46120,
label_test_2,d9256efd-3697-48d6-b63e-38ce922ed689,lq_no_label,S8000,17,46120,
label_test_2,d9256efd-3697-48d6-b63e-38ce922ed689,lq_no_label,S3500,8,46120,
label_test_2,d9256efd-3697-48d6-b63e-38ce922ed689,lq_no_label,S6500,17,46120,
label_test_2,d9256efd-3697-48d6-b63e-38ce922ed689,lq_no_label,S4000,25,36971,
label_test_2,d9256efd-3697-48d6-b63e-38ce922ed689,lq_no_label,S3500,9,36971,
label_test_2,d9256efd-3697-48d6-b63e-38ce922ed689,lq_no_label,S4500,33,36971,
label_test_2,d9256efd-3697-48d6-b63e-38ce922ed689,lq_no_label,S5000,35,36971,
label_test_2,d9256efd-3697-48d6-b63e-38ce922ed689,lq_no_label,S10000,86,36971,
label_test_2,d9256efd-3697-48d6-b63e-38ce922ed689,lq_no_label,S6000,24,36971,
label_test_2,d9256efd-3697-48d6-b63e-38ce922ed689,lq_no_label,S8000,46,36971,
label_test_2,d9256efd-3697-48d6-b63e-38ce922ed689,lq_no_label,reference,100,36971,
label_test_2,d9256efd-3697-48d6-b63e-38ce922ed689,lq_no_label,S7000,82,36971,
label_test_2,d9256efd-3697-48d6-b63e-38ce922ed689,lq_no_label,S6500,80,36971,
label_test_2,d9256efd-3697-48d6-b63e-38ce922ed689,lq_no_label,S5500,44,36971,
label_test_2,5de8a2a9-6c44-4970-aa8b-c387ca6257f8,trening,S10000,34,46277,
label_test_2,5de8a2a9-6c44-4970-aa8b-c387ca6257f8,trening,S8000,13,46277,
label_test_2,5de8a2a9-6c44-4970-aa8b-c387ca6257f8,trening,S6000,5,46277,
label_test_2,5de8a2a9-6c44-4970-aa8b-c387ca6257f8,trening,S6500,5,46277,
label_test_2,5de8a2a9-6c44-4970-aa8b-c387ca6257f8,trening,S4500,0,46277,
label_test_2,5de8a2a9-6c44-4970-aa8b-c387ca6257f8,trening,reference,100,46277,
label_test_2,5de8a2a9-6c44-4970-aa8b-c387ca6257f8,trening,S3500,31,46277,
label_test_2,5de8a2a9-6c44-4970-aa8b-c387ca6257f8,trening,S7000,42,46277,
label_test_2,5de8a2a9-6c44-4970-aa8b-c387ca6257f8,trening,S5000,39,46277,
label_test_2,5de8a2a9-6c44-4970-aa8b-c387ca6257f8,trening,S4000,28,46277,
label_test_2,5de8a2a9-6c44-4970-aa8b-c387ca6257f8,trening,S5500,58,46277,
label_test_2,5de8a2a9-6c44-4970-aa8b-c387ca6257f8,lq_no_label,S5000,49,48166,
label_test_2,5de8a2a9-6c44-4970-aa8b-c387ca6257f8,lq_no_label,S6500,78,48166,
label_test_2,5de8a2a9-6c44-4970-aa8b-c387ca6257f8,lq_no_label,S4000,45,48166,
label_test_2,5de8a2a9-6c44-4970-aa8b-c387ca6257f8,lq_no_label,S3500,41,48166,
label_test_2,5de8a2a9-6c44-4970-aa8b-c387ca6257f8,lq_no_label,S6000,82,48166,
label_test_2,5de8a2a9-6c44-4970-aa8b-c387ca6257f8,lq_no_label,S5500,92,48166,
label_test_2,5de8a2a9-6c44-4970-aa8b-c387ca6257f8,lq_no_label,S10000,97,48166,
label_test_2,5de8a2a9-6c44-4970-aa8b-c387ca6257f8,lq_no_label,S8000,95,48166,
label_test_2,5de8a2a9-6c44-4970-aa8b-c387ca6257f8,lq_no_label,S4500,57,48166,
label_test_2,5de8a2a9-6c44-4970-aa8b-c387ca6257f8,lq_no_label,reference,100,48166,
label_test_2,5de8a2a9-6c44-4970-aa8b-c387ca6257f8,lq_no_label,S7000,75,48166,
label_test_2,5de8a2a9-6c44-4970-aa8b-c387ca6257f8,lq_no_label,S6500,54,40284,
label_test_2,5de8a2a9-6c44-4970-aa8b-c387ca6257f8,lq_no_label,S6000,36,40284,
label_test_2,5de8a2a9-6c44-4970-aa8b-c387ca6257f8,lq_no_label,S5000,24,40284,
label_test_2,5de8a2a9-6c44-4970-aa8b-c387ca6257f8,lq_no_label,S10000,92,40284,
label_test_2,5de8a2a9-6c44-4970-aa8b-c387ca6257f8,lq_no_label,S4500,51,40284,
label_test_2,5de8a2a9-6c44-4970-aa8b-c387ca6257f8,lq_no_label,S7000,61,40284,
label_test_2,5de8a2a9-6c44-4970-aa8b-c387ca6257f8,lq_no_label,S4000,24,40284,
label_test_2,5de8a2a9-6c44-4970-aa8b-c387ca6257f8,lq_no_label,reference,100,40284,
label_test_2,5de8a2a9-6c44-4970-aa8b-c387ca6257f8,lq_no_label,S3500,44,40284,
label_test_2,5de8a2a9-6c44-4970-aa8b-c387ca6257f8,lq_no_label,S8000,83,40284,
label_test_2,5de8a2a9-6c44-4970-aa8b-c387ca6257f8,lq_no_label,S5500,64,40284,
label_test_2,331d1e58-c6b7-4e2f-821f-33f05df61a71,trening,S8000,100,56240,
label_test_2,331d1e58-c6b7-4e2f-821f-33f05df61a71,trening,S3500,100,56240,
label_test_2,331d1e58-c6b7-4e2f-821f-33f05df61a71,trening,S5500,100,56240,
label_test_2,331d1e58-c6b7-4e2f-821f-33f05df61a71,trening,S4500,100,56240,
label_test_2,331d1e58-c6b7-4e2f-821f-33f05df61a71,trening,S7000,100,56240,
label_test_2,331d1e58-c6b7-4e2f-821f-33f05df61a71,trening,S6000,100,56240,
label_test_2,331d1e58-c6b7-4e2f-821f-33f05df61a71,trening,S10000,100,56240,
label_test_2,331d1e58-c6b7-4e2f-821f-33f05df61a71,trening,S4000,100,56240,
label_test_2,331d1e58-c6b7-4e2f-821f-33f05df61a71,trening,reference,100,56240,
label_test_2,331d1e58-c6b7-4e2f-821f-33f05df61a71,trening,S5000,100,56240,
label_test_2,331d1e58-c6b7-4e2f-821f-33f05df61a71,trening,S6500,100,56240,
label_test_2,331d1e58-c6b7-4e2f-821f-33f05df61a71,lq_no_label,S5500,100,19369,
label_test_2,331d1e58-c6b7-4e2f-821f-33f05df61a71,lq_no_label,S10000,100,19369,
label_test_2,331d1e58-c6b7-4e2f-821f-33f05df61a71,lq_no_label,S6000,100,19369,
label_test_2,331d1e58-c6b7-4e2f-821f-33f05df61a71,lq_no_label,S4000,100,19369,
label_test_2,331d1e58-c6b7-4e2f-821f-33f05df61a71,lq_no_label,S3500,100,19369,
label_test_2,331d1e58-c6b7-4e2f-821f-33f05df61a71,lq_no_label,S6500,100,19369,
label_test_2,331d1e58-c6b7-4e2f-821f-33f05df61a71,lq_no_label,S4500,100,19369,
label_test_2,331d1e58-c6b7-4e2f-821f-33f05df61a71,lq_no_label,S8000,100,19369,
label_test_2,331d1e58-c6b7-4e2f-821f-33f05df61a71,lq_no_label,S7000,100,19369,
label_test_2,331d1e58-c6b7-4e2f-821f-33f05df61a71,lq_no_label,S5000,100,19369,
label_test_2,331d1e58-c6b7-4e2f-821f-33f05df61a71,lq_no_label,reference,100,19369,
label_test_2,331d1e58-c6b7-4e2f-821f-33f05df61a71,lq_no_label,S7000,100,32703,
label_test_2,331d1e58-c6b7-4e2f-821f-33f05df61a71,lq_no_label,S6500,100,32703,
label_test_2,331d1e58-c6b7-4e2f-821f-33f05df61a71,lq_no_label,S4000,100,32703,
label_test_2,331d1e58-c6b7-4e2f-821f-33f05df61a71,lq_no_label,S8000,100,32703,
label_test_2,331d1e58-c6b7-4e2f-821f-33f05df61a71,lq_no_label,S10000,100,32703,
label_test_2,331d1e58-c6b7-4e2f-821f-33f05df61a71,lq_no_label,S5000,100,32703,
label_test_2,331d1e58-c6b7-4e2f-821f-33f05df61a71,lq_no_label,S3500,100,32703,
label_test_2,331d1e58-c6b7-4e2f-821f-33f05df61a71,lq_no_label,reference,100,32703,
label_test_2,331d1e58-c6b7-4e2f-821f-33f05df61a71,lq_no_label,S4500,100,32703,
label_test_2,331d1e58-c6b7-4e2f-821f-33f05df61a71,lq_no_label,S5500,100,32703,
label_test_2,331d1e58-c6b7-4e2f-821f-33f05df61a71,lq_no_label,S6000,100,32703,
label_test_2,83097317-a3b7-4bbf-a279-601215313932,trening,S3500,75,86628,
label_test_2,83097317-a3b7-4bbf-a279-601215313932,trening,S7000,77,86628,
label_test_2,83097317-a3b7-4bbf-a279-601215313932,trening,reference,100,86628,
label_test_2,83097317-a3b7-4bbf-a279-601215313932,trening,S4500,54,86628,
label_test_2,83097317-a3b7-4bbf-a279-601215313932,trening,S5000,68,86628,
label_test_2,83097317-a3b7-4bbf-a279-601215313932,trening,S6500,80,86628,
label_test_2,83097317-a3b7-4bbf-a279-601215313932,trening,S6000,93,86628,
label_test_2,83097317-a3b7-4bbf-a279-601215313932,trening,S5500,67,86628,
label_test_2,83097317-a3b7-4bbf-a279-601215313932,trening,S8000,63,86628,
label_test_2,83097317-a3b7-4bbf-a279-601215313932,trening,S10000,98,86628,
label_test_2,83097317-a3b7-4bbf-a279-601215313932,trening,S4000,61,86628,
label_test_2,83097317-a3b7-4bbf-a279-601215313932,lq_no_label,S7000,100,5635,
label_test_2,83097317-a3b7-4bbf-a279-601215313932,lq_no_label,S4500,100,5635,
label_test_2,83097317-a3b7-4bbf-a279-601215313932,lq_no_label,S8000,100,5635,
label_test_2,83097317-a3b7-4bbf-a279-601215313932,lq_no_label,S5500,100,5635,
label_test_2,83097317-a3b7-4bbf-a279-601215313932,lq_no_label,S3500,100,5635,
label_test_2,83097317-a3b7-4bbf-a279-601215313932,lq_no_label,S4000,100,5635,
label_test_2,83097317-a3b7-4bbf-a279-601215313932,lq_no_label,S10000,100,5635,
label_test_2,83097317-a3b7-4bbf-a279-601215313932,lq_no_label,reference,100,5635,
label_test_2,83097317-a3b7-4bbf-a279-601215313932,lq_no_label,S6500,100,5635,
label_test_2,83097317-a3b7-4bbf-a279-601215313932,lq_no_label,S5000,100,5635,
label_test_2,83097317-a3b7-4bbf-a279-601215313932,lq_no_label,S6000,100,5635,
label_test_2,83097317-a3b7-4bbf-a279-601215313932,lq_no_label,S8000,83,8868,
label_test_2,83097317-a3b7-4bbf-a279-601215313932,lq_no_label,S4000,94,8868,
label_test_2,83097317-a3b7-4bbf-a279-601215313932,lq_no_label,S5500,100,8868,
label_test_2,83097317-a3b7-4bbf-a279-601215313932,lq_no_label,S4500,100,8868,
label_test_2,83097317-a3b7-4bbf-a279-601215313932,lq_no_label,S6000,100,8868,
label_test_2,83097317-a3b7-4bbf-a279-601215313932,lq_no_label,reference,100,8868,
label_test_2,83097317-a3b7-4bbf-a279-601215313932,lq_no_label,S6500,100,8868,
label_test_2,83097317-a3b7-4bbf-a279-601215313932,lq_no_label,S3500,100,8868,
label_test_2,83097317-a3b7-4bbf-a279-601215313932,lq_no_label,S10000,100,8868,
label_test_2,83097317-a3b7-4bbf-a279-601215313932,lq_no_label,S5000,100,8868,
label_test_2,83097317-a3b7-4bbf-a279-601215313932,lq_no_label,S7000,100,8868,
label_test_2,e6142b36-9e7d-4ac1-9d92-d5e910a1d8f0,trening,S7000,46,138186,
label_test_2,e6142b36-9e7d-4ac1-9d92-d5e910a1d8f0,trening,reference,100,138186,
label_test_2,e6142b36-9e7d-4ac1-9d92-d5e910a1d8f0,trening,S5500,28,138186,
label_test_2,e6142b36-9e7d-4ac1-9d92-d5e910a1d8f0,trening,S8000,39,138186,
label_test_2,e6142b36-9e7d-4ac1-9d92-d5e910a1d8f0,trening,S10000,82,138186,
label_test_2,e6142b36-9e7d-4ac1-9d92-d5e910a1d8f0,trening,S4000,14,138186,
label_test_2,e6142b36-9e7d-4ac1-9d92-d5e910a1d8f0,trening,S6000,67,138186,
label_test_2,e6142b36-9e7d-4ac1-9d92-d5e910a1d8f0,trening,S4500,25,138186,
label_test_2,e6142b36-9e7d-4ac1-9d92-d5e910a1d8f0,trening,S5000,35,138186,
label_test_2,e6142b36-9e7d-4ac1-9d92-d5e910a1d8f0,trening,S3500,7,138186,
label_test_2,e6142b36-9e7d-4ac1-9d92-d5e910a1d8f0,trening,S6500,60,138186,
label_test_2,e6142b36-9e7d-4ac1-9d92-d5e910a1d8f0,lq_no_label,S4000,27,60057,
label_test_2,e6142b36-9e7d-4ac1-9d92-d5e910a1d8f0,lq_no_label,S4500,45,60057,
label_test_2,e6142b36-9e7d-4ac1-9d92-d5e910a1d8f0,lq_no_label,S5000,55,60057,
label_test_2,e6142b36-9e7d-4ac1-9d92-d5e910a1d8f0,lq_no_label,S8000,92,60057,
label_test_2,e6142b36-9e7d-4ac1-9d92-d5e910a1d8f0,lq_no_label,reference,100,60057,
label_test_2,e6142b36-9e7d-4ac1-9d92-d5e910a1d8f0,lq_no_label,S5500,43,60057,
label_test_2,e6142b36-9e7d-4ac1-9d92-d5e910a1d8f0,lq_no_label,S7000,69,60057,
label_test_2,e6142b36-9e7d-4ac1-9d92-d5e910a1d8f0,lq_no_label,S6000,56,60057,
label_test_2,e6142b36-9e7d-4ac1-9d92-d5e910a1d8f0,lq_no_label,S10000,75,60057,
label_test_2,e6142b36-9e7d-4ac1-9d92-d5e910a1d8f0,lq_no_label,S6500,46,60057,
label_test_2,e6142b36-9e7d-4ac1-9d92-d5e910a1d8f0,lq_no_label,S3500,22,60057,
label_test_2,e6142b36-9e7d-4ac1-9d92-d5e910a1d8f0,lq_no_label,S6000,81,52571,
label_test_2,e6142b36-9e7d-4ac1-9d92-d5e910a1d8f0,lq_no_label,S6500,79,52571,
label_test_2,e6142b36-9e7d-4ac1-9d92-d5e910a1d8f0,lq_no_label,S4000,53,52571,
label_test_2,e6142b36-9e7d-4ac1-9d92-d5e910a1d8f0,lq_no_label,S8000,88,52571,
label_test_2,e6142b36-9e7d-4ac1-9d92-d5e910a1d8f0,lq_no_label,S7000,65,52571,
label_test_2,e6142b36-9e7d-4ac1-9d92-d5e910a1d8f0,lq_no_label,S10000,81,52571,
label_test_2,e6142b36-9e7d-4ac1-9d92-d5e910a1d8f0,lq_no_label,S4500,57,52571,
label_test_2,e6142b36-9e7d-4ac1-9d92-d5e910a1d8f0,lq_no_label,S5000,55,52571,
label_test_2,e6142b36-9e7d-4ac1-9d92-d5e910a1d8f0,lq_no_label,S3500,37,52571,
label_test_2,e6142b36-9e7d-4ac1-9d92-d5e910a1d8f0,lq_no_label,reference,95,52571,
label_test_2,e6142b36-9e7d-4ac1-9d92-d5e910a1d8f0,lq_no_label,S5500,84,52571,
label_test_2,b11daf9c-93f5-487b-a008-60440a54113f,trening,S4000,41,120180,
label_test_2,b11daf9c-93f5-487b-a008-60440a54113f,trening,S7000,22,120180,
label_test_2,b11daf9c-93f5-487b-a008-60440a54113f,trening,S4500,0,120180,
label_test_2,b11daf9c-93f5-487b-a008-60440a54113f,trening,S5500,50,120180,
label_test_2,b11daf9c-93f5-487b-a008-60440a54113f,trening,S10000,88,120180,
label_test_2,b11daf9c-93f5-487b-a008-60440a54113f,trening,reference,100,120180,
label_test_2,b11daf9c-93f5-487b-a008-60440a54113f,trening,S3500,50,120180,
label_test_2,b11daf9c-93f5-487b-a008-60440a54113f,trening,S8000,68,120180,
label_test_2,b11daf9c-93f5-487b-a008-60440a54113f,trening,S6500,27,120180,
label_test_2,b11daf9c-93f5-487b-a008-60440a54113f,trening,S5000,41,120180,
label_test_2,b11daf9c-93f5-487b-a008-60440a54113f,trening,S6000,61,120180,
label_test_2,b11daf9c-93f5-487b-a008-60440a54113f,lq_no_label,S5500,59,58431,
label_test_2,b11daf9c-93f5-487b-a008-60440a54113f,lq_no_label,S4500,39,58431,
label_test_2,b11daf9c-93f5-487b-a008-60440a54113f,lq_no_label,S4000,72,58431,
label_test_2,b11daf9c-93f5-487b-a008-60440a54113f,lq_no_label,S3500,73,58431,
label_test_2,b11daf9c-93f5-487b-a008-60440a54113f,lq_no_label,S10000,82,58431,
label_test_2,b11daf9c-93f5-487b-a008-60440a54113f,lq_no_label,S8000,54,58431,
label_test_2,b11daf9c-93f5-487b-a008-60440a54113f,lq_no_label,S6500,30,58431,
label_test_2,b11daf9c-93f5-487b-a008-60440a54113f,lq_no_label,reference,100,58431,
label_test_2,b11daf9c-93f5-487b-a008-60440a54113f,lq_no_label,S7000,50,58431,
label_test_2,b11daf9c-93f5-487b-a008-60440a54113f,lq_no_label,S6000,29,58431,
label_test_2,b11daf9c-93f5-487b-a008-60440a54113f,lq_no_label,S5000,12,58431,
label_test_2,b11daf9c-93f5-487b-a008-60440a54113f,lq_no_label,S6500,78,55486,
label_test_2,b11daf9c-93f5-487b-a008-60440a54113f,lq_no_label,S6000,79,55486,
label_test_2,b11daf9c-93f5-487b-a008-60440a54113f,lq_no_label,S10000,90,55486,
label_test_2,b11daf9c-93f5-487b-a008-60440a54113f,lq_no_label,S7000,76,55486,
label_test_2,b11daf9c-93f5-487b-a008-60440a54113f,lq_no_label,S5000,61,55486,
label_test_2,b11daf9c-93f5-487b-a008-60440a54113f,lq_no_label,reference,100,55486,
label_test_2,b11daf9c-93f5-487b-a008-60440a54113f,lq_no_label,S4000,31,55486,
label_test_2,b11daf9c-93f5-487b-a008-60440a54113f,lq_no_label,S8000,71,55486,
label_test_2,b11daf9c-93f5-487b-a008-60440a54113f,lq_no_label,S5500,48,55486,
label_test_2,b11daf9c-93f5-487b-a008-60440a54113f,lq_no_label,S4500,27,55486,
label_test_2,b11daf9c-93f5-487b-a008-60440a54113f,lq_no_label,S3500,7,55486,
label_test_2,0112a83e-8339-4d27-a0a1-70ea422c994d,trening,S4000,5,218957,
label_test_2,0112a83e-8339-4d27-a0a1-70ea422c994d,trening,S10000,80,218957,
label_test_2,0112a83e-8339-4d27-a0a1-70ea422c994d,trening,S5000,20,218957,
label_test_2,0112a83e-8339-4d27-a0a1-70ea422c994d,trening,S5500,30,218957,
label_test_2,0112a83e-8339-4d27-a0a1-70ea422c994d,trening,reference,100,218957,
label_test_2,0112a83e-8339-4d27-a0a1-70ea422c994d,trening,S8000,65,218957,
label_test_2,0112a83e-8339-4d27-a0a1-70ea422c994d,trening,S4500,15,218957,
label_test_2,0112a83e-8339-4d27-a0a1-70ea422c994d,trening,S6500,50,218957,
label_test_2,0112a83e-8339-4d27-a0a1-70ea422c994d,trening,S7000,55,218957,
label_test_2,0112a83e-8339-4d27-a0a1-70ea422c994d,trening,S6000,35,218957,
label_test_2,0112a83e-8339-4d27-a0a1-70ea422c994d,trening,S3500,0,218957,
label_test_2,0112a83e-8339-4d27-a0a1-70ea422c994d,lq_no_label,reference,100,96488,
label_test_2,0112a83e-8339-4d27-a0a1-70ea422c994d,lq_no_label,S3500,10,96488,
label_test_2,0112a83e-8339-4d27-a0a1-70ea422c994d,lq_no_label,S7000,40,96488,
label_test_2,0112a83e-8339-4d27-a0a1-70ea422c994d,lq_no_label,S6500,30,96488,
label_test_2,0112a83e-8339-4d27-a0a1-70ea422c994d,lq_no_label,S5500,20,96488,
label_test_2,0112a83e-8339-4d27-a0a1-70ea422c994d,lq_no_label,S4000,10,96488,
label_test_2,0112a83e-8339-4d27-a0a1-70ea422c994d,lq_no_label,S8000,80,96488,
label_test_2,0112a83e-8339-4d27-a0a1-70ea422c994d,lq_no_label,S5000,25,96488,
label_test_2,0112a83e-8339-4d27-a0a1-70ea422c994d,lq_no_label,S4500,15,96488,
label_test_2,0112a83e-8339-4d27-a0a1-70ea422c994d,lq_no_label,S6000,40,96488,
label_test_2,0112a83e-8339-4d27-a0a1-70ea422c994d,lq_no_label,S10000,90,96488,
label_test_2,0112a83e-8339-4d27-a0a1-70ea422c994d,lq_no_label,S5500,20,76356,
label_test_2,0112a83e-8339-4d27-a0a1-70ea422c994d,lq_no_label,S7000,40,76356,
label_test_2,0112a83e-8339-4d27-a0a1-70ea422c994d,lq_no_label,S4500,10,76356,
label_test_2,0112a83e-8339-4d27-a0a1-70ea422c994d,lq_no_label,S6500,30,76356,
label_test_2,0112a83e-8339-4d27-a0a1-70ea422c994d,lq_no_label,S3500,10,76356,
label_test_2,0112a83e-8339-4d27-a0a1-70ea422c994d,lq_no_label,S6000,30,76356,
label_test_2,0112a83e-8339-4d27-a0a1-70ea422c994d,lq_no_label,S4000,0,76356,
label_test_2,0112a83e-8339-4d27-a0a1-70ea422c994d,lq_no_label,S5000,20,76356,
label_test_2,0112a83e-8339-4d27-a0a1-70ea422c994d,lq_no_label,reference,100,76356,
label_test_2,0112a83e-8339-4d27-a0a1-70ea422c994d,lq_no_label,S8000,80,76356,
label_test_2,0112a83e-8339-4d27-a0a1-70ea422c994d,lq_no_label,S10000,95,76356,
label_test_2,6f44669a-91bf-4d40-867c-ad4ff013bb7b,trening,S5500,70,273824,
label_test_2,6f44669a-91bf-4d40-867c-ad4ff013bb7b,trening,S4500,55,273824,
label_test_2,6f44669a-91bf-4d40-867c-ad4ff013bb7b,trening,S6500,80,273824,
label_test_2,6f44669a-91bf-4d40-867c-ad4ff013bb7b,trening,S6000,80,273824,
label_test_2,6f44669a-91bf-4d40-867c-ad4ff013bb7b,trening,S10000,80,273824,
label_test_2,6f44669a-91bf-4d40-867c-ad4ff013bb7b,trening,S8000,90,273824,
label_test_2,6f44669a-91bf-4d40-867c-ad4ff013bb7b,trening,S7000,90,273824,
label_test_2,6f44669a-91bf-4d40-867c-ad4ff013bb7b,trening,S4000,60,273824,
label_test_2,6f44669a-91bf-4d40-867c-ad4ff013bb7b,trening,reference,100,273824,
label_test_2,6f44669a-91bf-4d40-867c-ad4ff013bb7b,trening,S5000,50,273824,
label_test_2,6f44669a-91bf-4d40-867c-ad4ff013bb7b,trening,S3500,50,273824,
label_test_2,6f44669a-91bf-4d40-867c-ad4ff013bb7b,lq_no_label,S4000,50,112997,
label_test_2,6f44669a-91bf-4d40-867c-ad4ff013bb7b,lq_no_label,S4500,60,112997,
label_test_2,6f44669a-91bf-4d40-867c-ad4ff013bb7b,lq_no_label,reference,100,112997,
label_test_2,6f44669a-91bf-4d40-867c-ad4ff013bb7b,lq_no_label,S6500,55,112997,
label_test_2,6f44669a-91bf-4d40-867c-ad4ff013bb7b,lq_no_label,S7000,80,112997,
label_test_2,6f44669a-91bf-4d40-867c-ad4ff013bb7b,lq_no_label,S10000,90,112997,
label_test_2,6f44669a-91bf-4d40-867c-ad4ff013bb7b,lq_no_label,S5000,65,112997,
label_test_2,6f44669a-91bf-4d40-867c-ad4ff013bb7b,lq_no_label,S3500,50,112997,
label_test_2,6f44669a-91bf-4d40-867c-ad4ff013bb7b,lq_no_label,S8000,70,112997,
label_test_2,6f44669a-91bf-4d40-867c-ad4ff013bb7b,lq_no_label,S5500,60,112997,
label_test_2,6f44669a-91bf-4d40-867c-ad4ff013bb7b,lq_no_label,S6000,85,112997,
label_test_2,6f44669a-91bf-4d40-867c-ad4ff013bb7b,lq_no_label,S7000,70,85117,
label_test_2,6f44669a-91bf-4d40-867c-ad4ff013bb7b,lq_no_label,reference,100,85117,
label_test_2,6f44669a-91bf-4d40-867c-ad4ff013bb7b,lq_no_label,S8000,90,85117,
label_test_2,6f44669a-91bf-4d40-867c-ad4ff013bb7b,lq_no_label,S5000,65,85117,
label_test_2,6f44669a-91bf-4d40-867c-ad4ff013bb7b,lq_no_label,S4500,50,85117,
label_test_2,6f44669a-91bf-4d40-867c-ad4ff013bb7b,lq_no_label,S3500,50,85117,
label_test_2,6f44669a-91bf-4d40-867c-ad4ff013bb7b,lq_no_label,S4000,70,85117,
label_test_2,6f44669a-91bf-4d40-867c-ad4ff013bb7b,lq_no_label,S6500,81,85117,
label_test_2,6f44669a-91bf-4d40-867c-ad4ff013bb7b,lq_no_label,S6000,80,85117,
label_test_2,6f44669a-91bf-4d40-867c-ad4ff013bb7b,lq_no_label,S5500,71,85117,
label_test_2,6f44669a-91bf-4d40-867c-ad4ff013bb7b,lq_no_label,S10000,90,85117,
label_test_2,7e75344d-f462-4b98-b49f-b17c2d17522e,trening,S5000,54,234513,
label_test_2,7e75344d-f462-4b98-b49f-b17c2d17522e,trening,S3500,37,234513,
label_test_2,7e75344d-f462-4b98-b49f-b17c2d17522e,trening,S5500,53,234513,
label_test_2,7e75344d-f462-4b98-b49f-b17c2d17522e,trening,S6000,79,234513,
label_test_2,7e75344d-f462-4b98-b49f-b17c2d17522e,trening,S7000,37,234513,
label_test_2,7e75344d-f462-4b98-b49f-b17c2d17522e,trening,S8000,59,234513,
label_test_2,7e75344d-f462-4b98-b49f-b17c2d17522e,trening,S10000,41,234513,
label_test_2,7e75344d-f462-4b98-b49f-b17c2d17522e,trening,S6500,78,234513,
label_test_2,7e75344d-f462-4b98-b49f-b17c2d17522e,trening,reference,100,234513,
label_test_2,7e75344d-f462-4b98-b49f-b17c2d17522e,trening,S4000,46,234513,
label_test_2,7e75344d-f462-4b98-b49f-b17c2d17522e,trening,S4500,62,234513,
label_test_2,7e75344d-f462-4b98-b49f-b17c2d17522e,lq_no_label,S6500,53,116182,
label_test_2,7e75344d-f462-4b98-b49f-b17c2d17522e,lq_no_label,S3500,65,116182,
label_test_2,7e75344d-f462-4b98-b49f-b17c2d17522e,lq_no_label,S8000,81,116182,
label_test_2,7e75344d-f462-4b98-b49f-b17c2d17522e,lq_no_label,S6000,71,116182,
label_test_2,7e75344d-f462-4b98-b49f-b17c2d17522e,lq_no_label,S7000,79,116182,
label_test_2,7e75344d-f462-4b98-b49f-b17c2d17522e,lq_no_label,S5000,47,116182,
label_test_2,7e75344d-f462-4b98-b49f-b17c2d17522e,lq_no_label,S4000,41,116182,
label_test_2,7e75344d-f462-4b98-b49f-b17c2d17522e,lq_no_label,S5500,53,116182,
label_test_2,7e75344d-f462-4b98-b49f-b17c2d17522e,lq_no_label,S4500,44,116182,
label_test_2,7e75344d-f462-4b98-b49f-b17c2d17522e,lq_no_label,S10000,67,116182,
label_test_2,7e75344d-f462-4b98-b49f-b17c2d17522e,lq_no_label,reference,100,116182,
label_test_2,7e75344d-f462-4b98-b49f-b17c2d17522e,lq_no_label,S10000,70,99224,
label_test_2,7e75344d-f462-4b98-b49f-b17c2d17522e,lq_no_label,S8000,81,99224,
label_test_2,7e75344d-f462-4b98-b49f-b17c2d17522e,lq_no_label,S4500,53,99224,
label_test_2,7e75344d-f462-4b98-b49f-b17c2d17522e,lq_no_label,S6500,60,99224,
label_test_2,7e75344d-f462-4b98-b49f-b17c2d17522e,lq_no_label,S3500,49,99224,
label_test_2,7e75344d-f462-4b98-b49f-b17c2d17522e,lq_no_label,S5000,57,99224,
label_test_2,7e75344d-f462-4b98-b49f-b17c2d17522e,lq_no_label,reference,100,99224,
label_test_2,7e75344d-f462-4b98-b49f-b17c2d17522e,lq_no_label,S5500,48,99224,
label_test_2,7e75344d-f462-4b98-b49f-b17c2d17522e,lq_no_label,S6000,75,99224,
label_test_2,7e75344d-f462-4b98-b49f-b17c2d17522e,lq_no_label,S4000,48,99224,
label_test_2,7e75344d-f462-4b98-b49f-b17c2d17522e,lq_no_label,S7000,60,99224,
label_test_2,02afe32c-0b27-4a38-ad30-94773d330775,trening,S6500,60,122008,
label_test_2,02afe32c-0b27-4a38-ad30-94773d330775,trening,S5500,32,122008,
label_test_2,02afe32c-0b27-4a38-ad30-94773d330775,trening,S4500,44,122008,
label_test_2,02afe32c-0b27-4a38-ad30-94773d330775,trening,reference,100,122008,
label_test_2,02afe32c-0b27-4a38-ad30-94773d330775,trening,S10000,100,122008,
label_test_2,02afe32c-0b27-4a38-ad30-94773d330775,trening,S4000,52,122008,
label_test_2,02afe32c-0b27-4a38-ad30-94773d330775,trening,S7000,62,122008,
label_test_2,02afe32c-0b27-4a38-ad30-94773d330775,trening,S3500,53,122008,
label_test_2,02afe32c-0b27-4a38-ad30-94773d330775,trening,S5000,46,122008,
label_test_2,02afe32c-0b27-4a38-ad30-94773d330775,trening,S6000,62,122008,
label_test_2,02afe32c-0b27-4a38-ad30-94773d330775,trening,S8000,100,122008,
label_test_2,02afe32c-0b27-4a38-ad30-94773d330775,lq_no_label,S5500,49,55354,
label_test_2,02afe32c-0b27-4a38-ad30-94773d330775,lq_no_label,S4500,40,55354,
label_test_2,02afe32c-0b27-4a38-ad30-94773d330775,lq_no_label,reference,100,55354,
label_test_2,02afe32c-0b27-4a38-ad30-94773d330775,lq_no_label,S10000,100,55354,
label_test_2,02afe32c-0b27-4a38-ad30-94773d330775,lq_no_label,S7000,73,55354,
label_test_2,02afe32c-0b27-4a38-ad30-94773d330775,lq_no_label,S4000,33,55354,
label_test_2,02afe32c-0b27-4a38-ad30-94773d330775,lq_no_label,S3500,44,55354,
label_test_2,02afe32c-0b27-4a38-ad30-94773d330775,lq_no_label,S6000,56,55354,
label_test_2,02afe32c-0b27-4a38-ad30-94773d330775,lq_no_label,S6500,66,55354,
label_test_2,02afe32c-0b27-4a38-ad30-94773d330775,lq_no_label,S8000,77,55354,
label_test_2,02afe32c-0b27-4a38-ad30-94773d330775,lq_no_label,S5000,46,55354,
label_test_2,02afe32c-0b27-4a38-ad30-94773d330775,lq_no_label,S5000,53,33689,
label_test_2,02afe32c-0b27-4a38-ad30-94773d330775,lq_no_label,S6000,77,33689,
label_test_2,02afe32c-0b27-4a38-ad30-94773d330775,lq_no_label,S4500,45,33689,
label_test_2,02afe32c-0b27-4a38-ad30-94773d330775,lq_no_label,S3500,38,33689,
label_test_2,02afe32c-0b27-4a38-ad30-94773d330775,lq_no_label,S4000,54,33689,
label_test_2,02afe32c-0b27-4a38-ad30-94773d330775,lq_no_label,S10000,100,33689,
label_test_2,02afe32c-0b27-4a38-ad30-94773d330775,lq_no_label,S6500,68,33689,
label_test_2,02afe32c-0b27-4a38-ad30-94773d330775,lq_no_label,reference,100,33689,
label_test_2,02afe32c-0b27-4a38-ad30-94773d330775,lq_no_label,S7000,85,33689,
label_test_2,02afe32c-0b27-4a38-ad30-94773d330775,lq_no_label,S5500,61,33689,
label_test_2,02afe32c-0b27-4a38-ad30-94773d330775,lq_no_label,S8000,100,33689,
label_test_2,cc16aa71-f2e7-4b51-a039-de304c56de1e,trening,S4500,13,194310,
label_test_2,cc16aa71-f2e7-4b51-a039-de304c56de1e,trening,S7000,41,194310,
label_test_2,cc16aa71-f2e7-4b51-a039-de304c56de1e,trening,S5000,19,194310,
label_test_2,cc16aa71-f2e7-4b51-a039-de304c56de1e,trening,S6500,65,194310,
label_test_2,cc16aa71-f2e7-4b51-a039-de304c56de1e,trening,S4000,24,194310,
label_test_2,cc16aa71-f2e7-4b51-a039-de304c56de1e,trening,S5500,49,194310,
label_test_2,cc16aa71-f2e7-4b51-a039-de304c56de1e,trening,S3500,10,194310,
label_test_2,cc16aa71-f2e7-4b51-a039-de304c56de1e,trening,S8000,81,194310,
label_test_2,cc16aa71-f2e7-4b51-a039-de304c56de1e,trening,S10000,95,194310,
label_test_2,cc16aa71-f2e7-4b51-a039-de304c56de1e,trening,reference,99,194310,
label_test_2,cc16aa71-f2e7-4b51-a039-de304c56de1e,trening,S6000,13,194310,
label_test_2,cc16aa71-f2e7-4b51-a039-de304c56de1e,lq_no_label,S3500,4,80857,
label_test_2,cc16aa71-f2e7-4b51-a039-de304c56de1e,lq_no_label,S7000,23,80857,
label_test_2,cc16aa71-f2e7-4b51-a039-de304c56de1e,lq_no_label,S5000,16,80857,
label_test_2,cc16aa71-f2e7-4b51-a039-de304c56de1e,lq_no_label,S10000,77,80857,
label_test_2,cc16aa71-f2e7-4b51-a039-de304c56de1e,lq_no_label,S6000,48,80857,
label_test_2,cc16aa71-f2e7-4b51-a039-de304c56de1e,lq_no_label,S5500,23,80857,
label_test_2,cc16aa71-f2e7-4b51-a039-de304c56de1e,lq_no_label,S8000,88,80857,
label_test_2,cc16aa71-f2e7-4b51-a039-de304c56de1e,lq_no_label,S4000,3,80857,
label_test_2,cc16aa71-f2e7-4b51-a039-de304c56de1e,lq_no_label,S4500,7,80857,
label_test_2,cc16aa71-f2e7-4b51-a039-de304c56de1e,lq_no_label,reference,93,80857,
label_test_2,cc16aa71-f2e7-4b51-a039-de304c56de1e,lq_no_label,S6500,35,80857,
label_test_2,cc16aa71-f2e7-4b51-a039-de304c56de1e,lq_no_label,S4500,9,74068,
label_test_2,cc16aa71-f2e7-4b51-a039-de304c56de1e,lq_no_label,S8000,94,74068,
label_test_2,cc16aa71-f2e7-4b51-a039-de304c56de1e,lq_no_label,S4000,8,74068,
label_test_2,cc16aa71-f2e7-4b51-a039-de304c56de1e,lq_no_label,S6500,27,74068,
label_test_2,cc16aa71-f2e7-4b51-a039-de304c56de1e,lq_no_label,reference,91,74068,
label_test_2,cc16aa71-f2e7-4b51-a039-de304c56de1e,lq_no_label,S7000,20,74068,
label_test_2,cc16aa71-f2e7-4b51-a039-de304c56de1e,lq_no_label,S6000,12,74068,
label_test_2,cc16aa71-f2e7-4b51-a039-de304c56de1e,lq_no_label,S10000,89,74068,
label_test_2,cc16aa71-f2e7-4b51-a039-de304c56de1e,lq_no_label,S5000,25,74068,
label_test_2,cc16aa71-f2e7-4b51-a039-de304c56de1e,lq_no_label,S3500,13,74068,
label_test_2,cc16aa71-f2e7-4b51-a039-de304c56de1e,lq_no_label,S5500,60,74068,
label_test_2,af0009f6-903f-4d22-a5ea-0cf2d01e2fcb,trening,S10000,60,218911,
label_test_2,af0009f6-903f-4d22-a5ea-0cf2d01e2fcb,trening,S4000,20,218911,
label_test_2,af0009f6-903f-4d22-a5ea-0cf2d01e2fcb,trening,reference,100,218911,
label_test_2,af0009f6-903f-4d22-a5ea-0cf2d01e2fcb,trening,S8000,55,218911,
label_test_2,af0009f6-903f-4d22-a5ea-0cf2d01e2fcb,trening,S6000,40,218911,
label_test_2,af0009f6-903f-4d22-a5ea-0cf2d01e2fcb,trening,S5500,35,218911,
label_test_2,af0009f6-903f-4d22-a5ea-0cf2d01e2fcb,trening,S3500,20,218911,
label_test_2,af0009f6-903f-4d22-a5ea-0cf2d01e2fcb,trening,S4500,30,218911,
label_test_2,af0009f6-903f-4d22-a5ea-0cf2d01e2fcb,trening,S5000,40,218911,
label_test_2,af0009f6-903f-4d22-a5ea-0cf2d01e2fcb,trening,S6500,45,218911,
label_test_2,af0009f6-903f-4d22-a5ea-0cf2d01e2fcb,trening,S7000,50,218911,
label_test_2,af0009f6-903f-4d22-a5ea-0cf2d01e2fcb,lq_no_label,S8000,70,148218,
label_test_2,af0009f6-903f-4d22-a5ea-0cf2d01e2fcb,lq_no_label,S10000,90,148218,
label_test_2,af0009f6-903f-4d22-a5ea-0cf2d01e2fcb,lq_no_label,S7000,60,148218,
label_test_2,af0009f6-903f-4d22-a5ea-0cf2d01e2fcb,lq_no_label,S6500,50,148218,
label_test_2,af0009f6-903f-4d22-a5ea-0cf2d01e2fcb,lq_no_label,S6000,40,148218,
label_test_2,af0009f6-903f-4d22-a5ea-0cf2d01e2fcb,lq_no_label,S4000,20,148218,
label_test_2,af0009f6-903f-4d22-a5ea-0cf2d01e2fcb,lq_no_label,S4500,25,148218,
label_test_2,af0009f6-903f-4d22-a5ea-0cf2d01e2fcb,lq_no_label,S3500,15,148218,
label_test_2,af0009f6-903f-4d22-a5ea-0cf2d01e2fcb,lq_no_label,reference,100,148218,
label_test_2,af0009f6-903f-4d22-a5ea-0cf2d01e2fcb,lq_no_label,S5500,45,148218,
label_test_2,af0009f6-903f-4d22-a5ea-0cf2d01e2fcb,lq_no_label,S5000,35,148218,
label_test_2,af0009f6-903f-4d22-a5ea-0cf2d01e2fcb,lq_no_label,S10000,85,171874,
label_test_2,af0009f6-903f-4d22-a5ea-0cf2d01e2fcb,lq_no_label,S4500,35,171874,
label_test_2,af0009f6-903f-4d22-a5ea-0cf2d01e2fcb,lq_no_label,S6500,60,171874,
label_test_2,af0009f6-903f-4d22-a5ea-0cf2d01e2fcb,lq_no_label,S6000,55,171874,
label_test_2,af0009f6-903f-4d22-a5ea-0cf2d01e2fcb,lq_no_label,S3500,25,171874,
label_test_2,af0009f6-903f-4d22-a5ea-0cf2d01e2fcb,lq_no_label,S8000,70,171874,
label_test_2,af0009f6-903f-4d22-a5ea-0cf2d01e2fcb,lq_no_label,S5000,50,171874,
label_test_2,af0009f6-903f-4d22-a5ea-0cf2d01e2fcb,lq_no_label,reference,100,171874,
label_test_2,af0009f6-903f-4d22-a5ea-0cf2d01e2fcb,lq_no_label,S4000,35,171874,
label_test_2,af0009f6-903f-4d22-a5ea-0cf2d01e2fcb,lq_no_label,S5500,50,171874,
label_test_2,af0009f6-903f-4d22-a5ea-0cf2d01e2fcb,lq_no_label,S7000,65,171874,
label_test_2,86da80de-6cb9-490c-a6cf-b1f172f63053,trening,S4500,70,124609,
label_test_2,86da80de-6cb9-490c-a6cf-b1f172f63053,trening,S4000,43,124609,
label_test_2,86da80de-6cb9-490c-a6cf-b1f172f63053,trening,S6000,71,124609,
label_test_2,86da80de-6cb9-490c-a6cf-b1f172f63053,trening,S5000,64,124609,
label_test_2,86da80de-6cb9-490c-a6cf-b1f172f63053,trening,S8000,48,124609,
label_test_2,86da80de-6cb9-490c-a6cf-b1f172f63053,trening,S6500,69,124609,
label_test_2,86da80de-6cb9-490c-a6cf-b1f172f63053,trening,S5500,59,124609,
label_test_2,86da80de-6cb9-490c-a6cf-b1f172f63053,trening,S3500,16,124609,
label_test_2,86da80de-6cb9-490c-a6cf-b1f172f63053,trening,reference,100,124609,
label_test_2,86da80de-6cb9-490c-a6cf-b1f172f63053,trening,S7000,33,124609,
label_test_2,86da80de-6cb9-490c-a6cf-b1f172f63053,trening,S10000,52,124609,
label_test_2,86da80de-6cb9-490c-a6cf-b1f172f63053,lq_no_label,S5000,31,118760,
label_test_2,86da80de-6cb9-490c-a6cf-b1f172f63053,lq_no_label,S8000,41,118760,
label_test_2,86da80de-6cb9-490c-a6cf-b1f172f63053,lq_no_label,S6000,54,118760,
label_test_2,86da80de-6cb9-490c-a6cf-b1f172f63053,lq_no_label,S10000,70,118760,
label_test_2,86da80de-6cb9-490c-a6cf-b1f172f63053,lq_no_label,S4000,8,118760,
label_test_2,86da80de-6cb9-490c-a6cf-b1f172f63053,lq_no_label,S5500,62,118760,
label_test_2,86da80de-6cb9-490c-a6cf-b1f172f63053,lq_no_label,S4500,72,118760,
label_test_2,86da80de-6cb9-490c-a6cf-b1f172f63053,lq_no_label,S6500,70,118760,
label_test_2,86da80de-6cb9-490c-a6cf-b1f172f63053,lq_no_label,S3500,60,118760,
label_test_2,86da80de-6cb9-490c-a6cf-b1f172f63053,lq_no_label,S7000,77,118760,
label_test_2,86da80de-6cb9-490c-a6cf-b1f172f63053,lq_no_label,reference,100,118760,
label_test_2,86da80de-6cb9-490c-a6cf-b1f172f63053,lq_no_label,S6500,73,124892,
label_test_2,86da80de-6cb9-490c-a6cf-b1f172f63053,lq_no_label,S4000,33,124892,
label_test_2,86da80de-6cb9-490c-a6cf-b1f172f63053,lq_no_label,S3500,17,124892,
label_test_2,86da80de-6cb9-490c-a6cf-b1f172f63053,lq_no_label,S6000,67,124892,
label_test_2,86da80de-6cb9-490c-a6cf-b1f172f63053,lq_no_label,S5500,81,124892,
label_test_2,86da80de-6cb9-490c-a6cf-b1f172f63053,lq_no_label,S7000,82,124892,
label_test_2,86da80de-6cb9-490c-a6cf-b1f172f63053,lq_no_label,S8000,85,124892,
label_test_2,86da80de-6cb9-490c-a6cf-b1f172f63053,lq_no_label,S4500,49,124892,
label_test_2,86da80de-6cb9-490c-a6cf-b1f172f63053,lq_no_label,reference,100,124892,
label_test_2,86da80de-6cb9-490c-a6cf-b1f172f63053,lq_no_label,S10000,86,124892,
label_test_2,86da80de-6cb9-490c-a6cf-b1f172f63053,lq_no_label,S5000,31,124892,
