session_test_id,session_uuid,trial_id,rating_stimulus,rating_score,rating_time,rating_comment
label_test_2,aee8e8d6-0900-4507-be4e-b607e26cda23,trening,S12000,98,154970,
label_test_2,aee8e8d6-0900-4507-be4e-b607e26cda23,trening,S3500,73,154970,
label_test_2,aee8e8d6-0900-4507-be4e-b607e26cda23,trening,S10700,88,154970,
label_test_2,aee8e8d6-0900-4507-be4e-b607e26cda23,trening,S11300,98,154970,
label_test_2,aee8e8d6-0900-4507-be4e-b607e26cda23,trening,S8000,64,154970,
label_test_2,aee8e8d6-0900-4507-be4e-b607e26cda23,trening,S8700,43,154970,
label_test_2,aee8e8d6-0900-4507-be4e-b607e26cda23,trening,S9300,83,154970,
label_test_2,aee8e8d6-0900-4507-be4e-b607e26cda23,trening,S7000,24,154970,
label_test_2,aee8e8d6-0900-4507-be4e-b607e26cda23,trening,reference,100,154970,
label_test_2,aee8e8d6-0900-4507-be4e-b607e26cda23,trening,S10000,70,154970,
label_test_2,aee8e8d6-0900-4507-be4e-b607e26cda23,trening,S5500,29,154970,
label_test_2,aee8e8d6-0900-4507-be4e-b607e26cda23,hq_label,reference,100,47531,
label_test_2,aee8e8d6-0900-4507-be4e-b607e26cda23,hq_label,S7000,68,47531,
label_test_2,aee8e8d6-0900-4507-be4e-b607e26cda23,hq_label,S12000,80,47531,
label_test_2,aee8e8d6-0900-4507-be4e-b607e26cda23,hq_label,S3500,24,47531,
label_test_2,aee8e8d6-0900-4507-be4e-b607e26cda23,hq_label,S8000,39,47531,
label_test_2,aee8e8d6-0900-4507-be4e-b607e26cda23,hq_label,S5500,52,47531,
label_test_2,aee8e8d6-0900-4507-be4e-b607e26cda23,hq_label,S9300,63,47531,
label_test_2,aee8e8d6-0900-4507-be4e-b607e26cda23,hq_label,S11300,93,47531,
label_test_2,aee8e8d6-0900-4507-be4e-b607e26cda23,hq_label,S10700,98,47531,
label_test_2,aee8e8d6-0900-4507-be4e-b607e26cda23,hq_label,S8700,45,47531,
label_test_2,aee8e8d6-0900-4507-be4e-b607e26cda23,hq_label,S10000,95,47531,
label_test_2,aee8e8d6-0900-4507-be4e-b607e26cda23,hq_label,reference,100,73839,
label_test_2,aee8e8d6-0900-4507-be4e-b607e26cda23,hq_label,S9300,69,73839,
label_test_2,aee8e8d6-0900-4507-be4e-b607e26cda23,hq_label,S8000,36,73839,
label_test_2,aee8e8d6-0900-4507-be4e-b607e26cda23,hq_label,S11300,91,73839,
label_test_2,aee8e8d6-0900-4507-be4e-b607e26cda23,hq_label,S12000,99,73839,
label_test_2,aee8e8d6-0900-4507-be4e-b607e26cda23,hq_label,S10000,81,73839,
label_test_2,aee8e8d6-0900-4507-be4e-b607e26cda23,hq_label,S8700,84,73839,
label_test_2,aee8e8d6-0900-4507-be4e-b607e26cda23,hq_label,S3500,17,73839,
label_test_2,aee8e8d6-0900-4507-be4e-b607e26cda23,hq_label,S10700,94,73839,
label_test_2,aee8e8d6-0900-4507-be4e-b607e26cda23,hq_label,S7000,41,73839,
label_test_2,aee8e8d6-0900-4507-be4e-b607e26cda23,hq_label,S5500,24,73839,
label_test_2,30a3bf2a-b5a4-404f-8910-44f224a6357b,trening,reference,100,276291,
label_test_2,30a3bf2a-b5a4-404f-8910-44f224a6357b,trening,S9300,28,276291,
label_test_2,30a3bf2a-b5a4-404f-8910-44f224a6357b,trening,S7000,12,276291,
label_test_2,30a3bf2a-b5a4-404f-8910-44f224a6357b,trening,S8000,18,276291,
label_test_2,30a3bf2a-b5a4-404f-8910-44f224a6357b,trening,S12000,51,276291,
label_test_2,30a3bf2a-b5a4-404f-8910-44f224a6357b,trening,S5500,6,276291,
label_test_2,30a3bf2a-b5a4-404f-8910-44f224a6357b,trening,S10700,40,276291,
label_test_2,30a3bf2a-b5a4-404f-8910-44f224a6357b,trening,S8700,25,276291,
label_test_2,30a3bf2a-b5a4-404f-8910-44f224a6357b,trening,S11300,71,276291,
label_test_2,30a3bf2a-b5a4-404f-8910-44f224a6357b,trening,S10000,34,276291,
label_test_2,30a3bf2a-b5a4-404f-8910-44f224a6357b,trening,S3500,3,276291,
label_test_2,30a3bf2a-b5a4-404f-8910-44f224a6357b,hq_label,S8000,41,139327,
label_test_2,30a3bf2a-b5a4-404f-8910-44f224a6357b,hq_label,S7000,30,139327,
label_test_2,30a3bf2a-b5a4-404f-8910-44f224a6357b,hq_label,S11300,68,139327,
label_test_2,30a3bf2a-b5a4-404f-8910-44f224a6357b,hq_label,S10700,62,139327,
label_test_2,30a3bf2a-b5a4-404f-8910-44f224a6357b,hq_label,reference,100,139327,
label_test_2,30a3bf2a-b5a4-404f-8910-44f224a6357b,hq_label,S10000,57,139327,
label_test_2,30a3bf2a-b5a4-404f-8910-44f224a6357b,hq_label,S9300,57,139327,
label_test_2,30a3bf2a-b5a4-404f-8910-44f224a6357b,hq_label,S12000,75,139327,
label_test_2,30a3bf2a-b5a4-404f-8910-44f224a6357b,hq_label,S3500,11,139327,
label_test_2,30a3bf2a-b5a4-404f-8910-44f224a6357b,hq_label,S8700,57,139327,
label_test_2,30a3bf2a-b5a4-404f-8910-44f224a6357b,hq_label,S5500,20,139327,
label_test_2,30a3bf2a-b5a4-404f-8910-44f224a6357b,hq_label,S9300,49,127234,
label_test_2,30a3bf2a-b5a4-404f-8910-44f224a6357b,hq_label,S8000,42,127234,
label_test_2,30a3bf2a-b5a4-404f-8910-44f224a6357b,hq_label,S11300,76,127234,
label_test_2,30a3bf2a-b5a4-404f-8910-44f224a6357b,hq_label,S7000,25,127234,
label_test_2,30a3bf2a-b5a4-404f-8910-44f224a6357b,hq_label,S8700,35,127234,
label_test_2,30a3bf2a-b5a4-404f-8910-44f224a6357b,hq_label,S3500,6,127234,
label_test_2,30a3bf2a-b5a4-404f-8910-44f224a6357b,hq_label,S10700,68,127234,
label_test_2,30a3bf2a-b5a4-404f-8910-44f224a6357b,hq_label,S12000,80,127234,
label_test_2,30a3bf2a-b5a4-404f-8910-44f224a6357b,hq_label,S5500,8,127234,
label_test_2,30a3bf2a-b5a4-404f-8910-44f224a6357b,hq_label,S10000,56,127234,
label_test_2,30a3bf2a-b5a4-404f-8910-44f224a6357b,hq_label,reference,100,127234,
label_test_2,5e67f257-33d4-4679-bc4f-24a8159b8bcd,trening,reference,100,143248,
label_test_2,5e67f257-33d4-4679-bc4f-24a8159b8bcd,trening,S12000,100,143248,
label_test_2,5e67f257-33d4-4679-bc4f-24a8159b8bcd,trening,S8700,34,143248,
label_test_2,5e67f257-33d4-4679-bc4f-24a8159b8bcd,trening,S10700,51,143248,
label_test_2,5e67f257-33d4-4679-bc4f-24a8159b8bcd,trening,S11300,58,143248,
label_test_2,5e67f257-33d4-4679-bc4f-24a8159b8bcd,trening,S7000,20,143248,
label_test_2,5e67f257-33d4-4679-bc4f-24a8159b8bcd,trening,S10000,79,143248,
label_test_2,5e67f257-33d4-4679-bc4f-24a8159b8bcd,trening,S9300,51,143248,
label_test_2,5e67f257-33d4-4679-bc4f-24a8159b8bcd,trening,S8000,45,143248,
label_test_2,5e67f257-33d4-4679-bc4f-24a8159b8bcd,trening,S5500,32,143248,
label_test_2,5e67f257-33d4-4679-bc4f-24a8159b8bcd,trening,S3500,12,143248,
label_test_2,5e67f257-33d4-4679-bc4f-24a8159b8bcd,hq_label,S9300,62,167430,
label_test_2,5e67f257-33d4-4679-bc4f-24a8159b8bcd,hq_label,S5500,28,167430,
label_test_2,5e67f257-33d4-4679-bc4f-24a8159b8bcd,hq_label,S12000,92,167430,
label_test_2,5e67f257-33d4-4679-bc4f-24a8159b8bcd,hq_label,S8000,45,167430,
label_test_2,5e67f257-33d4-4679-bc4f-24a8159b8bcd,hq_label,S7000,37,167430,
label_test_2,5e67f257-33d4-4679-bc4f-24a8159b8bcd,hq_label,S11300,81,167430,
label_test_2,5e67f257-33d4-4679-bc4f-24a8159b8bcd,hq_label,S3500,16,167430,
label_test_2,5e67f257-33d4-4679-bc4f-24a8159b8bcd,hq_label,reference,100,167430,
label_test_2,5e67f257-33d4-4679-bc4f-24a8159b8bcd,hq_label,S10700,73,167430,
label_test_2,5e67f257-33d4-4679-bc4f-24a8159b8bcd,hq_label,S10000,73,167430,
label_test_2,5e67f257-33d4-4679-bc4f-24a8159b8bcd,hq_label,S8700,54,167430,
label_test_2,5e67f257-33d4-4679-bc4f-24a8159b8bcd,hq_label,S5500,21,200463,
label_test_2,5e67f257-33d4-4679-bc4f-24a8159b8bcd,hq_label,S10000,89,200463,
label_test_2,5e67f257-33d4-4679-bc4f-24a8159b8bcd,hq_label,S11300,96,200463,
label_test_2,5e67f257-33d4-4679-bc4f-24a8159b8bcd,hq_label,S9300,64,200463,
label_test_2,5e67f257-33d4-4679-bc4f-24a8159b8bcd,hq_label,S7000,34,200463,
label_test_2,5e67f257-33d4-4679-bc4f-24a8159b8bcd,hq_label,S10700,89,200463,
label_test_2,5e67f257-33d4-4679-bc4f-24a8159b8bcd,hq_label,S8000,68,200463,
label_test_2,5e67f257-33d4-4679-bc4f-24a8159b8bcd,hq_label,S8700,77,200463,
label_test_2,5e67f257-33d4-4679-bc4f-24a8159b8bcd,hq_label,S12000,100,200463,
label_test_2,5e67f257-33d4-4679-bc4f-24a8159b8bcd,hq_label,S3500,12,200463,
label_test_2,5e67f257-33d4-4679-bc4f-24a8159b8bcd,hq_label,reference,100,200463,
label_test_2,1e3bb1c6-6b0a-4fc7-9bc1-05adf5212d58,trening,S7000,51,456429,
label_test_2,1e3bb1c6-6b0a-4fc7-9bc1-05adf5212d58,trening,S10000,69,456429,
label_test_2,1e3bb1c6-6b0a-4fc7-9bc1-05adf5212d58,trening,reference,100,456429,
label_test_2,1e3bb1c6-6b0a-4fc7-9bc1-05adf5212d58,trening,S12000,75,456429,
label_test_2,1e3bb1c6-6b0a-4fc7-9bc1-05adf5212d58,trening,S5500,33,456429,
label_test_2,1e3bb1c6-6b0a-4fc7-9bc1-05adf5212d58,trening,S10700,78,456429,
label_test_2,1e3bb1c6-6b0a-4fc7-9bc1-05adf5212d58,trening,S9300,66,456429,
label_test_2,1e3bb1c6-6b0a-4fc7-9bc1-05adf5212d58,trening,S8700,45,456429,
label_test_2,1e3bb1c6-6b0a-4fc7-9bc1-05adf5212d58,trening,S8000,46,456429,
label_test_2,1e3bb1c6-6b0a-4fc7-9bc1-05adf5212d58,trening,S11300,72,456429,
label_test_2,1e3bb1c6-6b0a-4fc7-9bc1-05adf5212d58,trening,S3500,6,456429,
label_test_2,1e3bb1c6-6b0a-4fc7-9bc1-05adf5212d58,hq_label,S8700,36,246385,
label_test_2,1e3bb1c6-6b0a-4fc7-9bc1-05adf5212d58,hq_label,S10000,55,246385,
label_test_2,1e3bb1c6-6b0a-4fc7-9bc1-05adf5212d58,hq_label,S12000,81,246385,
label_test_2,1e3bb1c6-6b0a-4fc7-9bc1-05adf5212d58,hq_label,S3500,11,246385,
label_test_2,1e3bb1c6-6b0a-4fc7-9bc1-05adf5212d58,hq_label,S7000,52,246385,
label_test_2,1e3bb1c6-6b0a-4fc7-9bc1-05adf5212d58,hq_label,S5500,32,246385,
label_test_2,1e3bb1c6-6b0a-4fc7-9bc1-05adf5212d58,hq_label,S10700,77,246385,
label_test_2,1e3bb1c6-6b0a-4fc7-9bc1-05adf5212d58,hq_label,S11300,79,246385,
label_test_2,1e3bb1c6-6b0a-4fc7-9bc1-05adf5212d58,hq_label,S9300,68,246385,
label_test_2,1e3bb1c6-6b0a-4fc7-9bc1-05adf5212d58,hq_label,S8000,62,246385,
label_test_2,1e3bb1c6-6b0a-4fc7-9bc1-05adf5212d58,hq_label,reference,100,246385,
label_test_2,1e3bb1c6-6b0a-4fc7-9bc1-05adf5212d58,hq_label,S3500,13,172624,
label_test_2,1e3bb1c6-6b0a-4fc7-9bc1-05adf5212d58,hq_label,S8700,40,172624,
label_test_2,1e3bb1c6-6b0a-4fc7-9bc1-05adf5212d58,hq_label,reference,100,172624,
label_test_2,1e3bb1c6-6b0a-4fc7-9bc1-05adf5212d58,hq_label,S8000,54,172624,
label_test_2,1e3bb1c6-6b0a-4fc7-9bc1-05adf5212d58,hq_label,S5500,13,172624,
label_test_2,1e3bb1c6-6b0a-4fc7-9bc1-05adf5212d58,hq_label,S11300,65,172624,
label_test_2,1e3bb1c6-6b0a-4fc7-9bc1-05adf5212d58,hq_label,S10700,71,172624,
label_test_2,1e3bb1c6-6b0a-4fc7-9bc1-05adf5212d58,hq_label,S9300,55,172624,
label_test_2,1e3bb1c6-6b0a-4fc7-9bc1-05adf5212d58,hq_label,S7000,33,172624,
label_test_2,1e3bb1c6-6b0a-4fc7-9bc1-05adf5212d58,hq_label,S12000,62,172624,
label_test_2,1e3bb1c6-6b0a-4fc7-9bc1-05adf5212d58,hq_label,S10000,71,172624,
label_test_2,32947645-bde0-4aaa-9fca-fb10bf968bc7,trening,S8000,48,305122,
label_test_2,32947645-bde0-4aaa-9fca-fb10bf968bc7,trening,reference,100,305122,
label_test_2,32947645-bde0-4aaa-9fca-fb10bf968bc7,trening,S7000,35,305122,
label_test_2,32947645-bde0-4aaa-9fca-fb10bf968bc7,trening,S11300,79,305122,
label_test_2,32947645-bde0-4aaa-9fca-fb10bf968bc7,trening,S9300,58,305122,
label_test_2,32947645-bde0-4aaa-9fca-fb10bf968bc7,trening,S10700,74,305122,
label_test_2,32947645-bde0-4aaa-9fca-fb10bf968bc7,trening,S5500,9,305122,
label_test_2,32947645-bde0-4aaa-9fca-fb10bf968bc7,trening,S10000,60,305122,
label_test_2,32947645-bde0-4aaa-9fca-fb10bf968bc7,trening,S12000,85,305122,
label_test_2,32947645-bde0-4aaa-9fca-fb10bf968bc7,trening,S3500,0,305122,
label_test_2,32947645-bde0-4aaa-9fca-fb10bf968bc7,trening,S8700,52,305122,
label_test_2,32947645-bde0-4aaa-9fca-fb10bf968bc7,hq_label,S8700,58,299739,
label_test_2,32947645-bde0-4aaa-9fca-fb10bf968bc7,hq_label,S5500,21,299739,
label_test_2,32947645-bde0-4aaa-9fca-fb10bf968bc7,hq_label,S10000,74,299739,
label_test_2,32947645-bde0-4aaa-9fca-fb10bf968bc7,hq_label,S10700,83,299739,
label_test_2,32947645-bde0-4aaa-9fca-fb10bf968bc7,hq_label,S7000,34,299739,
label_test_2,32947645-bde0-4aaa-9fca-fb10bf968bc7,hq_label,S3500,0,299739,
label_test_2,32947645-bde0-4aaa-9fca-fb10bf968bc7,hq_label,S12000,94,299739,
label_test_2,32947645-bde0-4aaa-9fca-fb10bf968bc7,hq_label,S8000,40,299739,
label_test_2,32947645-bde0-4aaa-9fca-fb10bf968bc7,hq_label,reference,100,299739,
label_test_2,32947645-bde0-4aaa-9fca-fb10bf968bc7,hq_label,S11300,83,299739,
label_test_2,32947645-bde0-4aaa-9fca-fb10bf968bc7,hq_label,S9300,52,299739,
label_test_2,32947645-bde0-4aaa-9fca-fb10bf968bc7,hq_label,S9300,50,188422,
label_test_2,32947645-bde0-4aaa-9fca-fb10bf968bc7,hq_label,reference,100,188422,
label_test_2,32947645-bde0-4aaa-9fca-fb10bf968bc7,hq_label,S11300,71,188422,
label_test_2,32947645-bde0-4aaa-9fca-fb10bf968bc7,hq_label,S10700,71,188422,
label_test_2,32947645-bde0-4aaa-9fca-fb10bf968bc7,hq_label,S7000,30,188422,
label_test_2,32947645-bde0-4aaa-9fca-fb10bf968bc7,hq_label,S12000,79,188422,
label_test_2,32947645-bde0-4aaa-9fca-fb10bf968bc7,hq_label,S8000,31,188422,
label_test_2,32947645-bde0-4aaa-9fca-fb10bf968bc7,hq_label,S10000,50,188422,
label_test_2,32947645-bde0-4aaa-9fca-fb10bf968bc7,hq_label,S8700,33,188422,
label_test_2,32947645-bde0-4aaa-9fca-fb10bf968bc7,hq_label,S3500,0,188422,
label_test_2,32947645-bde0-4aaa-9fca-fb10bf968bc7,hq_label,S5500,22,188422,
label_test_2,edef14c5-bdac-47a8-9ec3-f9cb98c97b12,trening,S10000,49,177700,
label_test_2,edef14c5-bdac-47a8-9ec3-f9cb98c97b12,trening,S12000,91,177700,
label_test_2,edef14c5-bdac-47a8-9ec3-f9cb98c97b12,trening,S9300,37,177700,
label_test_2,edef14c5-bdac-47a8-9ec3-f9cb98c97b12,trening,S11300,84,177700,
label_test_2,edef14c5-bdac-47a8-9ec3-f9cb98c97b12,trening,S10700,71,177700,
label_test_2,edef14c5-bdac-47a8-9ec3-f9cb98c97b12,trening,S8700,59,177700,
label_test_2,edef14c5-bdac-47a8-9ec3-f9cb98c97b12,trening,S8000,41,177700,
label_test_2,edef14c5-bdac-47a8-9ec3-f9cb98c97b12,trening,reference,92,177700,
label_test_2,edef14c5-bdac-47a8-9ec3-f9cb98c97b12,trening,S5500,14,177700,
label_test_2,edef14c5-bdac-47a8-9ec3-f9cb98c97b12,trening,S7000,27,177700,
label_test_2,edef14c5-bdac-47a8-9ec3-f9cb98c97b12,trening,S3500,11,177700,
label_test_2,edef14c5-bdac-47a8-9ec3-f9cb98c97b12,hq_label,S5500,34,97677,
label_test_2,edef14c5-bdac-47a8-9ec3-f9cb98c97b12,hq_label,S10700,89,97677,
label_test_2,edef14c5-bdac-47a8-9ec3-f9cb98c97b12,hq_label,S3500,21,97677,
label_test_2,edef14c5-bdac-47a8-9ec3-f9cb98c97b12,hq_label,S11300,77,97677,
label_test_2,edef14c5-bdac-47a8-9ec3-f9cb98c97b12,hq_label,S10000,87,97677,
label_test_2,edef14c5-bdac-47a8-9ec3-f9cb98c97b12,hq_label,S7000,63,97677,
label_test_2,edef14c5-bdac-47a8-9ec3-f9cb98c97b12,hq_label,S8000,54,97677,
label_test_2,edef14c5-bdac-47a8-9ec3-f9cb98c97b12,hq_label,S9300,65,97677,
label_test_2,edef14c5-bdac-47a8-9ec3-f9cb98c97b12,hq_label,S8700,51,97677,
label_test_2,edef14c5-bdac-47a8-9ec3-f9cb98c97b12,hq_label,S12000,70,97677,
label_test_2,edef14c5-bdac-47a8-9ec3-f9cb98c97b12,hq_label,reference,100,97677,
label_test_2,edef14c5-bdac-47a8-9ec3-f9cb98c97b12,hq_label,S12000,73,69828,
label_test_2,edef14c5-bdac-47a8-9ec3-f9cb98c97b12,hq_label,S8000,58,69828,
label_test_2,edef14c5-bdac-47a8-9ec3-f9cb98c97b12,hq_label,S10700,78,69828,
label_test_2,edef14c5-bdac-47a8-9ec3-f9cb98c97b12,hq_label,S7000,52,69828,
label_test_2,edef14c5-bdac-47a8-9ec3-f9cb98c97b12,hq_label,S10000,40,69828,
label_test_2,edef14c5-bdac-47a8-9ec3-f9cb98c97b12,hq_label,S11300,66,69828,
label_test_2,edef14c5-bdac-47a8-9ec3-f9cb98c97b12,hq_label,S3500,28,69828,
label_test_2,edef14c5-bdac-47a8-9ec3-f9cb98c97b12,hq_label,S8700,47,69828,
label_test_2,edef14c5-bdac-47a8-9ec3-f9cb98c97b12,hq_label,S5500,33,69828,
label_test_2,edef14c5-bdac-47a8-9ec3-f9cb98c97b12,hq_label,S9300,59,69828,
label_test_2,edef14c5-bdac-47a8-9ec3-f9cb98c97b12,hq_label,reference,100,69828,
label_test_2,f4d48321-a107-494b-b23e-168d9fa3ab16,trening,S7000,41,168445,
label_test_2,f4d48321-a107-494b-b23e-168d9fa3ab16,trening,S8000,58,168445,
label_test_2,f4d48321-a107-494b-b23e-168d9fa3ab16,trening,reference,100,168445,
label_test_2,f4d48321-a107-494b-b23e-168d9fa3ab16,trening,S11300,73,168445,
label_test_2,f4d48321-a107-494b-b23e-168d9fa3ab16,trening,S8700,62,168445,
label_test_2,f4d48321-a107-494b-b23e-168d9fa3ab16,trening,S3500,21,168445,
label_test_2,f4d48321-a107-494b-b23e-168d9fa3ab16,trening,S9300,59,168445,
label_test_2,f4d48321-a107-494b-b23e-168d9fa3ab16,trening,S10000,76,168445,
label_test_2,f4d48321-a107-494b-b23e-168d9fa3ab16,trening,S10700,65,168445,
label_test_2,f4d48321-a107-494b-b23e-168d9fa3ab16,trening,S12000,87,168445,
label_test_2,f4d48321-a107-494b-b23e-168d9fa3ab16,trening,S5500,29,168445,
label_test_2,f4d48321-a107-494b-b23e-168d9fa3ab16,hq_label,S3500,13,104097,
label_test_2,f4d48321-a107-494b-b23e-168d9fa3ab16,hq_label,S8700,51,104097,
label_test_2,f4d48321-a107-494b-b23e-168d9fa3ab16,hq_label,S7000,25,104097,
label_test_2,f4d48321-a107-494b-b23e-168d9fa3ab16,hq_label,reference,100,104097,
label_test_2,f4d48321-a107-494b-b23e-168d9fa3ab16,hq_label,S10000,55,104097,
label_test_2,f4d48321-a107-494b-b23e-168d9fa3ab16,hq_label,S11300,81,104097,
label_test_2,f4d48321-a107-494b-b23e-168d9fa3ab16,hq_label,S8000,44,104097,
label_test_2,f4d48321-a107-494b-b23e-168d9fa3ab16,hq_label,S5500,32,104097,
label_test_2,f4d48321-a107-494b-b23e-168d9fa3ab16,hq_label,S12000,60,104097,
label_test_2,f4d48321-a107-494b-b23e-168d9fa3ab16,hq_label,S10700,87,104097,
label_test_2,f4d48321-a107-494b-b23e-168d9fa3ab16,hq_label,S9300,74,104097,
label_test_2,f4d48321-a107-494b-b23e-168d9fa3ab16,hq_label,S9300,47,80980,
label_test_2,f4d48321-a107-494b-b23e-168d9fa3ab16,hq_label,S12000,87,80980,
label_test_2,f4d48321-a107-494b-b23e-168d9fa3ab16,hq_label,S8700,43,80980,
label_test_2,f4d48321-a107-494b-b23e-168d9fa3ab16,hq_label,S10000,80,80980,
label_test_2,f4d48321-a107-494b-b23e-168d9fa3ab16,hq_label,reference,100,80980,
label_test_2,f4d48321-a107-494b-b23e-168d9fa3ab16,hq_label,S8000,30,80980,
label_test_2,f4d48321-a107-494b-b23e-168d9fa3ab16,hq_label,S10700,54,80980,
label_test_2,f4d48321-a107-494b-b23e-168d9fa3ab16,hq_label,S7000,26,80980,
label_test_2,f4d48321-a107-494b-b23e-168d9fa3ab16,hq_label,S5500,16,80980,
label_test_2,f4d48321-a107-494b-b23e-168d9fa3ab16,hq_label,S3500,8,80980,
label_test_2,f4d48321-a107-494b-b23e-168d9fa3ab16,hq_label,S11300,87,80980,
label_test_2,615940c7-35c5-4aa0-be03-7cb6988e159d,trening,S10700,50,252902,
label_test_2,615940c7-35c5-4aa0-be03-7cb6988e159d,trening,S8000,20,252902,
label_test_2,615940c7-35c5-4aa0-be03-7cb6988e159d,trening,S5500,15,252902,
label_test_2,615940c7-35c5-4aa0-be03-7cb6988e159d,trening,S3500,25,252902,
label_test_2,615940c7-35c5-4aa0-be03-7cb6988e159d,trening,S9300,40,252902,
label_test_2,615940c7-35c5-4aa0-be03-7cb6988e159d,trening,S7000,17,252902,
label_test_2,615940c7-35c5-4aa0-be03-7cb6988e159d,trening,S8700,35,252902,
label_test_2,615940c7-35c5-4aa0-be03-7cb6988e159d,trening,S12000,80,252902,
label_test_2,615940c7-35c5-4aa0-be03-7cb6988e159d,trening,reference,100,252902,
label_test_2,615940c7-35c5-4aa0-be03-7cb6988e159d,trening,S10000,45,252902,
label_test_2,615940c7-35c5-4aa0-be03-7cb6988e159d,trening,S11300,70,252902,
label_test_2,615940c7-35c5-4aa0-be03-7cb6988e159d,hq_label,reference,100,99492,
label_test_2,615940c7-35c5-4aa0-be03-7cb6988e159d,hq_label,S8000,15,99492,
label_test_2,615940c7-35c5-4aa0-be03-7cb6988e159d,hq_label,S10000,75,99492,
label_test_2,615940c7-35c5-4aa0-be03-7cb6988e159d,hq_label,S7000,10,99492,
label_test_2,615940c7-35c5-4aa0-be03-7cb6988e159d,hq_label,S10700,60,99492,
label_test_2,615940c7-35c5-4aa0-be03-7cb6988e159d,hq_label,S12000,70,99492,
label_test_2,615940c7-35c5-4aa0-be03-7cb6988e159d,hq_label,S5500,35,99492,
label_test_2,615940c7-35c5-4aa0-be03-7cb6988e159d,hq_label,S11300,50,99492,
label_test_2,615940c7-35c5-4aa0-be03-7cb6988e159d,hq_label,S3500,0,99492,
label_test_2,615940c7-35c5-4aa0-be03-7cb6988e159d,hq_label,S9300,30,99492,
label_test_2,615940c7-35c5-4aa0-be03-7cb6988e159d,hq_label,S8700,40,99492,
label_test_2,615940c7-35c5-4aa0-be03-7cb6988e159d,hq_label,S3500,0,99653,
label_test_2,615940c7-35c5-4aa0-be03-7cb6988e159d,hq_label,S8000,20,99653,
label_test_2,615940c7-35c5-4aa0-be03-7cb6988e159d,hq_label,S7000,25,99653,
label_test_2,615940c7-35c5-4aa0-be03-7cb6988e159d,hq_label,S5500,35,99653,
label_test_2,615940c7-35c5-4aa0-be03-7cb6988e159d,hq_label,S10000,40,99653,
label_test_2,615940c7-35c5-4aa0-be03-7cb6988e159d,hq_label,S12000,75,99653,
label_test_2,615940c7-35c5-4aa0-be03-7cb6988e159d,hq_label,S11300,80,99653,
label_test_2,615940c7-35c5-4aa0-be03-7cb6988e159d,hq_label,S10700,70,99653,
label_test_2,615940c7-35c5-4aa0-be03-7cb6988e159d,hq_label,S9300,35,99653,
label_test_2,615940c7-35c5-4aa0-be03-7cb6988e159d,hq_label,S8700,15,99653,
label_test_2,615940c7-35c5-4aa0-be03-7cb6988e159d,hq_label,reference,100,99653,
label_test_2,672cbc8e-262b-4b88-880e-bd1ce260cb1b,trening,S7000,50,88447,
label_test_2,672cbc8e-262b-4b88-880e-bd1ce260cb1b,trening,S9300,65,88447,
label_test_2,672cbc8e-262b-4b88-880e-bd1ce260cb1b,trening,S11300,75,88447,
label_test_2,672cbc8e-262b-4b88-880e-bd1ce260cb1b,trening,S10000,82,88447,
label_test_2,672cbc8e-262b-4b88-880e-bd1ce260cb1b,trening,S8700,36,88447,
label_test_2,672cbc8e-262b-4b88-880e-bd1ce260cb1b,trening,S12000,100,88447,
label_test_2,672cbc8e-262b-4b88-880e-bd1ce260cb1b,trening,S8000,57,88447,
label_test_2,672cbc8e-262b-4b88-880e-bd1ce260cb1b,trening,S3500,21,88447,
label_test_2,672cbc8e-262b-4b88-880e-bd1ce260cb1b,trening,S10700,95,88447,
label_test_2,672cbc8e-262b-4b88-880e-bd1ce260cb1b,trening,S5500,35,88447,
label_test_2,672cbc8e-262b-4b88-880e-bd1ce260cb1b,trening,reference,100,88447,
label_test_2,672cbc8e-262b-4b88-880e-bd1ce260cb1b,hq_label,S11300,95,77226,
label_test_2,672cbc8e-262b-4b88-880e-bd1ce260cb1b,hq_label,S7000,41,77226,
label_test_2,672cbc8e-262b-4b88-880e-bd1ce260cb1b,hq_label,S9300,61,77226,
label_test_2,672cbc8e-262b-4b88-880e-bd1ce260cb1b,hq_label,S5500,25,77226,
label_test_2,672cbc8e-262b-4b88-880e-bd1ce260cb1b,hq_label,S12000,97,77226,
label_test_2,672cbc8e-262b-4b88-880e-bd1ce260cb1b,hq_label,S8000,59,77226,
label_test_2,672cbc8e-262b-4b88-880e-bd1ce260cb1b,hq_label,S10700,94,77226,
label_test_2,672cbc8e-262b-4b88-880e-bd1ce260cb1b,hq_label,S8700,71,77226,
label_test_2,672cbc8e-262b-4b88-880e-bd1ce260cb1b,hq_label,reference,100,77226,
label_test_2,672cbc8e-262b-4b88-880e-bd1ce260cb1b,hq_label,S10000,81,77226,
label_test_2,672cbc8e-262b-4b88-880e-bd1ce260cb1b,hq_label,S3500,11,77226,
label_test_2,672cbc8e-262b-4b88-880e-bd1ce260cb1b,hq_label,S5500,14,50784,
label_test_2,672cbc8e-262b-4b88-880e-bd1ce260cb1b,hq_label,S9300,59,50784,
label_test_2,672cbc8e-262b-4b88-880e-bd1ce260cb1b,hq_label,S8000,44,50784,
label_test_2,672cbc8e-262b-4b88-880e-bd1ce260cb1b,hq_label,S11300,100,50784,
label_test_2,672cbc8e-262b-4b88-880e-bd1ce260cb1b,hq_label,S10000,87,50784,
label_test_2,672cbc8e-262b-4b88-880e-bd1ce260cb1b,hq_label,S10700,100,50784,
label_test_2,672cbc8e-262b-4b88-880e-bd1ce260cb1b,hq_label,S3500,13,50784,
label_test_2,672cbc8e-262b-4b88-880e-bd1ce260cb1b,hq_label,S12000,100,50784,
label_test_2,672cbc8e-262b-4b88-880e-bd1ce260cb1b,hq_label,reference,100,50784,
label_test_2,672cbc8e-262b-4b88-880e-bd1ce260cb1b,hq_label,S7000,41,50784,
label_test_2,672cbc8e-262b-4b88-880e-bd1ce260cb1b,hq_label,S8700,54,50784,
label_test_2,9205a510-af66-423f-bd01-df30650e3b25,trening,S3500,65,159565,
label_test_2,9205a510-af66-423f-bd01-df30650e3b25,trening,S8000,70,159565,
label_test_2,9205a510-af66-423f-bd01-df30650e3b25,trening,S9300,85,159565,
label_test_2,9205a510-af66-423f-bd01-df30650e3b25,trening,S11300,95,159565,
label_test_2,9205a510-af66-423f-bd01-df30650e3b25,trening,reference,100,159565,
label_test_2,9205a510-af66-423f-bd01-df30650e3b25,trening,S10000,90,159565,
label_test_2,9205a510-af66-423f-bd01-df30650e3b25,trening,S10700,90,159565,
label_test_2,9205a510-af66-423f-bd01-df30650e3b25,trening,S12000,100,159565,
label_test_2,9205a510-af66-423f-bd01-df30650e3b25,trening,S7000,50,159565,
label_test_2,9205a510-af66-423f-bd01-df30650e3b25,trening,S5500,30,159565,
label_test_2,9205a510-af66-423f-bd01-df30650e3b25,trening,S8700,87,159565,
label_test_2,9205a510-af66-423f-bd01-df30650e3b25,hq_label,S10000,90,84994,
label_test_2,9205a510-af66-423f-bd01-df30650e3b25,hq_label,S3500,12,84994,
label_test_2,9205a510-af66-423f-bd01-df30650e3b25,hq_label,S8700,70,84994,
label_test_2,9205a510-af66-423f-bd01-df30650e3b25,hq_label,S10700,95,84994,
label_test_2,9205a510-af66-423f-bd01-df30650e3b25,hq_label,S12000,100,84994,
label_test_2,9205a510-af66-423f-bd01-df30650e3b25,hq_label,S5500,52,84994,
label_test_2,9205a510-af66-423f-bd01-df30650e3b25,hq_label,S9300,90,84994,
label_test_2,9205a510-af66-423f-bd01-df30650e3b25,hq_label,S7000,75,84994,
label_test_2,9205a510-af66-423f-bd01-df30650e3b25,hq_label,reference,100,84994,
label_test_2,9205a510-af66-423f-bd01-df30650e3b25,hq_label,S11300,95,84994,
label_test_2,9205a510-af66-423f-bd01-df30650e3b25,hq_label,S8000,70,84994,
label_test_2,9205a510-af66-423f-bd01-df30650e3b25,hq_label,S11300,95,82344,
label_test_2,9205a510-af66-423f-bd01-df30650e3b25,hq_label,S8000,69,82344,
label_test_2,9205a510-af66-423f-bd01-df30650e3b25,hq_label,S7000,51,82344,
label_test_2,9205a510-af66-423f-bd01-df30650e3b25,hq_label,S9300,90,82344,
label_test_2,9205a510-af66-423f-bd01-df30650e3b25,hq_label,reference,100,82344,
label_test_2,9205a510-af66-423f-bd01-df30650e3b25,hq_label,S10700,100,82344,
label_test_2,9205a510-af66-423f-bd01-df30650e3b25,hq_label,S3500,0,82344,
label_test_2,9205a510-af66-423f-bd01-df30650e3b25,hq_label,S12000,95,82344,
label_test_2,9205a510-af66-423f-bd01-df30650e3b25,hq_label,S10000,95,82344,
label_test_2,9205a510-af66-423f-bd01-df30650e3b25,hq_label,S8700,65,82344,
label_test_2,9205a510-af66-423f-bd01-df30650e3b25,hq_label,S5500,30,82344,
label_test_2,8d27e8bc-677b-4053-af0b-a5b9a5c0fed8,trening,S3500,21,166186,
label_test_2,8d27e8bc-677b-4053-af0b-a5b9a5c0fed8,trening,S10000,58,166186,
label_test_2,8d27e8bc-677b-4053-af0b-a5b9a5c0fed8,trening,S11300,80,166186,
label_test_2,8d27e8bc-677b-4053-af0b-a5b9a5c0fed8,trening,S9300,60,166186,
label_test_2,8d27e8bc-677b-4053-af0b-a5b9a5c0fed8,trening,S10700,89,166186,
label_test_2,8d27e8bc-677b-4053-af0b-a5b9a5c0fed8,trening,S8000,32,166186,
label_test_2,8d27e8bc-677b-4053-af0b-a5b9a5c0fed8,trening,S12000,93,166186,
label_test_2,8d27e8bc-677b-4053-af0b-a5b9a5c0fed8,trening,S8700,64,166186,
label_test_2,8d27e8bc-677b-4053-af0b-a5b9a5c0fed8,trening,S5500,25,166186,
label_test_2,8d27e8bc-677b-4053-af0b-a5b9a5c0fed8,trening,S7000,47,166186,
label_test_2,8d27e8bc-677b-4053-af0b-a5b9a5c0fed8,trening,reference,100,166186,
label_test_2,8d27e8bc-677b-4053-af0b-a5b9a5c0fed8,hq_label,S8700,54,99022,
label_test_2,8d27e8bc-677b-4053-af0b-a5b9a5c0fed8,hq_label,S12000,87,99022,
label_test_2,8d27e8bc-677b-4053-af0b-a5b9a5c0fed8,hq_label,S8000,41,99022,
label_test_2,8d27e8bc-677b-4053-af0b-a5b9a5c0fed8,hq_label,S10700,82,99022,
label_test_2,8d27e8bc-677b-4053-af0b-a5b9a5c0fed8,hq_label,S11300,91,99022,
label_test_2,8d27e8bc-677b-4053-af0b-a5b9a5c0fed8,hq_label,reference,100,99022,
label_test_2,8d27e8bc-677b-4053-af0b-a5b9a5c0fed8,hq_label,S7000,53,99022,
label_test_2,8d27e8bc-677b-4053-af0b-a5b9a5c0fed8,hq_label,S9300,64,99022,
label_test_2,8d27e8bc-677b-4053-af0b-a5b9a5c0fed8,hq_label,S3500,13,99022,
label_test_2,8d27e8bc-677b-4053-af0b-a5b9a5c0fed8,hq_label,S5500,26,99022,
label_test_2,8d27e8bc-677b-4053-af0b-a5b9a5c0fed8,hq_label,S10000,69,99022,
label_test_2,8d27e8bc-677b-4053-af0b-a5b9a5c0fed8,hq_label,S9300,39,107745,
label_test_2,8d27e8bc-677b-4053-af0b-a5b9a5c0fed8,hq_label,S12000,96,107745,
label_test_2,8d27e8bc-677b-4053-af0b-a5b9a5c0fed8,hq_label,S5500,11,107745,
label_test_2,8d27e8bc-677b-4053-af0b-a5b9a5c0fed8,hq_label,S8700,33,107745,
label_test_2,8d27e8bc-677b-4053-af0b-a5b9a5c0fed8,hq_label,S11300,69,107745,
label_test_2,8d27e8bc-677b-4053-af0b-a5b9a5c0fed8,hq_label,reference,100,107745,
label_test_2,8d27e8bc-677b-4053-af0b-a5b9a5c0fed8,hq_label,S8000,53,107745,
label_test_2,8d27e8bc-677b-4053-af0b-a5b9a5c0fed8,hq_label,S3500,15,107745,
label_test_2,8d27e8bc-677b-4053-af0b-a5b9a5c0fed8,hq_label,S10700,87,107745,
label_test_2,8d27e8bc-677b-4053-af0b-a5b9a5c0fed8,hq_label,S7000,37,107745,
label_test_2,8d27e8bc-677b-4053-af0b-a5b9a5c0fed8,hq_label,S10000,75,107745,
label_test_2,54638b45-95a7-4342-a257-6cc9ec449a56,trening,reference,100,141997,
label_test_2,54638b45-95a7-4342-a257-6cc9ec449a56,trening,S8000,49,141997,
label_test_2,54638b45-95a7-4342-a257-6cc9ec449a56,trening,S7000,57,141997,
label_test_2,54638b45-95a7-4342-a257-6cc9ec449a56,trening,S10700,70,141997,
label_test_2,54638b45-95a7-4342-a257-6cc9ec449a56,trening,S10000,77,141997,
label_test_2,54638b45-95a7-4342-a257-6cc9ec449a56,trening,S9300,67,141997,
label_test_2,54638b45-95a7-4342-a257-6cc9ec449a56,trening,S5500,33,141997,
label_test_2,54638b45-95a7-4342-a257-6cc9ec449a56,trening,S12000,94,141997,
label_test_2,54638b45-95a7-4342-a257-6cc9ec449a56,trening,S3500,27,141997,
label_test_2,54638b45-95a7-4342-a257-6cc9ec449a56,trening,S8700,81,141997,
label_test_2,54638b45-95a7-4342-a257-6cc9ec449a56,trening,S11300,100,141997,
label_test_2,54638b45-95a7-4342-a257-6cc9ec449a56,hq_label,S5500,39,77480,
label_test_2,54638b45-95a7-4342-a257-6cc9ec449a56,hq_label,S9300,90,77480,
label_test_2,54638b45-95a7-4342-a257-6cc9ec449a56,hq_label,S10000,93,77480,
label_test_2,54638b45-95a7-4342-a257-6cc9ec449a56,hq_label,S11300,100,77480,
label_test_2,54638b45-95a7-4342-a257-6cc9ec449a56,hq_label,reference,100,77480,
label_test_2,54638b45-95a7-4342-a257-6cc9ec449a56,hq_label,S8000,65,77480,
label_test_2,54638b45-95a7-4342-a257-6cc9ec449a56,hq_label,S7000,51,77480,
label_test_2,54638b45-95a7-4342-a257-6cc9ec449a56,hq_label,S3500,26,77480,
label_test_2,54638b45-95a7-4342-a257-6cc9ec449a56,hq_label,S12000,100,77480,
label_test_2,54638b45-95a7-4342-a257-6cc9ec449a56,hq_label,S10700,100,77480,
label_test_2,54638b45-95a7-4342-a257-6cc9ec449a56,hq_label,S8700,49,77480,
label_test_2,54638b45-95a7-4342-a257-6cc9ec449a56,hq_label,S3500,41,55214,
label_test_2,54638b45-95a7-4342-a257-6cc9ec449a56,hq_label,S5500,48,55214,
label_test_2,54638b45-95a7-4342-a257-6cc9ec449a56,hq_label,reference,100,55214,
label_test_2,54638b45-95a7-4342-a257-6cc9ec449a56,hq_label,S10000,72,55214,
label_test_2,54638b45-95a7-4342-a257-6cc9ec449a56,hq_label,S9300,70,55214,
label_test_2,54638b45-95a7-4342-a257-6cc9ec449a56,hq_label,S8700,71,55214,
label_test_2,54638b45-95a7-4342-a257-6cc9ec449a56,hq_label,S12000,94,55214,
label_test_2,54638b45-95a7-4342-a257-6cc9ec449a56,hq_label,S8000,65,55214,
label_test_2,54638b45-95a7-4342-a257-6cc9ec449a56,hq_label,S7000,46,55214,
label_test_2,54638b45-95a7-4342-a257-6cc9ec449a56,hq_label,S11300,88,55214,
label_test_2,54638b45-95a7-4342-a257-6cc9ec449a56,hq_label,S10700,100,55214,
label_test_2,baad298f-f8c4-4825-bd0c-71ca84a0adfc,trening,S12000,40,287930,
label_test_2,baad298f-f8c4-4825-bd0c-71ca84a0adfc,trening,S11300,49,287930,
label_test_2,baad298f-f8c4-4825-bd0c-71ca84a0adfc,trening,S3500,15,287930,
label_test_2,baad298f-f8c4-4825-bd0c-71ca84a0adfc,trening,S10700,61,287930,
label_test_2,baad298f-f8c4-4825-bd0c-71ca84a0adfc,trening,S7000,26,287930,
label_test_2,baad298f-f8c4-4825-bd0c-71ca84a0adfc,trening,S10000,51,287930,
label_test_2,baad298f-f8c4-4825-bd0c-71ca84a0adfc,trening,S9300,52,287930,
label_test_2,baad298f-f8c4-4825-bd0c-71ca84a0adfc,trening,reference,100,287930,
label_test_2,baad298f-f8c4-4825-bd0c-71ca84a0adfc,trening,S5500,20,287930,
label_test_2,baad298f-f8c4-4825-bd0c-71ca84a0adfc,trening,S8700,31,287930,
label_test_2,baad298f-f8c4-4825-bd0c-71ca84a0adfc,trening,S8000,24,287930,
label_test_2,baad298f-f8c4-4825-bd0c-71ca84a0adfc,hq_label,S3500,35,75409,
label_test_2,baad298f-f8c4-4825-bd0c-71ca84a0adfc,hq_label,S10700,53,75409,
label_test_2,baad298f-f8c4-4825-bd0c-71ca84a0adfc,hq_label,S8000,38,75409,
label_test_2,baad298f-f8c4-4825-bd0c-71ca84a0adfc,hq_label,S7000,51,75409,
label_test_2,baad298f-f8c4-4825-bd0c-71ca84a0adfc,hq_label,S12000,93,75409,
label_test_2,baad298f-f8c4-4825-bd0c-71ca84a0adfc,hq_label,S9300,71,75409,
label_test_2,baad298f-f8c4-4825-bd0c-71ca84a0adfc,hq_label,S10000,81,75409,
label_test_2,baad298f-f8c4-4825-bd0c-71ca84a0adfc,hq_label,S5500,21,75409,
label_test_2,baad298f-f8c4-4825-bd0c-71ca84a0adfc,hq_label,reference,100,75409,
label_test_2,baad298f-f8c4-4825-bd0c-71ca84a0adfc,hq_label,S8700,50,75409,
label_test_2,baad298f-f8c4-4825-bd0c-71ca84a0adfc,hq_label,S11300,93,75409,
label_test_2,baad298f-f8c4-4825-bd0c-71ca84a0adfc,hq_label,S11300,93,55844,
label_test_2,baad298f-f8c4-4825-bd0c-71ca84a0adfc,hq_label,S12000,96,55844,
label_test_2,baad298f-f8c4-4825-bd0c-71ca84a0adfc,hq_label,S5500,31,55844,
label_test_2,baad298f-f8c4-4825-bd0c-71ca84a0adfc,hq_label,S10700,93,55844,
label_test_2,baad298f-f8c4-4825-bd0c-71ca84a0adfc,hq_label,S3500,23,55844,
label_test_2,baad298f-f8c4-4825-bd0c-71ca84a0adfc,hq_label,S8000,57,55844,
label_test_2,baad298f-f8c4-4825-bd0c-71ca84a0adfc,hq_label,reference,100,55844,
label_test_2,baad298f-f8c4-4825-bd0c-71ca84a0adfc,hq_label,S9300,93,55844,
label_test_2,baad298f-f8c4-4825-bd0c-71ca84a0adfc,hq_label,S7000,57,55844,
label_test_2,baad298f-f8c4-4825-bd0c-71ca84a0adfc,hq_label,S10000,74,55844,
label_test_2,baad298f-f8c4-4825-bd0c-71ca84a0adfc,hq_label,S8700,69,55844,
label_test_2,9e3fbed4-9b3a-49a2-8927-5757f1aaafe9,trening,S3500,0,132098,
label_test_2,9e3fbed4-9b3a-49a2-8927-5757f1aaafe9,trening,S12000,91,132098,
label_test_2,9e3fbed4-9b3a-49a2-8927-5757f1aaafe9,trening,S11300,69,132098,
label_test_2,9e3fbed4-9b3a-49a2-8927-5757f1aaafe9,trening,S10700,43,132098,
label_test_2,9e3fbed4-9b3a-49a2-8927-5757f1aaafe9,trening,S7000,27,132098,
label_test_2,9e3fbed4-9b3a-49a2-8927-5757f1aaafe9,trening,S8000,48,132098,
label_test_2,9e3fbed4-9b3a-49a2-8927-5757f1aaafe9,trening,S9300,55,132098,
label_test_2,9e3fbed4-9b3a-49a2-8927-5757f1aaafe9,trening,reference,88,132098,
label_test_2,9e3fbed4-9b3a-49a2-8927-5757f1aaafe9,trening,S5500,0,132098,
label_test_2,9e3fbed4-9b3a-49a2-8927-5757f1aaafe9,trening,S10000,69,132098,
label_test_2,9e3fbed4-9b3a-49a2-8927-5757f1aaafe9,trening,S8700,31,132098,
label_test_2,9e3fbed4-9b3a-49a2-8927-5757f1aaafe9,hq_label,S9300,39,75478,
label_test_2,9e3fbed4-9b3a-49a2-8927-5757f1aaafe9,hq_label,S11300,64,75478,
label_test_2,9e3fbed4-9b3a-49a2-8927-5757f1aaafe9,hq_label,S5500,3,75478,
label_test_2,9e3fbed4-9b3a-49a2-8927-5757f1aaafe9,hq_label,S10700,65,75478,
label_test_2,9e3fbed4-9b3a-49a2-8927-5757f1aaafe9,hq_label,S8000,11,75478,
label_test_2,9e3fbed4-9b3a-49a2-8927-5757f1aaafe9,hq_label,S8700,11,75478,
label_test_2,9e3fbed4-9b3a-49a2-8927-5757f1aaafe9,hq_label,S10000,27,75478,
label_test_2,9e3fbed4-9b3a-49a2-8927-5757f1aaafe9,hq_label,reference,100,75478,
label_test_2,9e3fbed4-9b3a-49a2-8927-5757f1aaafe9,hq_label,S7000,9,75478,
label_test_2,9e3fbed4-9b3a-49a2-8927-5757f1aaafe9,hq_label,S12000,81,75478,
label_test_2,9e3fbed4-9b3a-49a2-8927-5757f1aaafe9,hq_label,S3500,0,75478,
label_test_2,9e3fbed4-9b3a-49a2-8927-5757f1aaafe9,hq_label,S10000,71,64826,
label_test_2,9e3fbed4-9b3a-49a2-8927-5757f1aaafe9,hq_label,S8000,38,64826,
label_test_2,9e3fbed4-9b3a-49a2-8927-5757f1aaafe9,hq_label,S10700,74,64826,
label_test_2,9e3fbed4-9b3a-49a2-8927-5757f1aaafe9,hq_label,S5500,13,64826,
label_test_2,9e3fbed4-9b3a-49a2-8927-5757f1aaafe9,hq_label,S3500,0,64826,
label_test_2,9e3fbed4-9b3a-49a2-8927-5757f1aaafe9,hq_label,S11300,88,64826,
label_test_2,9e3fbed4-9b3a-49a2-8927-5757f1aaafe9,hq_label,S12000,87,64826,
label_test_2,9e3fbed4-9b3a-49a2-8927-5757f1aaafe9,hq_label,S8700,40,64826,
label_test_2,9e3fbed4-9b3a-49a2-8927-5757f1aaafe9,hq_label,S7000,18,64826,
label_test_2,9e3fbed4-9b3a-49a2-8927-5757f1aaafe9,hq_label,S9300,61,64826,
label_test_2,9e3fbed4-9b3a-49a2-8927-5757f1aaafe9,hq_label,reference,100,64826,
label_test_2,a50a1394-29f4-4078-9dbf-f88561b7bdfd,trening,reference,100,138348,
label_test_2,a50a1394-29f4-4078-9dbf-f88561b7bdfd,trening,S7000,73,138348,
label_test_2,a50a1394-29f4-4078-9dbf-f88561b7bdfd,trening,S9300,84,138348,
label_test_2,a50a1394-29f4-4078-9dbf-f88561b7bdfd,trening,S8700,62,138348,
label_test_2,a50a1394-29f4-4078-9dbf-f88561b7bdfd,trening,S11300,100,138348,
label_test_2,a50a1394-29f4-4078-9dbf-f88561b7bdfd,trening,S10000,78,138348,
label_test_2,a50a1394-29f4-4078-9dbf-f88561b7bdfd,trening,S8000,23,138348,
label_test_2,a50a1394-29f4-4078-9dbf-f88561b7bdfd,trening,S5500,25,138348,
label_test_2,a50a1394-29f4-4078-9dbf-f88561b7bdfd,trening,S3500,9,138348,
label_test_2,a50a1394-29f4-4078-9dbf-f88561b7bdfd,trening,S12000,100,138348,
label_test_2,a50a1394-29f4-4078-9dbf-f88561b7bdfd,trening,S10700,92,138348,
label_test_2,a50a1394-29f4-4078-9dbf-f88561b7bdfd,hq_label,S8700,59,86838,
label_test_2,a50a1394-29f4-4078-9dbf-f88561b7bdfd,hq_label,S10700,100,86838,
label_test_2,a50a1394-29f4-4078-9dbf-f88561b7bdfd,hq_label,S3500,4,86838,
label_test_2,a50a1394-29f4-4078-9dbf-f88561b7bdfd,hq_label,S10000,100,86838,
label_test_2,a50a1394-29f4-4078-9dbf-f88561b7bdfd,hq_label,S5500,44,86838,
label_test_2,a50a1394-29f4-4078-9dbf-f88561b7bdfd,hq_label,S12000,100,86838,
label_test_2,a50a1394-29f4-4078-9dbf-f88561b7bdfd,hq_label,S9300,72,86838,
label_test_2,a50a1394-29f4-4078-9dbf-f88561b7bdfd,hq_label,reference,100,86838,
label_test_2,a50a1394-29f4-4078-9dbf-f88561b7bdfd,hq_label,S7000,54,86838,
label_test_2,a50a1394-29f4-4078-9dbf-f88561b7bdfd,hq_label,S8000,58,86838,
label_test_2,a50a1394-29f4-4078-9dbf-f88561b7bdfd,hq_label,S11300,100,86838,
label_test_2,a50a1394-29f4-4078-9dbf-f88561b7bdfd,hq_label,S10700,78,94083,
label_test_2,a50a1394-29f4-4078-9dbf-f88561b7bdfd,hq_label,S11300,100,94083,
label_test_2,a50a1394-29f4-4078-9dbf-f88561b7bdfd,hq_label,S12000,87,94083,
label_test_2,a50a1394-29f4-4078-9dbf-f88561b7bdfd,hq_label,reference,100,94083,
label_test_2,a50a1394-29f4-4078-9dbf-f88561b7bdfd,hq_label,S7000,45,94083,
label_test_2,a50a1394-29f4-4078-9dbf-f88561b7bdfd,hq_label,S9300,62,94083,
label_test_2,a50a1394-29f4-4078-9dbf-f88561b7bdfd,hq_label,S8700,73,94083,
label_test_2,a50a1394-29f4-4078-9dbf-f88561b7bdfd,hq_label,S8000,85,94083,
label_test_2,a50a1394-29f4-4078-9dbf-f88561b7bdfd,hq_label,S10000,100,94083,
label_test_2,a50a1394-29f4-4078-9dbf-f88561b7bdfd,hq_label,S3500,29,94083,
label_test_2,a50a1394-29f4-4078-9dbf-f88561b7bdfd,hq_label,S5500,52,94083,
label_test_3,eccc47d7-d487-4bc2-a9f0-4800d4fe9e3e,trening,S4000,9,69754,
label_test_3,eccc47d7-d487-4bc2-a9f0-4800d4fe9e3e,trening,S6000,10,69754,
label_test_3,eccc47d7-d487-4bc2-a9f0-4800d4fe9e3e,trening,S3500,0,69754,
label_test_3,eccc47d7-d487-4bc2-a9f0-4800d4fe9e3e,trening,S4500,12,69754,
label_test_3,eccc47d7-d487-4bc2-a9f0-4800d4fe9e3e,trening,S5500,13,69754,
label_test_3,eccc47d7-d487-4bc2-a9f0-4800d4fe9e3e,trening,S5000,13,69754,
label_test_3,eccc47d7-d487-4bc2-a9f0-4800d4fe9e3e,trening,S8000,35,69754,
label_test_3,eccc47d7-d487-4bc2-a9f0-4800d4fe9e3e,trening,reference,100,69754,
label_test_3,eccc47d7-d487-4bc2-a9f0-4800d4fe9e3e,trening,S10000,73,69754,
label_test_3,eccc47d7-d487-4bc2-a9f0-4800d4fe9e3e,trening,S6500,33,69754,
label_test_3,eccc47d7-d487-4bc2-a9f0-4800d4fe9e3e,trening,S7000,25,69754,
label_test_3,eccc47d7-d487-4bc2-a9f0-4800d4fe9e3e,lq_label,S6500,14,42647,
label_test_3,eccc47d7-d487-4bc2-a9f0-4800d4fe9e3e,lq_label,S8000,16,42647,
label_test_3,eccc47d7-d487-4bc2-a9f0-4800d4fe9e3e,lq_label,S5500,15,42647,
label_test_3,eccc47d7-d487-4bc2-a9f0-4800d4fe9e3e,lq_label,S3500,0,42647,
label_test_3,eccc47d7-d487-4bc2-a9f0-4800d4fe9e3e,lq_label,reference,100,42647,
label_test_3,eccc47d7-d487-4bc2-a9f0-4800d4fe9e3e,lq_label,S5000,35,42647,
label_test_3,eccc47d7-d487-4bc2-a9f0-4800d4fe9e3e,lq_label,S10000,55,42647,
label_test_3,eccc47d7-d487-4bc2-a9f0-4800d4fe9e3e,lq_label,S4500,0,42647,
label_test_3,eccc47d7-d487-4bc2-a9f0-4800d4fe9e3e,lq_label,S6000,30,42647,
label_test_3,eccc47d7-d487-4bc2-a9f0-4800d4fe9e3e,lq_label,S7000,15,42647,
label_test_3,eccc47d7-d487-4bc2-a9f0-4800d4fe9e3e,lq_label,S4000,0,42647,
label_test_3,eccc47d7-d487-4bc2-a9f0-4800d4fe9e3e,lq_label,S8000,19,38291,
label_test_3,eccc47d7-d487-4bc2-a9f0-4800d4fe9e3e,lq_label,S10000,29,38291,
label_test_3,eccc47d7-d487-4bc2-a9f0-4800d4fe9e3e,lq_label,S5000,11,38291,
label_test_3,eccc47d7-d487-4bc2-a9f0-4800d4fe9e3e,lq_label,S4000,0,38291,
label_test_3,eccc47d7-d487-4bc2-a9f0-4800d4fe9e3e,lq_label,S6000,15,38291,
label_test_3,eccc47d7-d487-4bc2-a9f0-4800d4fe9e3e,lq_label,S4500,0,38291,
label_test_3,eccc47d7-d487-4bc2-a9f0-4800d4fe9e3e,lq_label,S5500,27,38291,
label_test_3,eccc47d7-d487-4bc2-a9f0-4800d4fe9e3e,lq_label,S7000,47,38291,
label_test_3,eccc47d7-d487-4bc2-a9f0-4800d4fe9e3e,lq_label,S3500,0,38291,
label_test_3,eccc47d7-d487-4bc2-a9f0-4800d4fe9e3e,lq_label,reference,100,38291,
label_test_3,eccc47d7-d487-4bc2-a9f0-4800d4fe9e3e,lq_label,S6500,42,38291,
label_test_3,ad71f920-2df0-4222-a1de-2a64c8289bcf,trening,S7000,53,131105,
label_test_3,ad71f920-2df0-4222-a1de-2a64c8289bcf,trening,reference,100,131105,
label_test_3,ad71f920-2df0-4222-a1de-2a64c8289bcf,trening,S4000,29,131105,
label_test_3,ad71f920-2df0-4222-a1de-2a64c8289bcf,trening,S4500,42,131105,
label_test_3,ad71f920-2df0-4222-a1de-2a64c8289bcf,trening,S6500,49,131105,
label_test_3,ad71f920-2df0-4222-a1de-2a64c8289bcf,trening,S8000,70,131105,
label_test_3,ad71f920-2df0-4222-a1de-2a64c8289bcf,trening,S3500,10,131105,
label_test_3,ad71f920-2df0-4222-a1de-2a64c8289bcf,trening,S10000,91,131105,
label_test_3,ad71f920-2df0-4222-a1de-2a64c8289bcf,trening,S6000,51,131105,
label_test_3,ad71f920-2df0-4222-a1de-2a64c8289bcf,trening,S5500,50,131105,
label_test_3,ad71f920-2df0-4222-a1de-2a64c8289bcf,trening,S5000,45,131105,
label_test_3,ad71f920-2df0-4222-a1de-2a64c8289bcf,lq_label,S6500,61,96168,
label_test_3,ad71f920-2df0-4222-a1de-2a64c8289bcf,lq_label,S5500,51,96168,
label_test_3,ad71f920-2df0-4222-a1de-2a64c8289bcf,lq_label,reference,100,96168,
label_test_3,ad71f920-2df0-4222-a1de-2a64c8289bcf,lq_label,S4000,10,96168,
label_test_3,ad71f920-2df0-4222-a1de-2a64c8289bcf,lq_label,S8000,71,96168,
label_test_3,ad71f920-2df0-4222-a1de-2a64c8289bcf,lq_label,S3500,7,96168,
label_test_3,ad71f920-2df0-4222-a1de-2a64c8289bcf,lq_label,S5000,30,96168,
label_test_3,ad71f920-2df0-4222-a1de-2a64c8289bcf,lq_label,S4500,28,96168,
label_test_3,ad71f920-2df0-4222-a1de-2a64c8289bcf,lq_label,S6000,37,96168,
label_test_3,ad71f920-2df0-4222-a1de-2a64c8289bcf,lq_label,S7000,59,96168,
label_test_3,ad71f920-2df0-4222-a1de-2a64c8289bcf,lq_label,S10000,88,96168,
label_test_3,ad71f920-2df0-4222-a1de-2a64c8289bcf,lq_label,S6000,59,146895,
label_test_3,ad71f920-2df0-4222-a1de-2a64c8289bcf,lq_label,S4500,47,146895,
label_test_3,ad71f920-2df0-4222-a1de-2a64c8289bcf,lq_label,S5500,54,146895,
label_test_3,ad71f920-2df0-4222-a1de-2a64c8289bcf,lq_label,S5000,52,146895,
label_test_3,ad71f920-2df0-4222-a1de-2a64c8289bcf,lq_label,S4000,31,146895,
label_test_3,ad71f920-2df0-4222-a1de-2a64c8289bcf,lq_label,S10000,85,146895,
label_test_3,ad71f920-2df0-4222-a1de-2a64c8289bcf,lq_label,S8000,69,146895,
label_test_3,ad71f920-2df0-4222-a1de-2a64c8289bcf,lq_label,S6500,62,146895,
label_test_3,ad71f920-2df0-4222-a1de-2a64c8289bcf,lq_label,reference,100,146895,
label_test_3,ad71f920-2df0-4222-a1de-2a64c8289bcf,lq_label,S7000,60,146895,
label_test_3,ad71f920-2df0-4222-a1de-2a64c8289bcf,lq_label,S3500,11,146895,
label_test_3,b4a4d124-1bc6-40d2-9c6a-b6faa3027967,trening,S6000,51,226162,
label_test_3,b4a4d124-1bc6-40d2-9c6a-b6faa3027967,trening,S5000,37,226162,
label_test_3,b4a4d124-1bc6-40d2-9c6a-b6faa3027967,trening,S10000,91,226162,
label_test_3,b4a4d124-1bc6-40d2-9c6a-b6faa3027967,trening,S8000,82,226162,
label_test_3,b4a4d124-1bc6-40d2-9c6a-b6faa3027967,trening,S4500,27,226162,
label_test_3,b4a4d124-1bc6-40d2-9c6a-b6faa3027967,trening,S7000,73,226162,
label_test_3,b4a4d124-1bc6-40d2-9c6a-b6faa3027967,trening,S6500,66,226162,
label_test_3,b4a4d124-1bc6-40d2-9c6a-b6faa3027967,trening,S5500,45,226162,
label_test_3,b4a4d124-1bc6-40d2-9c6a-b6faa3027967,trening,reference,100,226162,
label_test_3,b4a4d124-1bc6-40d2-9c6a-b6faa3027967,trening,S4000,18,226162,
label_test_3,b4a4d124-1bc6-40d2-9c6a-b6faa3027967,trening,S3500,11,226162,
label_test_3,b4a4d124-1bc6-40d2-9c6a-b6faa3027967,lq_label,S6000,64,73414,
label_test_3,b4a4d124-1bc6-40d2-9c6a-b6faa3027967,lq_label,S8000,80,73414,
label_test_3,b4a4d124-1bc6-40d2-9c6a-b6faa3027967,lq_label,S10000,90,73414,
label_test_3,b4a4d124-1bc6-40d2-9c6a-b6faa3027967,lq_label,reference,100,73414,
label_test_3,b4a4d124-1bc6-40d2-9c6a-b6faa3027967,lq_label,S4000,17,73414,
label_test_3,b4a4d124-1bc6-40d2-9c6a-b6faa3027967,lq_label,S4500,30,73414,
label_test_3,b4a4d124-1bc6-40d2-9c6a-b6faa3027967,lq_label,S5000,41,73414,
label_test_3,b4a4d124-1bc6-40d2-9c6a-b6faa3027967,lq_label,S6500,58,73414,
label_test_3,b4a4d124-1bc6-40d2-9c6a-b6faa3027967,lq_label,S7000,73,73414,
label_test_3,b4a4d124-1bc6-40d2-9c6a-b6faa3027967,lq_label,S5500,50,73414,
label_test_3,b4a4d124-1bc6-40d2-9c6a-b6faa3027967,lq_label,S3500,10,73414,
label_test_3,b4a4d124-1bc6-40d2-9c6a-b6faa3027967,lq_label,S5000,49,171388,
label_test_3,b4a4d124-1bc6-40d2-9c6a-b6faa3027967,lq_label,S7000,70,171388,
label_test_3,b4a4d124-1bc6-40d2-9c6a-b6faa3027967,lq_label,S10000,88,171388,
label_test_3,b4a4d124-1bc6-40d2-9c6a-b6faa3027967,lq_label,reference,100,171388,
label_test_3,b4a4d124-1bc6-40d2-9c6a-b6faa3027967,lq_label,S5500,53,171388,
label_test_3,b4a4d124-1bc6-40d2-9c6a-b6faa3027967,lq_label,S8000,78,171388,
label_test_3,b4a4d124-1bc6-40d2-9c6a-b6faa3027967,lq_label,S6000,63,171388,
label_test_3,b4a4d124-1bc6-40d2-9c6a-b6faa3027967,lq_label,S3500,10,171388,
label_test_3,b4a4d124-1bc6-40d2-9c6a-b6faa3027967,lq_label,S6500,70,171388,
label_test_3,b4a4d124-1bc6-40d2-9c6a-b6faa3027967,lq_label,S4000,10,171388,
label_test_3,b4a4d124-1bc6-40d2-9c6a-b6faa3027967,lq_label,S4500,18,171388,
label_test_3,d645fb75-4ce9-4ba1-809c-7ddf73a3212b,trening,S5500,24,212184,
label_test_3,d645fb75-4ce9-4ba1-809c-7ddf73a3212b,trening,S6000,30,212184,
label_test_3,d645fb75-4ce9-4ba1-809c-7ddf73a3212b,trening,S10000,73,212184,
label_test_3,d645fb75-4ce9-4ba1-809c-7ddf73a3212b,trening,reference,100,212184,
label_test_3,d645fb75-4ce9-4ba1-809c-7ddf73a3212b,trening,S4500,9,212184,
label_test_3,d645fb75-4ce9-4ba1-809c-7ddf73a3212b,trening,S4000,13,212184,
label_test_3,d645fb75-4ce9-4ba1-809c-7ddf73a3212b,trening,S5000,18,212184,
label_test_3,d645fb75-4ce9-4ba1-809c-7ddf73a3212b,trening,S3500,13,212184,
label_test_3,d645fb75-4ce9-4ba1-809c-7ddf73a3212b,trening,S8000,42,212184,
label_test_3,d645fb75-4ce9-4ba1-809c-7ddf73a3212b,trening,S6500,52,212184,
label_test_3,d645fb75-4ce9-4ba1-809c-7ddf73a3212b,trening,S7000,60,212184,
label_test_3,d645fb75-4ce9-4ba1-809c-7ddf73a3212b,lq_label,S6500,32,201708,
label_test_3,d645fb75-4ce9-4ba1-809c-7ddf73a3212b,lq_label,reference,100,201708,
label_test_3,d645fb75-4ce9-4ba1-809c-7ddf73a3212b,lq_label,S4500,13,201708,
label_test_3,d645fb75-4ce9-4ba1-809c-7ddf73a3212b,lq_label,S5500,23,201708,
label_test_3,d645fb75-4ce9-4ba1-809c-7ddf73a3212b,lq_label,S3500,7,201708,
label_test_3,d645fb75-4ce9-4ba1-809c-7ddf73a3212b,lq_label,S7000,46,201708,
label_test_3,d645fb75-4ce9-4ba1-809c-7ddf73a3212b,lq_label,S8000,60,201708,
label_test_3,d645fb75-4ce9-4ba1-809c-7ddf73a3212b,lq_label,S10000,74,201708,
label_test_3,d645fb75-4ce9-4ba1-809c-7ddf73a3212b,lq_label,S6000,36,201708,
label_test_3,d645fb75-4ce9-4ba1-809c-7ddf73a3212b,lq_label,S4000,9,201708,
label_test_3,d645fb75-4ce9-4ba1-809c-7ddf73a3212b,lq_label,S5000,18,201708,
label_test_3,d645fb75-4ce9-4ba1-809c-7ddf73a3212b,lq_label,S8000,65,117034,
label_test_3,d645fb75-4ce9-4ba1-809c-7ddf73a3212b,lq_label,S5000,28,117034,
label_test_3,d645fb75-4ce9-4ba1-809c-7ddf73a3212b,lq_label,S7000,52,117034,
label_test_3,d645fb75-4ce9-4ba1-809c-7ddf73a3212b,lq_label,S6000,36,117034,
label_test_3,d645fb75-4ce9-4ba1-809c-7ddf73a3212b,lq_label,S4500,26,117034,
label_test_3,d645fb75-4ce9-4ba1-809c-7ddf73a3212b,lq_label,S10000,87,117034,
label_test_3,d645fb75-4ce9-4ba1-809c-7ddf73a3212b,lq_label,S5500,31,117034,
label_test_3,d645fb75-4ce9-4ba1-809c-7ddf73a3212b,lq_label,reference,100,117034,
label_test_3,d645fb75-4ce9-4ba1-809c-7ddf73a3212b,lq_label,S3500,15,117034,
label_test_3,d645fb75-4ce9-4ba1-809c-7ddf73a3212b,lq_label,S6500,36,117034,
label_test_3,d645fb75-4ce9-4ba1-809c-7ddf73a3212b,lq_label,S4000,13,117034,
label_test_3,0bd97b37-bd97-4bc9-9545-289a9363a94d,trening,S5500,40,218345,
label_test_3,0bd97b37-bd97-4bc9-9545-289a9363a94d,trening,S5000,29,218345,
label_test_3,0bd97b37-bd97-4bc9-9545-289a9363a94d,trening,S10000,68,218345,
label_test_3,0bd97b37-bd97-4bc9-9545-289a9363a94d,trening,S6500,35,218345,
label_test_3,0bd97b37-bd97-4bc9-9545-289a9363a94d,trening,S4000,10,218345,
label_test_3,0bd97b37-bd97-4bc9-9545-289a9363a94d,trening,S4500,20,218345,
label_test_3,0bd97b37-bd97-4bc9-9545-289a9363a94d,trening,reference,95,218345,
label_test_3,0bd97b37-bd97-4bc9-9545-289a9363a94d,trening,S6000,40,218345,
label_test_3,0bd97b37-bd97-4bc9-9545-289a9363a94d,trening,S3500,4,218345,
label_test_3,0bd97b37-bd97-4bc9-9545-289a9363a94d,trening,S7000,50,218345,
label_test_3,0bd97b37-bd97-4bc9-9545-289a9363a94d,trening,S8000,50,218345,
label_test_3,0bd97b37-bd97-4bc9-9545-289a9363a94d,lq_label,S6000,50,101468,
label_test_3,0bd97b37-bd97-4bc9-9545-289a9363a94d,lq_label,S7000,59,101468,
label_test_3,0bd97b37-bd97-4bc9-9545-289a9363a94d,lq_label,reference,100,101468,
label_test_3,0bd97b37-bd97-4bc9-9545-289a9363a94d,lq_label,S3500,13,101468,
label_test_3,0bd97b37-bd97-4bc9-9545-289a9363a94d,lq_label,S5000,30,101468,
label_test_3,0bd97b37-bd97-4bc9-9545-289a9363a94d,lq_label,S10000,60,101468,
label_test_3,0bd97b37-bd97-4bc9-9545-289a9363a94d,lq_label,S6500,49,101468,
label_test_3,0bd97b37-bd97-4bc9-9545-289a9363a94d,lq_label,S8000,63,101468,
label_test_3,0bd97b37-bd97-4bc9-9545-289a9363a94d,lq_label,S4000,18,101468,
label_test_3,0bd97b37-bd97-4bc9-9545-289a9363a94d,lq_label,S5500,39,101468,
label_test_3,0bd97b37-bd97-4bc9-9545-289a9363a94d,lq_label,S4500,19,101468,
label_test_3,0bd97b37-bd97-4bc9-9545-289a9363a94d,lq_label,S5500,23,61372,
label_test_3,0bd97b37-bd97-4bc9-9545-289a9363a94d,lq_label,S4000,39,61372,
label_test_3,0bd97b37-bd97-4bc9-9545-289a9363a94d,lq_label,S8000,50,61372,
label_test_3,0bd97b37-bd97-4bc9-9545-289a9363a94d,lq_label,S10000,80,61372,
label_test_3,0bd97b37-bd97-4bc9-9545-289a9363a94d,lq_label,S5000,39,61372,
label_test_3,0bd97b37-bd97-4bc9-9545-289a9363a94d,lq_label,S7000,59,61372,
label_test_3,0bd97b37-bd97-4bc9-9545-289a9363a94d,lq_label,reference,100,61372,
label_test_3,0bd97b37-bd97-4bc9-9545-289a9363a94d,lq_label,S4500,20,61372,
label_test_3,0bd97b37-bd97-4bc9-9545-289a9363a94d,lq_label,S6500,39,61372,
label_test_3,0bd97b37-bd97-4bc9-9545-289a9363a94d,lq_label,S3500,6,61372,
label_test_3,0bd97b37-bd97-4bc9-9545-289a9363a94d,lq_label,S6000,30,61372,
label_test_3,15d29cdb-bfb2-4a48-9de9-dc5e4fdfb2f2,trening,S10000,81,140632,
label_test_3,15d29cdb-bfb2-4a48-9de9-dc5e4fdfb2f2,trening,S5500,27,140632,
label_test_3,15d29cdb-bfb2-4a48-9de9-dc5e4fdfb2f2,trening,S8000,30,140632,
label_test_3,15d29cdb-bfb2-4a48-9de9-dc5e4fdfb2f2,trening,S5000,11,140632,
label_test_3,15d29cdb-bfb2-4a48-9de9-dc5e4fdfb2f2,trening,S4000,6,140632,
label_test_3,15d29cdb-bfb2-4a48-9de9-dc5e4fdfb2f2,trening,S4500,12,140632,
label_test_3,15d29cdb-bfb2-4a48-9de9-dc5e4fdfb2f2,trening,S3500,3,140632,
label_test_3,15d29cdb-bfb2-4a48-9de9-dc5e4fdfb2f2,trening,S7000,39,140632,
label_test_3,15d29cdb-bfb2-4a48-9de9-dc5e4fdfb2f2,trening,S6500,32,140632,
label_test_3,15d29cdb-bfb2-4a48-9de9-dc5e4fdfb2f2,trening,reference,94,140632,
label_test_3,15d29cdb-bfb2-4a48-9de9-dc5e4fdfb2f2,trening,S6000,37,140632,
label_test_3,15d29cdb-bfb2-4a48-9de9-dc5e4fdfb2f2,lq_label,S4500,32,115457,
label_test_3,15d29cdb-bfb2-4a48-9de9-dc5e4fdfb2f2,lq_label,reference,100,115457,
label_test_3,15d29cdb-bfb2-4a48-9de9-dc5e4fdfb2f2,lq_label,S3500,23,115457,
label_test_3,15d29cdb-bfb2-4a48-9de9-dc5e4fdfb2f2,lq_label,S10000,49,115457,
label_test_3,15d29cdb-bfb2-4a48-9de9-dc5e4fdfb2f2,lq_label,S4000,32,115457,
label_test_3,15d29cdb-bfb2-4a48-9de9-dc5e4fdfb2f2,lq_label,S5000,31,115457,
label_test_3,15d29cdb-bfb2-4a48-9de9-dc5e4fdfb2f2,lq_label,S6500,41,115457,
label_test_3,15d29cdb-bfb2-4a48-9de9-dc5e4fdfb2f2,lq_label,S5500,31,115457,
label_test_3,15d29cdb-bfb2-4a48-9de9-dc5e4fdfb2f2,lq_label,S8000,50,115457,
label_test_3,15d29cdb-bfb2-4a48-9de9-dc5e4fdfb2f2,lq_label,S7000,39,115457,
label_test_3,15d29cdb-bfb2-4a48-9de9-dc5e4fdfb2f2,lq_label,S6000,31,115457,
label_test_3,15d29cdb-bfb2-4a48-9de9-dc5e4fdfb2f2,lq_label,reference,100,119001,
label_test_3,15d29cdb-bfb2-4a48-9de9-dc5e4fdfb2f2,lq_label,S8000,51,119001,
label_test_3,15d29cdb-bfb2-4a48-9de9-dc5e4fdfb2f2,lq_label,S4500,26,119001,
label_test_3,15d29cdb-bfb2-4a48-9de9-dc5e4fdfb2f2,lq_label,S6500,35,119001,
label_test_3,15d29cdb-bfb2-4a48-9de9-dc5e4fdfb2f2,lq_label,S5500,32,119001,
label_test_3,15d29cdb-bfb2-4a48-9de9-dc5e4fdfb2f2,lq_label,S10000,80,119001,
label_test_3,15d29cdb-bfb2-4a48-9de9-dc5e4fdfb2f2,lq_label,S6000,29,119001,
label_test_3,15d29cdb-bfb2-4a48-9de9-dc5e4fdfb2f2,lq_label,S5000,27,119001,
label_test_3,15d29cdb-bfb2-4a48-9de9-dc5e4fdfb2f2,lq_label,S3500,11,119001,
label_test_3,15d29cdb-bfb2-4a48-9de9-dc5e4fdfb2f2,lq_label,S4000,14,119001,
label_test_3,15d29cdb-bfb2-4a48-9de9-dc5e4fdfb2f2,lq_label,S7000,37,119001,
label_test_3,b67e9e9a-f337-4f1b-949a-2d159e5ebd3d,trening,S7000,57,150253,
label_test_3,b67e9e9a-f337-4f1b-949a-2d159e5ebd3d,trening,S4500,19,150253,
label_test_3,b67e9e9a-f337-4f1b-949a-2d159e5ebd3d,trening,S5000,28,150253,
label_test_3,b67e9e9a-f337-4f1b-949a-2d159e5ebd3d,trening,S8000,50,150253,
label_test_3,b67e9e9a-f337-4f1b-949a-2d159e5ebd3d,trening,S5500,33,150253,
label_test_3,b67e9e9a-f337-4f1b-949a-2d159e5ebd3d,trening,S6500,59,150253,
label_test_3,b67e9e9a-f337-4f1b-949a-2d159e5ebd3d,trening,S10000,74,150253,
label_test_3,b67e9e9a-f337-4f1b-949a-2d159e5ebd3d,trening,S6000,68,150253,
label_test_3,b67e9e9a-f337-4f1b-949a-2d159e5ebd3d,trening,S4000,62,150253,
label_test_3,b67e9e9a-f337-4f1b-949a-2d159e5ebd3d,trening,S3500,62,150253,
label_test_3,b67e9e9a-f337-4f1b-949a-2d159e5ebd3d,trening,reference,100,150253,
label_test_3,b67e9e9a-f337-4f1b-949a-2d159e5ebd3d,lq_label,S6000,44,107650,
label_test_3,b67e9e9a-f337-4f1b-949a-2d159e5ebd3d,lq_label,S3500,40,107650,
label_test_3,b67e9e9a-f337-4f1b-949a-2d159e5ebd3d,lq_label,reference,100,107650,
label_test_3,b67e9e9a-f337-4f1b-949a-2d159e5ebd3d,lq_label,S5000,35,107650,
label_test_3,b67e9e9a-f337-4f1b-949a-2d159e5ebd3d,lq_label,S4500,27,107650,
label_test_3,b67e9e9a-f337-4f1b-949a-2d159e5ebd3d,lq_label,S7000,57,107650,
label_test_3,b67e9e9a-f337-4f1b-949a-2d159e5ebd3d,lq_label,S4000,18,107650,
label_test_3,b67e9e9a-f337-4f1b-949a-2d159e5ebd3d,lq_label,S6500,71,107650,
label_test_3,b67e9e9a-f337-4f1b-949a-2d159e5ebd3d,lq_label,S10000,85,107650,
label_test_3,b67e9e9a-f337-4f1b-949a-2d159e5ebd3d,lq_label,S5500,38,107650,
label_test_3,b67e9e9a-f337-4f1b-949a-2d159e5ebd3d,lq_label,S8000,65,107650,
label_test_3,b67e9e9a-f337-4f1b-949a-2d159e5ebd3d,lq_label,S6500,40,127287,
label_test_3,b67e9e9a-f337-4f1b-949a-2d159e5ebd3d,lq_label,S4500,25,127287,
label_test_3,b67e9e9a-f337-4f1b-949a-2d159e5ebd3d,lq_label,S5000,25,127287,
label_test_3,b67e9e9a-f337-4f1b-949a-2d159e5ebd3d,lq_label,reference,100,127287,
label_test_3,b67e9e9a-f337-4f1b-949a-2d159e5ebd3d,lq_label,S6000,44,127287,
label_test_3,b67e9e9a-f337-4f1b-949a-2d159e5ebd3d,lq_label,S4000,33,127287,
label_test_3,b67e9e9a-f337-4f1b-949a-2d159e5ebd3d,lq_label,S5500,46,127287,
label_test_3,b67e9e9a-f337-4f1b-949a-2d159e5ebd3d,lq_label,S7000,62,127287,
label_test_3,b67e9e9a-f337-4f1b-949a-2d159e5ebd3d,lq_label,S8000,69,127287,
label_test_3,b67e9e9a-f337-4f1b-949a-2d159e5ebd3d,lq_label,S10000,81,127287,
label_test_3,b67e9e9a-f337-4f1b-949a-2d159e5ebd3d,lq_label,S3500,12,127287,
label_test_3,15ed3dec-df6f-4f8e-b625-17d949274843,trening,S10000,67,111131,
label_test_3,15ed3dec-df6f-4f8e-b625-17d949274843,trening,S6000,28,111131,
label_test_3,15ed3dec-df6f-4f8e-b625-17d949274843,trening,reference,100,111131,
label_test_3,15ed3dec-df6f-4f8e-b625-17d949274843,trening,S5000,27,111131,
label_test_3,15ed3dec-df6f-4f8e-b625-17d949274843,trening,S5500,27,111131,
label_test_3,15ed3dec-df6f-4f8e-b625-17d949274843,trening,S8000,26,111131,
label_test_3,15ed3dec-df6f-4f8e-b625-17d949274843,trening,S6500,50,111131,
label_test_3,15ed3dec-df6f-4f8e-b625-17d949274843,trening,S4500,10,111131,
label_test_3,15ed3dec-df6f-4f8e-b625-17d949274843,trening,S4000,10,111131,
label_test_3,15ed3dec-df6f-4f8e-b625-17d949274843,trening,S3500,10,111131,
label_test_3,15ed3dec-df6f-4f8e-b625-17d949274843,trening,S7000,51,111131,
label_test_3,15ed3dec-df6f-4f8e-b625-17d949274843,lq_label,S5000,50,68755,
label_test_3,15ed3dec-df6f-4f8e-b625-17d949274843,lq_label,reference,100,68755,
label_test_3,15ed3dec-df6f-4f8e-b625-17d949274843,lq_label,S4000,49,68755,
label_test_3,15ed3dec-df6f-4f8e-b625-17d949274843,lq_label,S6000,70,68755,
label_test_3,15ed3dec-df6f-4f8e-b625-17d949274843,lq_label,S5500,70,68755,
label_test_3,15ed3dec-df6f-4f8e-b625-17d949274843,lq_label,S4500,30,68755,
label_test_3,15ed3dec-df6f-4f8e-b625-17d949274843,lq_label,S8000,69,68755,
label_test_3,15ed3dec-df6f-4f8e-b625-17d949274843,lq_label,S7000,48,68755,
label_test_3,15ed3dec-df6f-4f8e-b625-17d949274843,lq_label,S3500,31,68755,
label_test_3,15ed3dec-df6f-4f8e-b625-17d949274843,lq_label,S6500,49,68755,
label_test_3,15ed3dec-df6f-4f8e-b625-17d949274843,lq_label,S10000,100,68755,
label_test_3,15ed3dec-df6f-4f8e-b625-17d949274843,lq_label,S6000,50,75093,
label_test_3,15ed3dec-df6f-4f8e-b625-17d949274843,lq_label,S4000,31,75093,
label_test_3,15ed3dec-df6f-4f8e-b625-17d949274843,lq_label,S6500,70,75093,
label_test_3,15ed3dec-df6f-4f8e-b625-17d949274843,lq_label,reference,100,75093,
label_test_3,15ed3dec-df6f-4f8e-b625-17d949274843,lq_label,S3500,28,75093,
label_test_3,15ed3dec-df6f-4f8e-b625-17d949274843,lq_label,S5000,28,75093,
label_test_3,15ed3dec-df6f-4f8e-b625-17d949274843,lq_label,S7000,51,75093,
label_test_3,15ed3dec-df6f-4f8e-b625-17d949274843,lq_label,S10000,88,75093,
label_test_3,15ed3dec-df6f-4f8e-b625-17d949274843,lq_label,S4500,50,75093,
label_test_3,15ed3dec-df6f-4f8e-b625-17d949274843,lq_label,S8000,73,75093,
label_test_3,15ed3dec-df6f-4f8e-b625-17d949274843,lq_label,S5500,68,75093,
label_test_3,8a79889a-00d8-4e5d-abaf-82ea1cf9ae2c,trening,S4500,15,46681,
label_test_3,8a79889a-00d8-4e5d-abaf-82ea1cf9ae2c,trening,S5500,34,46681,
label_test_3,8a79889a-00d8-4e5d-abaf-82ea1cf9ae2c,trening,S6500,32,46681,
label_test_3,8a79889a-00d8-4e5d-abaf-82ea1cf9ae2c,trening,S10000,77,46681,
label_test_3,8a79889a-00d8-4e5d-abaf-82ea1cf9ae2c,trening,S3500,48,46681,
label_test_3,8a79889a-00d8-4e5d-abaf-82ea1cf9ae2c,trening,S8000,62,46681,
label_test_3,8a79889a-00d8-4e5d-abaf-82ea1cf9ae2c,trening,S5000,63,46681,
label_test_3,8a79889a-00d8-4e5d-abaf-82ea1cf9ae2c,trening,S6000,71,46681,
label_test_3,8a79889a-00d8-4e5d-abaf-82ea1cf9ae2c,trening,S4000,37,46681,
label_test_3,8a79889a-00d8-4e5d-abaf-82ea1cf9ae2c,trening,S7000,43,46681,
label_test_3,8a79889a-00d8-4e5d-abaf-82ea1cf9ae2c,trening,reference,100,46681,
label_test_3,8a79889a-00d8-4e5d-abaf-82ea1cf9ae2c,lq_label,S6000,28,43258,
label_test_3,8a79889a-00d8-4e5d-abaf-82ea1cf9ae2c,lq_label,S7000,38,43258,
label_test_3,8a79889a-00d8-4e5d-abaf-82ea1cf9ae2c,lq_label,S3500,7,43258,
label_test_3,8a79889a-00d8-4e5d-abaf-82ea1cf9ae2c,lq_label,S5000,26,43258,
label_test_3,8a79889a-00d8-4e5d-abaf-82ea1cf9ae2c,lq_label,S8000,81,43258,
label_test_3,8a79889a-00d8-4e5d-abaf-82ea1cf9ae2c,lq_label,S10000,87,43258,
label_test_3,8a79889a-00d8-4e5d-abaf-82ea1cf9ae2c,lq_label,reference,100,43258,
label_test_3,8a79889a-00d8-4e5d-abaf-82ea1cf9ae2c,lq_label,S4500,25,43258,
label_test_3,8a79889a-00d8-4e5d-abaf-82ea1cf9ae2c,lq_label,S4000,33,43258,
label_test_3,8a79889a-00d8-4e5d-abaf-82ea1cf9ae2c,lq_label,S6500,54,43258,
label_test_3,8a79889a-00d8-4e5d-abaf-82ea1cf9ae2c,lq_label,S5500,64,43258,
label_test_3,8a79889a-00d8-4e5d-abaf-82ea1cf9ae2c,lq_label,reference,100,34897,
label_test_3,8a79889a-00d8-4e5d-abaf-82ea1cf9ae2c,lq_label,S7000,45,34897,
label_test_3,8a79889a-00d8-4e5d-abaf-82ea1cf9ae2c,lq_label,S5500,35,34897,
label_test_3,8a79889a-00d8-4e5d-abaf-82ea1cf9ae2c,lq_label,S6000,43,34897,
label_test_3,8a79889a-00d8-4e5d-abaf-82ea1cf9ae2c,lq_label,S4500,17,34897,
label_test_3,8a79889a-00d8-4e5d-abaf-82ea1cf9ae2c,lq_label,S3500,0,34897,
label_test_3,8a79889a-00d8-4e5d-abaf-82ea1cf9ae2c,lq_label,S10000,100,34897,
label_test_3,8a79889a-00d8-4e5d-abaf-82ea1cf9ae2c,lq_label,S4000,27,34897,
label_test_3,8a79889a-00d8-4e5d-abaf-82ea1cf9ae2c,lq_label,S5000,36,34897,
label_test_3,8a79889a-00d8-4e5d-abaf-82ea1cf9ae2c,lq_label,S8000,100,34897,
label_test_3,8a79889a-00d8-4e5d-abaf-82ea1cf9ae2c,lq_label,S6500,85,34897,
label_test_3,0e440831-6df3-48ff-a91f-1042dc43e3a1,trening,S5000,24,179077,
label_test_3,0e440831-6df3-48ff-a91f-1042dc43e3a1,trening,S8000,51,179077,
label_test_3,0e440831-6df3-48ff-a91f-1042dc43e3a1,trening,reference,100,179077,
label_test_3,0e440831-6df3-48ff-a91f-1042dc43e3a1,trening,S4000,23,179077,
label_test_3,0e440831-6df3-48ff-a91f-1042dc43e3a1,trening,S10000,69,179077,
label_test_3,0e440831-6df3-48ff-a91f-1042dc43e3a1,trening,S5500,50,179077,
label_test_3,0e440831-6df3-48ff-a91f-1042dc43e3a1,trening,S6500,38,179077,
label_test_3,0e440831-6df3-48ff-a91f-1042dc43e3a1,trening,S4500,12,179077,
label_test_3,0e440831-6df3-48ff-a91f-1042dc43e3a1,trening,S7000,62,179077,
label_test_3,0e440831-6df3-48ff-a91f-1042dc43e3a1,trening,S6000,41,179077,
label_test_3,0e440831-6df3-48ff-a91f-1042dc43e3a1,trening,S3500,3,179077,
label_test_3,0e440831-6df3-48ff-a91f-1042dc43e3a1,lq_label,S8000,58,97354,
label_test_3,0e440831-6df3-48ff-a91f-1042dc43e3a1,lq_label,S6500,32,97354,
label_test_3,0e440831-6df3-48ff-a91f-1042dc43e3a1,lq_label,S3500,9,97354,
label_test_3,0e440831-6df3-48ff-a91f-1042dc43e3a1,lq_label,S7000,43,97354,
label_test_3,0e440831-6df3-48ff-a91f-1042dc43e3a1,lq_label,S6000,23,97354,
label_test_3,0e440831-6df3-48ff-a91f-1042dc43e3a1,lq_label,S5500,21,97354,
label_test_3,0e440831-6df3-48ff-a91f-1042dc43e3a1,lq_label,reference,100,97354,
label_test_3,0e440831-6df3-48ff-a91f-1042dc43e3a1,lq_label,S5000,23,97354,
label_test_3,0e440831-6df3-48ff-a91f-1042dc43e3a1,lq_label,S4000,19,97354,
label_test_3,0e440831-6df3-48ff-a91f-1042dc43e3a1,lq_label,S10000,80,97354,
label_test_3,0e440831-6df3-48ff-a91f-1042dc43e3a1,lq_label,S4500,15,97354,
label_test_3,0e440831-6df3-48ff-a91f-1042dc43e3a1,lq_label,S5000,13,52788,
label_test_3,0e440831-6df3-48ff-a91f-1042dc43e3a1,lq_label,S6500,57,52788,
label_test_3,0e440831-6df3-48ff-a91f-1042dc43e3a1,lq_label,S4500,10,52788,
label_test_3,0e440831-6df3-48ff-a91f-1042dc43e3a1,lq_label,S4000,7,52788,
label_test_3,0e440831-6df3-48ff-a91f-1042dc43e3a1,lq_label,reference,100,52788,
label_test_3,0e440831-6df3-48ff-a91f-1042dc43e3a1,lq_label,S5500,53,52788,
label_test_3,0e440831-6df3-48ff-a91f-1042dc43e3a1,lq_label,S3500,13,52788,
label_test_3,0e440831-6df3-48ff-a91f-1042dc43e3a1,lq_label,S8000,78,52788,
label_test_3,0e440831-6df3-48ff-a91f-1042dc43e3a1,lq_label,S6000,50,52788,
label_test_3,0e440831-6df3-48ff-a91f-1042dc43e3a1,lq_label,S10000,89,52788,
label_test_3,0e440831-6df3-48ff-a91f-1042dc43e3a1,lq_label,S7000,22,52788,
label_test_3,cf4e5493-0654-4c21-8e5a-ea59bf1f4def,trening,S4500,34,96927,
label_test_3,cf4e5493-0654-4c21-8e5a-ea59bf1f4def,trening,S5500,43,96927,
label_test_3,cf4e5493-0654-4c21-8e5a-ea59bf1f4def,trening,S4000,33,96927,
label_test_3,cf4e5493-0654-4c21-8e5a-ea59bf1f4def,trening,S8000,58,96927,
label_test_3,cf4e5493-0654-4c21-8e5a-ea59bf1f4def,trening,S6500,55,96927,
label_test_3,cf4e5493-0654-4c21-8e5a-ea59bf1f4def,trening,S3500,22,96927,
label_test_3,cf4e5493-0654-4c21-8e5a-ea59bf1f4def,trening,reference,100,96927,
label_test_3,cf4e5493-0654-4c21-8e5a-ea59bf1f4def,trening,S10000,77,96927,
label_test_3,cf4e5493-0654-4c21-8e5a-ea59bf1f4def,trening,S5000,56,96927,
label_test_3,cf4e5493-0654-4c21-8e5a-ea59bf1f4def,trening,S7000,69,96927,
label_test_3,cf4e5493-0654-4c21-8e5a-ea59bf1f4def,trening,S6000,55,96927,
label_test_3,cf4e5493-0654-4c21-8e5a-ea59bf1f4def,lq_label,S5000,33,70498,
label_test_3,cf4e5493-0654-4c21-8e5a-ea59bf1f4def,lq_label,S4500,19,70498,
label_test_3,cf4e5493-0654-4c21-8e5a-ea59bf1f4def,lq_label,S6500,46,70498,
label_test_3,cf4e5493-0654-4c21-8e5a-ea59bf1f4def,lq_label,S5500,38,70498,
label_test_3,cf4e5493-0654-4c21-8e5a-ea59bf1f4def,lq_label,reference,100,70498,
label_test_3,cf4e5493-0654-4c21-8e5a-ea59bf1f4def,lq_label,S8000,73,70498,
label_test_3,cf4e5493-0654-4c21-8e5a-ea59bf1f4def,lq_label,S4000,48,70498,
label_test_3,cf4e5493-0654-4c21-8e5a-ea59bf1f4def,lq_label,S6000,63,70498,
label_test_3,cf4e5493-0654-4c21-8e5a-ea59bf1f4def,lq_label,S10000,81,70498,
label_test_3,cf4e5493-0654-4c21-8e5a-ea59bf1f4def,lq_label,S7000,72,70498,
label_test_3,cf4e5493-0654-4c21-8e5a-ea59bf1f4def,lq_label,S3500,9,70498,
label_test_3,cf4e5493-0654-4c21-8e5a-ea59bf1f4def,lq_label,S8000,77,70059,
label_test_3,cf4e5493-0654-4c21-8e5a-ea59bf1f4def,lq_label,S5500,58,70059,
label_test_3,cf4e5493-0654-4c21-8e5a-ea59bf1f4def,lq_label,S7000,63,70059,
label_test_3,cf4e5493-0654-4c21-8e5a-ea59bf1f4def,lq_label,S4500,29,70059,
label_test_3,cf4e5493-0654-4c21-8e5a-ea59bf1f4def,lq_label,reference,100,70059,
label_test_3,cf4e5493-0654-4c21-8e5a-ea59bf1f4def,lq_label,S6000,63,70059,
label_test_3,cf4e5493-0654-4c21-8e5a-ea59bf1f4def,lq_label,S5000,40,70059,
label_test_3,cf4e5493-0654-4c21-8e5a-ea59bf1f4def,lq_label,S3500,21,70059,
label_test_3,cf4e5493-0654-4c21-8e5a-ea59bf1f4def,lq_label,S10000,75,70059,
label_test_3,cf4e5493-0654-4c21-8e5a-ea59bf1f4def,lq_label,S6500,60,70059,
label_test_3,cf4e5493-0654-4c21-8e5a-ea59bf1f4def,lq_label,S4000,21,70059,
label_test_3,6e1f0fec-bcbc-4544-8037-dba9c0476f06,trening,S5000,59,195110,
label_test_3,6e1f0fec-bcbc-4544-8037-dba9c0476f06,trening,S3500,35,195110,
label_test_3,6e1f0fec-bcbc-4544-8037-dba9c0476f06,trening,reference,100,195110,
label_test_3,6e1f0fec-bcbc-4544-8037-dba9c0476f06,trening,S8000,67,195110,
label_test_3,6e1f0fec-bcbc-4544-8037-dba9c0476f06,trening,S10000,84,195110,
label_test_3,6e1f0fec-bcbc-4544-8037-dba9c0476f06,trening,S5500,77,195110,
label_test_3,6e1f0fec-bcbc-4544-8037-dba9c0476f06,trening,S7000,69,195110,
label_test_3,6e1f0fec-bcbc-4544-8037-dba9c0476f06,trening,S6500,70,195110,
label_test_3,6e1f0fec-bcbc-4544-8037-dba9c0476f06,trening,S6000,71,195110,
label_test_3,6e1f0fec-bcbc-4544-8037-dba9c0476f06,trening,S4000,36,195110,
label_test_3,6e1f0fec-bcbc-4544-8037-dba9c0476f06,trening,S4500,72,195110,
label_test_3,6e1f0fec-bcbc-4544-8037-dba9c0476f06,lq_label,S6500,67,92164,
label_test_3,6e1f0fec-bcbc-4544-8037-dba9c0476f06,lq_label,S7000,68,92164,
label_test_3,6e1f0fec-bcbc-4544-8037-dba9c0476f06,lq_label,S8000,80,92164,
label_test_3,6e1f0fec-bcbc-4544-8037-dba9c0476f06,lq_label,S4500,39,92164,
label_test_3,6e1f0fec-bcbc-4544-8037-dba9c0476f06,lq_label,S3500,13,92164,
label_test_3,6e1f0fec-bcbc-4544-8037-dba9c0476f06,lq_label,S6000,69,92164,
label_test_3,6e1f0fec-bcbc-4544-8037-dba9c0476f06,lq_label,reference,100,92164,
label_test_3,6e1f0fec-bcbc-4544-8037-dba9c0476f06,lq_label,S10000,91,92164,
label_test_3,6e1f0fec-bcbc-4544-8037-dba9c0476f06,lq_label,S5500,78,92164,
label_test_3,6e1f0fec-bcbc-4544-8037-dba9c0476f06,lq_label,S4000,39,92164,
label_test_3,6e1f0fec-bcbc-4544-8037-dba9c0476f06,lq_label,S5000,83,92164,
label_test_3,6e1f0fec-bcbc-4544-8037-dba9c0476f06,lq_label,S5000,84,60203,
label_test_3,6e1f0fec-bcbc-4544-8037-dba9c0476f06,lq_label,S6500,82,60203,
label_test_3,6e1f0fec-bcbc-4544-8037-dba9c0476f06,lq_label,S5500,78,60203,
label_test_3,6e1f0fec-bcbc-4544-8037-dba9c0476f06,lq_label,S4500,59,60203,
label_test_3,6e1f0fec-bcbc-4544-8037-dba9c0476f06,lq_label,S10000,100,60203,
label_test_3,6e1f0fec-bcbc-4544-8037-dba9c0476f06,lq_label,S4000,59,60203,
label_test_3,6e1f0fec-bcbc-4544-8037-dba9c0476f06,lq_label,S7000,77,60203,
label_test_3,6e1f0fec-bcbc-4544-8037-dba9c0476f06,lq_label,S3500,59,60203,
label_test_3,6e1f0fec-bcbc-4544-8037-dba9c0476f06,lq_label,S6000,79,60203,
label_test_3,6e1f0fec-bcbc-4544-8037-dba9c0476f06,lq_label,S8000,89,60203,
label_test_3,6e1f0fec-bcbc-4544-8037-dba9c0476f06,lq_label,reference,100,60203,
label_test_3,4bf9424c-3ac0-421b-91dd-522e00abf73c,trening,S4000,31,271995,
label_test_3,4bf9424c-3ac0-421b-91dd-522e00abf73c,trening,S7000,61,271995,
label_test_3,4bf9424c-3ac0-421b-91dd-522e00abf73c,trening,S6500,53,271995,
label_test_3,4bf9424c-3ac0-421b-91dd-522e00abf73c,trening,S10000,81,271995,
label_test_3,4bf9424c-3ac0-421b-91dd-522e00abf73c,trening,S6000,41,271995,
label_test_3,4bf9424c-3ac0-421b-91dd-522e00abf73c,trening,S4500,22,271995,
label_test_3,4bf9424c-3ac0-421b-91dd-522e00abf73c,trening,S8000,69,271995,
label_test_3,4bf9424c-3ac0-421b-91dd-522e00abf73c,trening,reference,100,271995,
label_test_3,4bf9424c-3ac0-421b-91dd-522e00abf73c,trening,S5500,31,271995,
label_test_3,4bf9424c-3ac0-421b-91dd-522e00abf73c,trening,S5000,26,271995,
label_test_3,4bf9424c-3ac0-421b-91dd-522e00abf73c,trening,S3500,1,271995,
label_test_3,4bf9424c-3ac0-421b-91dd-522e00abf73c,lq_label,S5500,31,78834,
label_test_3,4bf9424c-3ac0-421b-91dd-522e00abf73c,lq_label,S8000,63,78834,
label_test_3,4bf9424c-3ac0-421b-91dd-522e00abf73c,lq_label,S5000,23,78834,
label_test_3,4bf9424c-3ac0-421b-91dd-522e00abf73c,lq_label,S4000,9,78834,
label_test_3,4bf9424c-3ac0-421b-91dd-522e00abf73c,lq_label,S3500,0,78834,
label_test_3,4bf9424c-3ac0-421b-91dd-522e00abf73c,lq_label,S6000,34,78834,
label_test_3,4bf9424c-3ac0-421b-91dd-522e00abf73c,lq_label,S4500,23,78834,
label_test_3,4bf9424c-3ac0-421b-91dd-522e00abf73c,lq_label,S6500,43,78834,
label_test_3,4bf9424c-3ac0-421b-91dd-522e00abf73c,lq_label,reference,100,78834,
label_test_3,4bf9424c-3ac0-421b-91dd-522e00abf73c,lq_label,S7000,36,78834,
label_test_3,4bf9424c-3ac0-421b-91dd-522e00abf73c,lq_label,S10000,67,78834,
label_test_3,4bf9424c-3ac0-421b-91dd-522e00abf73c,lq_label,S4000,19,47015,
label_test_3,4bf9424c-3ac0-421b-91dd-522e00abf73c,lq_label,S6000,34,47015,
label_test_3,4bf9424c-3ac0-421b-91dd-522e00abf73c,lq_label,S7000,41,47015,
label_test_3,4bf9424c-3ac0-421b-91dd-522e00abf73c,lq_label,S8000,64,47015,
label_test_3,4bf9424c-3ac0-421b-91dd-522e00abf73c,lq_label,S5500,40,47015,
label_test_3,4bf9424c-3ac0-421b-91dd-522e00abf73c,lq_label,S3500,11,47015,
label_test_3,4bf9424c-3ac0-421b-91dd-522e00abf73c,lq_label,S10000,81,47015,
label_test_3,4bf9424c-3ac0-421b-91dd-522e00abf73c,lq_label,S4500,12,47015,
label_test_3,4bf9424c-3ac0-421b-91dd-522e00abf73c,lq_label,S6500,0,47015,
label_test_3,4bf9424c-3ac0-421b-91dd-522e00abf73c,lq_label,S5000,10,47015,
label_test_3,4bf9424c-3ac0-421b-91dd-522e00abf73c,lq_label,reference,100,47015,
label_test_3,b8a025fb-956b-456b-ad52-ec8c46e9df58,trening,S10000,40,205128,
label_test_3,b8a025fb-956b-456b-ad52-ec8c46e9df58,trening,S3500,15,205128,
label_test_3,b8a025fb-956b-456b-ad52-ec8c46e9df58,trening,reference,100,205128,
label_test_3,b8a025fb-956b-456b-ad52-ec8c46e9df58,trening,S4500,23,205128,
label_test_3,b8a025fb-956b-456b-ad52-ec8c46e9df58,trening,S8000,55,205128,
label_test_3,b8a025fb-956b-456b-ad52-ec8c46e9df58,trening,S4000,32,205128,
label_test_3,b8a025fb-956b-456b-ad52-ec8c46e9df58,trening,S7000,75,205128,
label_test_3,b8a025fb-956b-456b-ad52-ec8c46e9df58,trening,S5000,27,205128,
label_test_3,b8a025fb-956b-456b-ad52-ec8c46e9df58,trening,S6500,88,205128,
label_test_3,b8a025fb-956b-456b-ad52-ec8c46e9df58,trening,S6000,81,205128,
label_test_3,b8a025fb-956b-456b-ad52-ec8c46e9df58,trening,S5500,54,205128,
label_test_3,b8a025fb-956b-456b-ad52-ec8c46e9df58,lq_label,S6500,49,87228,
label_test_3,b8a025fb-956b-456b-ad52-ec8c46e9df58,lq_label,S4000,16,87228,
label_test_3,b8a025fb-956b-456b-ad52-ec8c46e9df58,lq_label,S10000,69,87228,
label_test_3,b8a025fb-956b-456b-ad52-ec8c46e9df58,lq_label,S4500,33,87228,
label_test_3,b8a025fb-956b-456b-ad52-ec8c46e9df58,lq_label,S5000,63,87228,
label_test_3,b8a025fb-956b-456b-ad52-ec8c46e9df58,lq_label,S6000,74,87228,
label_test_3,b8a025fb-956b-456b-ad52-ec8c46e9df58,lq_label,S3500,39,87228,
label_test_3,b8a025fb-956b-456b-ad52-ec8c46e9df58,lq_label,S7000,79,87228,
label_test_3,b8a025fb-956b-456b-ad52-ec8c46e9df58,lq_label,S8000,89,87228,
label_test_3,b8a025fb-956b-456b-ad52-ec8c46e9df58,lq_label,reference,100,87228,
label_test_3,b8a025fb-956b-456b-ad52-ec8c46e9df58,lq_label,S5500,70,87228,
label_test_3,b8a025fb-956b-456b-ad52-ec8c46e9df58,lq_label,S4000,34,63314,
label_test_3,b8a025fb-956b-456b-ad52-ec8c46e9df58,lq_label,S7000,78,63314,
label_test_3,b8a025fb-956b-456b-ad52-ec8c46e9df58,lq_label,S5000,24,63314,
label_test_3,b8a025fb-956b-456b-ad52-ec8c46e9df58,lq_label,S8000,89,63314,
label_test_3,b8a025fb-956b-456b-ad52-ec8c46e9df58,lq_label,S5500,27,63314,
label_test_3,b8a025fb-956b-456b-ad52-ec8c46e9df58,lq_label,reference,100,63314,
label_test_3,b8a025fb-956b-456b-ad52-ec8c46e9df58,lq_label,S4500,58,63314,
label_test_3,b8a025fb-956b-456b-ad52-ec8c46e9df58,lq_label,S6500,42,63314,
label_test_3,b8a025fb-956b-456b-ad52-ec8c46e9df58,lq_label,S6000,71,63314,
label_test_3,b8a025fb-956b-456b-ad52-ec8c46e9df58,lq_label,S10000,91,63314,
label_test_3,b8a025fb-956b-456b-ad52-ec8c46e9df58,lq_label,S3500,36,63314,
label_test_3,0c46dc04-ed33-415c-af5b-484fd09fe991,trening,reference,100,78374,
label_test_3,0c46dc04-ed33-415c-af5b-484fd09fe991,trening,S5500,13,78374,
label_test_3,0c46dc04-ed33-415c-af5b-484fd09fe991,trening,S7000,32,78374,
label_test_3,0c46dc04-ed33-415c-af5b-484fd09fe991,trening,S6000,30,78374,
label_test_3,0c46dc04-ed33-415c-af5b-484fd09fe991,trening,S6500,52,78374,
label_test_3,0c46dc04-ed33-415c-af5b-484fd09fe991,trening,S10000,72,78374,
label_test_3,0c46dc04-ed33-415c-af5b-484fd09fe991,trening,S3500,35,78374,
label_test_3,0c46dc04-ed33-415c-af5b-484fd09fe991,trening,S4000,48,78374,
label_test_3,0c46dc04-ed33-415c-af5b-484fd09fe991,trening,S8000,73,78374,
label_test_3,0c46dc04-ed33-415c-af5b-484fd09fe991,trening,S4500,27,78374,
label_test_3,0c46dc04-ed33-415c-af5b-484fd09fe991,trening,S5000,29,78374,
label_test_3,0c46dc04-ed33-415c-af5b-484fd09fe991,lq_label,S6500,68,83529,
label_test_3,0c46dc04-ed33-415c-af5b-484fd09fe991,lq_label,S5000,67,83529,
label_test_3,0c46dc04-ed33-415c-af5b-484fd09fe991,lq_label,S7000,55,83529,
label_test_3,0c46dc04-ed33-415c-af5b-484fd09fe991,lq_label,reference,100,83529,
label_test_3,0c46dc04-ed33-415c-af5b-484fd09fe991,lq_label,S5500,55,83529,
label_test_3,0c46dc04-ed33-415c-af5b-484fd09fe991,lq_label,S3500,28,83529,
label_test_3,0c46dc04-ed33-415c-af5b-484fd09fe991,lq_label,S6000,37,83529,
label_test_3,0c46dc04-ed33-415c-af5b-484fd09fe991,lq_label,S4000,51,83529,
label_test_3,0c46dc04-ed33-415c-af5b-484fd09fe991,lq_label,S8000,75,83529,
label_test_3,0c46dc04-ed33-415c-af5b-484fd09fe991,lq_label,S10000,85,83529,
label_test_3,0c46dc04-ed33-415c-af5b-484fd09fe991,lq_label,S4500,38,83529,
label_test_3,0c46dc04-ed33-415c-af5b-484fd09fe991,lq_label,reference,100,108658,
label_test_3,0c46dc04-ed33-415c-af5b-484fd09fe991,lq_label,S3500,31,108658,
label_test_3,0c46dc04-ed33-415c-af5b-484fd09fe991,lq_label,S4500,32,108658,
label_test_3,0c46dc04-ed33-415c-af5b-484fd09fe991,lq_label,S5000,67,108658,
label_test_3,0c46dc04-ed33-415c-af5b-484fd09fe991,lq_label,S5500,57,108658,
label_test_3,0c46dc04-ed33-415c-af5b-484fd09fe991,lq_label,S6000,72,108658,
label_test_3,0c46dc04-ed33-415c-af5b-484fd09fe991,lq_label,S6500,73,108658,
label_test_3,0c46dc04-ed33-415c-af5b-484fd09fe991,lq_label,S8000,66,108658,
label_test_3,0c46dc04-ed33-415c-af5b-484fd09fe991,lq_label,S7000,67,108658,
label_test_3,0c46dc04-ed33-415c-af5b-484fd09fe991,lq_label,S4000,67,108658,
label_test_3,0c46dc04-ed33-415c-af5b-484fd09fe991,lq_label,S10000,89,108658,
label_test_3,c54e68aa-d7df-40db-8969-167ba0a79e07,trening,S6000,40,230791,
label_test_3,c54e68aa-d7df-40db-8969-167ba0a79e07,trening,S3500,20,230791,
label_test_3,c54e68aa-d7df-40db-8969-167ba0a79e07,trening,reference,100,230791,
label_test_3,c54e68aa-d7df-40db-8969-167ba0a79e07,trening,S4000,30,230791,
label_test_3,c54e68aa-d7df-40db-8969-167ba0a79e07,trening,S10000,80,230791,
label_test_3,c54e68aa-d7df-40db-8969-167ba0a79e07,trening,S4500,27,230791,
label_test_3,c54e68aa-d7df-40db-8969-167ba0a79e07,trening,S6500,50,230791,
label_test_3,c54e68aa-d7df-40db-8969-167ba0a79e07,trening,S7000,60,230791,
label_test_3,c54e68aa-d7df-40db-8969-167ba0a79e07,trening,S5000,45,230791,
label_test_3,c54e68aa-d7df-40db-8969-167ba0a79e07,trening,S5500,35,230791,
label_test_3,c54e68aa-d7df-40db-8969-167ba0a79e07,trening,S8000,70,230791,
label_test_3,c54e68aa-d7df-40db-8969-167ba0a79e07,lq_label,reference,100,231877,
label_test_3,c54e68aa-d7df-40db-8969-167ba0a79e07,lq_label,S5500,30,231877,
label_test_3,c54e68aa-d7df-40db-8969-167ba0a79e07,lq_label,S4500,27,231877,
label_test_3,c54e68aa-d7df-40db-8969-167ba0a79e07,lq_label,S6000,51,231877,
label_test_3,c54e68aa-d7df-40db-8969-167ba0a79e07,lq_label,S5000,40,231877,
label_test_3,c54e68aa-d7df-40db-8969-167ba0a79e07,lq_label,S6500,75,231877,
label_test_3,c54e68aa-d7df-40db-8969-167ba0a79e07,lq_label,S3500,15,231877,
label_test_3,c54e68aa-d7df-40db-8969-167ba0a79e07,lq_label,S8000,80,231877,
label_test_3,c54e68aa-d7df-40db-8969-167ba0a79e07,lq_label,S4000,20,231877,
label_test_3,c54e68aa-d7df-40db-8969-167ba0a79e07,lq_label,S10000,87,231877,
label_test_3,c54e68aa-d7df-40db-8969-167ba0a79e07,lq_label,S7000,71,231877,
label_test_3,c54e68aa-d7df-40db-8969-167ba0a79e07,lq_label,S5500,51,212858,
label_test_3,c54e68aa-d7df-40db-8969-167ba0a79e07,lq_label,S6500,61,212858,
label_test_3,c54e68aa-d7df-40db-8969-167ba0a79e07,lq_label,S7000,69,212858,
label_test_3,c54e68aa-d7df-40db-8969-167ba0a79e07,lq_label,S4000,30,212858,
label_test_3,c54e68aa-d7df-40db-8969-167ba0a79e07,lq_label,S6000,65,212858,
label_test_3,c54e68aa-d7df-40db-8969-167ba0a79e07,lq_label,S4500,37,212858,
label_test_3,c54e68aa-d7df-40db-8969-167ba0a79e07,lq_label,S5000,51,212858,
label_test_3,c54e68aa-d7df-40db-8969-167ba0a79e07,lq_label,reference,100,212858,
label_test_3,c54e68aa-d7df-40db-8969-167ba0a79e07,lq_label,S3500,18,212858,
label_test_3,c54e68aa-d7df-40db-8969-167ba0a79e07,lq_label,S10000,85,212858,
label_test_3,c54e68aa-d7df-40db-8969-167ba0a79e07,lq_label,S8000,75,212858,
label_test_3,b9462ed3-1eab-46d5-9545-55b900618972,trening,S8000,61,130336,
label_test_3,b9462ed3-1eab-46d5-9545-55b900618972,trening,S4000,37,130336,
label_test_3,b9462ed3-1eab-46d5-9545-55b900618972,trening,S10000,67,130336,
label_test_3,b9462ed3-1eab-46d5-9545-55b900618972,trening,reference,100,130336,
label_test_3,b9462ed3-1eab-46d5-9545-55b900618972,trening,S5500,32,130336,
label_test_3,b9462ed3-1eab-46d5-9545-55b900618972,trening,S6500,48,130336,
label_test_3,b9462ed3-1eab-46d5-9545-55b900618972,trening,S4500,16,130336,
label_test_3,b9462ed3-1eab-46d5-9545-55b900618972,trening,S5000,32,130336,
label_test_3,b9462ed3-1eab-46d5-9545-55b900618972,trening,S6000,51,130336,
label_test_3,b9462ed3-1eab-46d5-9545-55b900618972,trening,S7000,46,130336,
label_test_3,b9462ed3-1eab-46d5-9545-55b900618972,trening,S3500,10,130336,
label_test_3,b9462ed3-1eab-46d5-9545-55b900618972,lq_label,S3500,40,71218,
label_test_3,b9462ed3-1eab-46d5-9545-55b900618972,lq_label,S5500,51,71218,
label_test_3,b9462ed3-1eab-46d5-9545-55b900618972,lq_label,S6500,66,71218,
label_test_3,b9462ed3-1eab-46d5-9545-55b900618972,lq_label,S6000,71,71218,
label_test_3,b9462ed3-1eab-46d5-9545-55b900618972,lq_label,S7000,39,71218,
label_test_3,b9462ed3-1eab-46d5-9545-55b900618972,lq_label,S4000,31,71218,
label_test_3,b9462ed3-1eab-46d5-9545-55b900618972,lq_label,S4500,46,71218,
label_test_3,b9462ed3-1eab-46d5-9545-55b900618972,lq_label,S5000,36,71218,
label_test_3,b9462ed3-1eab-46d5-9545-55b900618972,lq_label,reference,100,71218,
label_test_3,b9462ed3-1eab-46d5-9545-55b900618972,lq_label,S10000,51,71218,
label_test_3,b9462ed3-1eab-46d5-9545-55b900618972,lq_label,S8000,49,71218,
label_test_3,b9462ed3-1eab-46d5-9545-55b900618972,lq_label,S6500,50,47550,
label_test_3,b9462ed3-1eab-46d5-9545-55b900618972,lq_label,S5500,39,47550,
label_test_3,b9462ed3-1eab-46d5-9545-55b900618972,lq_label,S4000,27,47550,
label_test_3,b9462ed3-1eab-46d5-9545-55b900618972,lq_label,S5000,46,47550,
label_test_3,b9462ed3-1eab-46d5-9545-55b900618972,lq_label,S10000,67,47550,
label_test_3,b9462ed3-1eab-46d5-9545-55b900618972,lq_label,S6000,39,47550,
label_test_3,b9462ed3-1eab-46d5-9545-55b900618972,lq_label,S4500,32,47550,
label_test_3,b9462ed3-1eab-46d5-9545-55b900618972,lq_label,reference,100,47550,
label_test_3,b9462ed3-1eab-46d5-9545-55b900618972,lq_label,S3500,30,47550,
label_test_3,b9462ed3-1eab-46d5-9545-55b900618972,lq_label,S7000,68,47550,
label_test_3,b9462ed3-1eab-46d5-9545-55b900618972,lq_label,S8000,53,47550,
label_test_3,b7af3df8-7868-4162-a60b-6cee0b5635c6,trening,S8000,57,159595,
label_test_3,b7af3df8-7868-4162-a60b-6cee0b5635c6,trening,S5500,43,159595,
label_test_3,b7af3df8-7868-4162-a60b-6cee0b5635c6,trening,S7000,61,159595,
label_test_3,b7af3df8-7868-4162-a60b-6cee0b5635c6,trening,S4500,25,159595,
label_test_3,b7af3df8-7868-4162-a60b-6cee0b5635c6,trening,S5000,48,159595,
label_test_3,b7af3df8-7868-4162-a60b-6cee0b5635c6,trening,S6000,65,159595,
label_test_3,b7af3df8-7868-4162-a60b-6cee0b5635c6,trening,S10000,82,159595,
label_test_3,b7af3df8-7868-4162-a60b-6cee0b5635c6,trening,S4000,57,159595,
label_test_3,b7af3df8-7868-4162-a60b-6cee0b5635c6,trening,S6500,63,159595,
label_test_3,b7af3df8-7868-4162-a60b-6cee0b5635c6,trening,reference,100,159595,
label_test_3,b7af3df8-7868-4162-a60b-6cee0b5635c6,trening,S3500,33,159595,
label_test_3,b7af3df8-7868-4162-a60b-6cee0b5635c6,lq_label,S4000,31,64636,
label_test_3,b7af3df8-7868-4162-a60b-6cee0b5635c6,lq_label,S6000,53,64636,
label_test_3,b7af3df8-7868-4162-a60b-6cee0b5635c6,lq_label,S8000,81,64636,
label_test_3,b7af3df8-7868-4162-a60b-6cee0b5635c6,lq_label,S10000,93,64636,
label_test_3,b7af3df8-7868-4162-a60b-6cee0b5635c6,lq_label,reference,100,64636,
label_test_3,b7af3df8-7868-4162-a60b-6cee0b5635c6,lq_label,S6500,55,64636,
label_test_3,b7af3df8-7868-4162-a60b-6cee0b5635c6,lq_label,S3500,39,64636,
label_test_3,b7af3df8-7868-4162-a60b-6cee0b5635c6,lq_label,S5500,48,64636,
label_test_3,b7af3df8-7868-4162-a60b-6cee0b5635c6,lq_label,S4500,37,64636,
label_test_3,b7af3df8-7868-4162-a60b-6cee0b5635c6,lq_label,S5000,42,64636,
label_test_3,b7af3df8-7868-4162-a60b-6cee0b5635c6,lq_label,S7000,87,64636,
label_test_3,b7af3df8-7868-4162-a60b-6cee0b5635c6,lq_label,reference,100,47910,
label_test_3,b7af3df8-7868-4162-a60b-6cee0b5635c6,lq_label,S10000,83,47910,
label_test_3,b7af3df8-7868-4162-a60b-6cee0b5635c6,lq_label,S4000,39,47910,
label_test_3,b7af3df8-7868-4162-a60b-6cee0b5635c6,lq_label,S5500,57,47910,
label_test_3,b7af3df8-7868-4162-a60b-6cee0b5635c6,lq_label,S8000,87,47910,
label_test_3,b7af3df8-7868-4162-a60b-6cee0b5635c6,lq_label,S4500,46,47910,
label_test_3,b7af3df8-7868-4162-a60b-6cee0b5635c6,lq_label,S6000,55,47910,
label_test_3,b7af3df8-7868-4162-a60b-6cee0b5635c6,lq_label,S3500,45,47910,
label_test_3,b7af3df8-7868-4162-a60b-6cee0b5635c6,lq_label,S6500,70,47910,
label_test_3,b7af3df8-7868-4162-a60b-6cee0b5635c6,lq_label,S5000,53,47910,
label_test_3,b7af3df8-7868-4162-a60b-6cee0b5635c6,lq_label,S7000,52,47910,
label_test_3,ed430bc9-3ea3-418d-89be-afd713507806,trening,S4500,33,142143,
label_test_3,ed430bc9-3ea3-418d-89be-afd713507806,trening,S4000,27,142143,
label_test_3,ed430bc9-3ea3-418d-89be-afd713507806,trening,S5000,41,142143,
label_test_3,ed430bc9-3ea3-418d-89be-afd713507806,trening,S7000,90,142143,
label_test_3,ed430bc9-3ea3-418d-89be-afd713507806,trening,S3500,15,142143,
label_test_3,ed430bc9-3ea3-418d-89be-afd713507806,trening,S8000,93,142143,
label_test_3,ed430bc9-3ea3-418d-89be-afd713507806,trening,S6500,79,142143,
label_test_3,ed430bc9-3ea3-418d-89be-afd713507806,trening,S5500,44,142143,
label_test_3,ed430bc9-3ea3-418d-89be-afd713507806,trening,reference,100,142143,
label_test_3,ed430bc9-3ea3-418d-89be-afd713507806,trening,S6000,40,142143,
label_test_3,ed430bc9-3ea3-418d-89be-afd713507806,trening,S10000,95,142143,
label_test_3,ed430bc9-3ea3-418d-89be-afd713507806,lq_label,S3500,11,88744,
label_test_3,ed430bc9-3ea3-418d-89be-afd713507806,lq_label,S6000,56,88744,
label_test_3,ed430bc9-3ea3-418d-89be-afd713507806,lq_label,S5500,61,88744,
label_test_3,ed430bc9-3ea3-418d-89be-afd713507806,lq_label,S10000,88,88744,
label_test_3,ed430bc9-3ea3-418d-89be-afd713507806,lq_label,S7000,65,88744,
label_test_3,ed430bc9-3ea3-418d-89be-afd713507806,lq_label,S5000,40,88744,
label_test_3,ed430bc9-3ea3-418d-89be-afd713507806,lq_label,reference,100,88744,
label_test_3,ed430bc9-3ea3-418d-89be-afd713507806,lq_label,S6500,64,88744,
label_test_3,ed430bc9-3ea3-418d-89be-afd713507806,lq_label,S4500,23,88744,
label_test_3,ed430bc9-3ea3-418d-89be-afd713507806,lq_label,S4000,28,88744,
label_test_3,ed430bc9-3ea3-418d-89be-afd713507806,lq_label,S8000,69,88744,
label_test_3,ed430bc9-3ea3-418d-89be-afd713507806,lq_label,S6000,49,68385,
label_test_3,ed430bc9-3ea3-418d-89be-afd713507806,lq_label,S10000,90,68385,
label_test_3,ed430bc9-3ea3-418d-89be-afd713507806,lq_label,S3500,13,68385,
label_test_3,ed430bc9-3ea3-418d-89be-afd713507806,lq_label,S6500,45,68385,
label_test_3,ed430bc9-3ea3-418d-89be-afd713507806,lq_label,S5000,35,68385,
label_test_3,ed430bc9-3ea3-418d-89be-afd713507806,lq_label,S7000,70,68385,
label_test_3,ed430bc9-3ea3-418d-89be-afd713507806,lq_label,S4000,31,68385,
label_test_3,ed430bc9-3ea3-418d-89be-afd713507806,lq_label,S5500,42,68385,
label_test_3,ed430bc9-3ea3-418d-89be-afd713507806,lq_label,S4500,27,68385,
label_test_3,ed430bc9-3ea3-418d-89be-afd713507806,lq_label,reference,100,68385,
label_test_3,ed430bc9-3ea3-418d-89be-afd713507806,lq_label,S8000,50,68385,
label_test_3,28d3003a-3434-4525-aa6b-fee81e037e4e,trening,S5500,75,221101,
label_test_3,28d3003a-3434-4525-aa6b-fee81e037e4e,trening,S4000,55,221101,
label_test_3,28d3003a-3434-4525-aa6b-fee81e037e4e,trening,S3500,38,221101,
label_test_3,28d3003a-3434-4525-aa6b-fee81e037e4e,trening,S4500,28,221101,
label_test_3,28d3003a-3434-4525-aa6b-fee81e037e4e,trening,S7000,72,221101,
label_test_3,28d3003a-3434-4525-aa6b-fee81e037e4e,trening,S6000,74,221101,
label_test_3,28d3003a-3434-4525-aa6b-fee81e037e4e,trening,S10000,96,221101,
label_test_3,28d3003a-3434-4525-aa6b-fee81e037e4e,trening,S6500,81,221101,
label_test_3,28d3003a-3434-4525-aa6b-fee81e037e4e,trening,S5000,51,221101,
label_test_3,28d3003a-3434-4525-aa6b-fee81e037e4e,trening,reference,100,221101,
label_test_3,28d3003a-3434-4525-aa6b-fee81e037e4e,trening,S8000,68,221101,
label_test_3,28d3003a-3434-4525-aa6b-fee81e037e4e,lq_label,S4500,35,96289,
label_test_3,28d3003a-3434-4525-aa6b-fee81e037e4e,lq_label,S10000,83,96289,
label_test_3,28d3003a-3434-4525-aa6b-fee81e037e4e,lq_label,S6000,55,96289,
label_test_3,28d3003a-3434-4525-aa6b-fee81e037e4e,lq_label,S5000,56,96289,
label_test_3,28d3003a-3434-4525-aa6b-fee81e037e4e,lq_label,S6500,68,96289,
label_test_3,28d3003a-3434-4525-aa6b-fee81e037e4e,lq_label,S7000,66,96289,
label_test_3,28d3003a-3434-4525-aa6b-fee81e037e4e,lq_label,reference,100,96289,
label_test_3,28d3003a-3434-4525-aa6b-fee81e037e4e,lq_label,S5500,64,96289,
label_test_3,28d3003a-3434-4525-aa6b-fee81e037e4e,lq_label,S3500,14,96289,
label_test_3,28d3003a-3434-4525-aa6b-fee81e037e4e,lq_label,S8000,77,96289,
label_test_3,28d3003a-3434-4525-aa6b-fee81e037e4e,lq_label,S4000,34,96289,
label_test_3,28d3003a-3434-4525-aa6b-fee81e037e4e,lq_label,S5500,37,61345,
label_test_3,28d3003a-3434-4525-aa6b-fee81e037e4e,lq_label,S4000,21,61345,
label_test_3,28d3003a-3434-4525-aa6b-fee81e037e4e,lq_label,S4500,46,61345,
label_test_3,28d3003a-3434-4525-aa6b-fee81e037e4e,lq_label,S3500,31,61345,
label_test_3,28d3003a-3434-4525-aa6b-fee81e037e4e,lq_label,S6000,69,61345,
label_test_3,28d3003a-3434-4525-aa6b-fee81e037e4e,lq_label,S8000,90,61345,
label_test_3,28d3003a-3434-4525-aa6b-fee81e037e4e,lq_label,S6500,79,61345,
label_test_3,28d3003a-3434-4525-aa6b-fee81e037e4e,lq_label,reference,100,61345,
label_test_3,28d3003a-3434-4525-aa6b-fee81e037e4e,lq_label,S10000,91,61345,
label_test_3,28d3003a-3434-4525-aa6b-fee81e037e4e,lq_label,S7000,79,61345,
label_test_3,28d3003a-3434-4525-aa6b-fee81e037e4e,lq_label,S5000,32,61345,
label_test_3,cebc9e30-6997-4c03-981c-7a0ad3718bf0,trening,S5000,21,85643,
label_test_3,cebc9e30-6997-4c03-981c-7a0ad3718bf0,trening,S3500,16,85643,
label_test_3,cebc9e30-6997-4c03-981c-7a0ad3718bf0,trening,S4500,32,85643,
label_test_3,cebc9e30-6997-4c03-981c-7a0ad3718bf0,trening,S4000,31,85643,
label_test_3,cebc9e30-6997-4c03-981c-7a0ad3718bf0,trening,S7000,46,85643,
label_test_3,cebc9e30-6997-4c03-981c-7a0ad3718bf0,trening,S10000,68,85643,
label_test_3,cebc9e30-6997-4c03-981c-7a0ad3718bf0,trening,reference,100,85643,
label_test_3,cebc9e30-6997-4c03-981c-7a0ad3718bf0,trening,S6500,31,85643,
label_test_3,cebc9e30-6997-4c03-981c-7a0ad3718bf0,trening,S8000,44,85643,
label_test_3,cebc9e30-6997-4c03-981c-7a0ad3718bf0,trening,S6000,21,85643,
label_test_3,cebc9e30-6997-4c03-981c-7a0ad3718bf0,trening,S5500,21,85643,
label_test_3,cebc9e30-6997-4c03-981c-7a0ad3718bf0,lq_label,S7000,29,79653,
label_test_3,cebc9e30-6997-4c03-981c-7a0ad3718bf0,lq_label,S3500,1,79653,
label_test_3,cebc9e30-6997-4c03-981c-7a0ad3718bf0,lq_label,S8000,55,79653,
label_test_3,cebc9e30-6997-4c03-981c-7a0ad3718bf0,lq_label,S4500,13,79653,
label_test_3,cebc9e30-6997-4c03-981c-7a0ad3718bf0,lq_label,S10000,86,79653,
label_test_3,cebc9e30-6997-4c03-981c-7a0ad3718bf0,lq_label,reference,100,79653,
label_test_3,cebc9e30-6997-4c03-981c-7a0ad3718bf0,lq_label,S5500,29,79653,
label_test_3,cebc9e30-6997-4c03-981c-7a0ad3718bf0,lq_label,S5000,31,79653,
label_test_3,cebc9e30-6997-4c03-981c-7a0ad3718bf0,lq_label,S6500,48,79653,
label_test_3,cebc9e30-6997-4c03-981c-7a0ad3718bf0,lq_label,S6000,31,79653,
label_test_3,cebc9e30-6997-4c03-981c-7a0ad3718bf0,lq_label,S4000,6,79653,
label_test_3,cebc9e30-6997-4c03-981c-7a0ad3718bf0,lq_label,S5500,19,95432,
label_test_3,cebc9e30-6997-4c03-981c-7a0ad3718bf0,lq_label,reference,100,95432,
label_test_3,cebc9e30-6997-4c03-981c-7a0ad3718bf0,lq_label,S4500,18,95432,
label_test_3,cebc9e30-6997-4c03-981c-7a0ad3718bf0,lq_label,S6000,29,95432,
label_test_3,cebc9e30-6997-4c03-981c-7a0ad3718bf0,lq_label,S6500,30,95432,
label_test_3,cebc9e30-6997-4c03-981c-7a0ad3718bf0,lq_label,S8000,47,95432,
label_test_3,cebc9e30-6997-4c03-981c-7a0ad3718bf0,lq_label,S4000,5,95432,
label_test_3,cebc9e30-6997-4c03-981c-7a0ad3718bf0,lq_label,S5000,19,95432,
label_test_3,cebc9e30-6997-4c03-981c-7a0ad3718bf0,lq_label,S3500,5,95432,
label_test_3,cebc9e30-6997-4c03-981c-7a0ad3718bf0,lq_label,S7000,43,95432,
label_test_3,cebc9e30-6997-4c03-981c-7a0ad3718bf0,lq_label,S10000,66,95432,
label_test_3,26848c08-cdd5-492a-bfd1-0ea353f65a73,trening,reference,100,337327,
label_test_3,26848c08-cdd5-492a-bfd1-0ea353f65a73,trening,S4500,8,337327,
label_test_3,26848c08-cdd5-492a-bfd1-0ea353f65a73,trening,S6500,21,337327,
label_test_3,26848c08-cdd5-492a-bfd1-0ea353f65a73,trening,S6000,21,337327,
label_test_3,26848c08-cdd5-492a-bfd1-0ea353f65a73,trening,S3500,0,337327,
label_test_3,26848c08-cdd5-492a-bfd1-0ea353f65a73,trening,S10000,61,337327,
label_test_3,26848c08-cdd5-492a-bfd1-0ea353f65a73,trening,S4000,19,337327,
label_test_3,26848c08-cdd5-492a-bfd1-0ea353f65a73,trening,S7000,71,337327,
label_test_3,26848c08-cdd5-492a-bfd1-0ea353f65a73,trening,S5500,55,337327,
label_test_3,26848c08-cdd5-492a-bfd1-0ea353f65a73,trening,S8000,71,337327,
label_test_3,26848c08-cdd5-492a-bfd1-0ea353f65a73,trening,S5000,11,337327,
label_test_3,26848c08-cdd5-492a-bfd1-0ea353f65a73,lq_label,S6500,54,278094,
label_test_3,26848c08-cdd5-492a-bfd1-0ea353f65a73,lq_label,reference,100,278094,
label_test_3,26848c08-cdd5-492a-bfd1-0ea353f65a73,lq_label,S5500,42,278094,
label_test_3,26848c08-cdd5-492a-bfd1-0ea353f65a73,lq_label,S4500,21,278094,
label_test_3,26848c08-cdd5-492a-bfd1-0ea353f65a73,lq_label,S5000,33,278094,
label_test_3,26848c08-cdd5-492a-bfd1-0ea353f65a73,lq_label,S6000,56,278094,
label_test_3,26848c08-cdd5-492a-bfd1-0ea353f65a73,lq_label,S8000,68,278094,
label_test_3,26848c08-cdd5-492a-bfd1-0ea353f65a73,lq_label,S10000,84,278094,
label_test_3,26848c08-cdd5-492a-bfd1-0ea353f65a73,lq_label,S4000,9,278094,
label_test_3,26848c08-cdd5-492a-bfd1-0ea353f65a73,lq_label,S3500,0,278094,
label_test_3,26848c08-cdd5-492a-bfd1-0ea353f65a73,lq_label,S7000,81,278094,
label_test_3,26848c08-cdd5-492a-bfd1-0ea353f65a73,lq_label,S6500,58,150611,
label_test_3,26848c08-cdd5-492a-bfd1-0ea353f65a73,lq_label,reference,100,150611,
label_test_3,26848c08-cdd5-492a-bfd1-0ea353f65a73,lq_label,S5000,31,150611,
label_test_3,26848c08-cdd5-492a-bfd1-0ea353f65a73,lq_label,S3500,12,150611,
label_test_3,26848c08-cdd5-492a-bfd1-0ea353f65a73,lq_label,S5500,49,150611,
label_test_3,26848c08-cdd5-492a-bfd1-0ea353f65a73,lq_label,S10000,82,150611,
label_test_3,26848c08-cdd5-492a-bfd1-0ea353f65a73,lq_label,S4000,18,150611,
label_test_3,26848c08-cdd5-492a-bfd1-0ea353f65a73,lq_label,S4500,28,150611,
label_test_3,26848c08-cdd5-492a-bfd1-0ea353f65a73,lq_label,S7000,57,150611,
label_test_3,26848c08-cdd5-492a-bfd1-0ea353f65a73,lq_label,S6000,46,150611,
label_test_3,26848c08-cdd5-492a-bfd1-0ea353f65a73,lq_label,S8000,71,150611,
label_test_3,bc1a5e54-9700-411b-b0c0-4212a066cb73,trening,S7000,70,139336,
label_test_3,bc1a5e54-9700-411b-b0c0-4212a066cb73,trening,S4500,41,139336,
label_test_3,bc1a5e54-9700-411b-b0c0-4212a066cb73,trening,S5500,51,139336,
label_test_3,bc1a5e54-9700-411b-b0c0-4212a066cb73,trening,S8000,76,139336,
label_test_3,bc1a5e54-9700-411b-b0c0-4212a066cb73,trening,reference,100,139336,
label_test_3,bc1a5e54-9700-411b-b0c0-4212a066cb73,trening,S6000,45,139336,
label_test_3,bc1a5e54-9700-411b-b0c0-4212a066cb73,trening,S6500,52,139336,
label_test_3,bc1a5e54-9700-411b-b0c0-4212a066cb73,trening,S5000,41,139336,
label_test_3,bc1a5e54-9700-411b-b0c0-4212a066cb73,trening,S4000,19,139336,
label_test_3,bc1a5e54-9700-411b-b0c0-4212a066cb73,trening,S10000,79,139336,
label_test_3,bc1a5e54-9700-411b-b0c0-4212a066cb73,trening,S3500,11,139336,
label_test_3,bc1a5e54-9700-411b-b0c0-4212a066cb73,lq_label,S6500,65,74771,
label_test_3,bc1a5e54-9700-411b-b0c0-4212a066cb73,lq_label,S3500,29,74771,
label_test_3,bc1a5e54-9700-411b-b0c0-4212a066cb73,lq_label,S4500,24,74771,
label_test_3,bc1a5e54-9700-411b-b0c0-4212a066cb73,lq_label,reference,100,74771,
label_test_3,bc1a5e54-9700-411b-b0c0-4212a066cb73,lq_label,S4000,51,74771,
label_test_3,bc1a5e54-9700-411b-b0c0-4212a066cb73,lq_label,S7000,75,74771,
label_test_3,bc1a5e54-9700-411b-b0c0-4212a066cb73,lq_label,S6000,68,74771,
label_test_3,bc1a5e54-9700-411b-b0c0-4212a066cb73,lq_label,S5000,51,74771,
label_test_3,bc1a5e54-9700-411b-b0c0-4212a066cb73,lq_label,S5500,56,74771,
label_test_3,bc1a5e54-9700-411b-b0c0-4212a066cb73,lq_label,S10000,77,74771,
label_test_3,bc1a5e54-9700-411b-b0c0-4212a066cb73,lq_label,S8000,77,74771,
label_test_3,bc1a5e54-9700-411b-b0c0-4212a066cb73,lq_label,S3500,37,58890,
label_test_3,bc1a5e54-9700-411b-b0c0-4212a066cb73,lq_label,S4000,42,58890,
label_test_3,bc1a5e54-9700-411b-b0c0-4212a066cb73,lq_label,S7000,69,58890,
label_test_3,bc1a5e54-9700-411b-b0c0-4212a066cb73,lq_label,S6000,61,58890,
label_test_3,bc1a5e54-9700-411b-b0c0-4212a066cb73,lq_label,S10000,77,58890,
label_test_3,bc1a5e54-9700-411b-b0c0-4212a066cb73,lq_label,S5000,36,58890,
label_test_3,bc1a5e54-9700-411b-b0c0-4212a066cb73,lq_label,reference,100,58890,
label_test_3,bc1a5e54-9700-411b-b0c0-4212a066cb73,lq_label,S4500,72,58890,
label_test_3,bc1a5e54-9700-411b-b0c0-4212a066cb73,lq_label,S6500,61,58890,
label_test_3,bc1a5e54-9700-411b-b0c0-4212a066cb73,lq_label,S5500,55,58890,
label_test_3,bc1a5e54-9700-411b-b0c0-4212a066cb73,lq_label,S8000,78,58890,
label_test_3,a2773fb6-c487-47cd-bb80-385e304ef6b8,trening,S10000,79,124971,
label_test_3,a2773fb6-c487-47cd-bb80-385e304ef6b8,trening,S5500,40,124971,
label_test_3,a2773fb6-c487-47cd-bb80-385e304ef6b8,trening,S7000,40,124971,
label_test_3,a2773fb6-c487-47cd-bb80-385e304ef6b8,trening,reference,100,124971,
label_test_3,a2773fb6-c487-47cd-bb80-385e304ef6b8,trening,S6500,38,124971,
label_test_3,a2773fb6-c487-47cd-bb80-385e304ef6b8,trening,S4500,22,124971,
label_test_3,a2773fb6-c487-47cd-bb80-385e304ef6b8,trening,S6000,60,124971,
label_test_3,a2773fb6-c487-47cd-bb80-385e304ef6b8,trening,S3500,20,124971,
label_test_3,a2773fb6-c487-47cd-bb80-385e304ef6b8,trening,S5000,62,124971,
label_test_3,a2773fb6-c487-47cd-bb80-385e304ef6b8,trening,S4000,23,124971,
label_test_3,a2773fb6-c487-47cd-bb80-385e304ef6b8,trening,S8000,41,124971,
label_test_3,a2773fb6-c487-47cd-bb80-385e304ef6b8,lq_label,S4000,43,85068,
label_test_3,a2773fb6-c487-47cd-bb80-385e304ef6b8,lq_label,reference,100,85068,
label_test_3,a2773fb6-c487-47cd-bb80-385e304ef6b8,lq_label,S4500,37,85068,
label_test_3,a2773fb6-c487-47cd-bb80-385e304ef6b8,lq_label,S6500,60,85068,
label_test_3,a2773fb6-c487-47cd-bb80-385e304ef6b8,lq_label,S5500,58,85068,
label_test_3,a2773fb6-c487-47cd-bb80-385e304ef6b8,lq_label,S7000,59,85068,
label_test_3,a2773fb6-c487-47cd-bb80-385e304ef6b8,lq_label,S6000,39,85068,
label_test_3,a2773fb6-c487-47cd-bb80-385e304ef6b8,lq_label,S5000,42,85068,
label_test_3,a2773fb6-c487-47cd-bb80-385e304ef6b8,lq_label,S3500,40,85068,
label_test_3,a2773fb6-c487-47cd-bb80-385e304ef6b8,lq_label,S10000,77,85068,
label_test_3,a2773fb6-c487-47cd-bb80-385e304ef6b8,lq_label,S8000,62,85068,
label_test_3,a2773fb6-c487-47cd-bb80-385e304ef6b8,lq_label,S5500,39,84091,
label_test_3,a2773fb6-c487-47cd-bb80-385e304ef6b8,lq_label,reference,100,84091,
label_test_3,a2773fb6-c487-47cd-bb80-385e304ef6b8,lq_label,S4500,48,84091,
label_test_3,a2773fb6-c487-47cd-bb80-385e304ef6b8,lq_label,S7000,62,84091,
label_test_3,a2773fb6-c487-47cd-bb80-385e304ef6b8,lq_label,S4000,41,84091,
label_test_3,a2773fb6-c487-47cd-bb80-385e304ef6b8,lq_label,S3500,20,84091,
label_test_3,a2773fb6-c487-47cd-bb80-385e304ef6b8,lq_label,S10000,69,84091,
label_test_3,a2773fb6-c487-47cd-bb80-385e304ef6b8,lq_label,S5000,19,84091,
label_test_3,a2773fb6-c487-47cd-bb80-385e304ef6b8,lq_label,S6500,40,84091,
label_test_3,a2773fb6-c487-47cd-bb80-385e304ef6b8,lq_label,S8000,42,84091,
label_test_3,a2773fb6-c487-47cd-bb80-385e304ef6b8,lq_label,S6000,39,84091,
label_test_2,2759e027-4335-480f-986c-72f154df6927,trening,S3500,25,259344,
label_test_2,2759e027-4335-480f-986c-72f154df6927,trening,S7000,45,259344,
label_test_2,2759e027-4335-480f-986c-72f154df6927,trening,S9300,60,259344,
label_test_2,2759e027-4335-480f-986c-72f154df6927,trening,S8700,70,259344,
label_test_2,2759e027-4335-480f-986c-72f154df6927,trening,S8000,55,259344,
label_test_2,2759e027-4335-480f-986c-72f154df6927,trening,S5500,30,259344,
label_test_2,2759e027-4335-480f-986c-72f154df6927,trening,S12000,85,259344,
label_test_2,2759e027-4335-480f-986c-72f154df6927,trening,S10700,75,259344,
label_test_2,2759e027-4335-480f-986c-72f154df6927,trening,S11300,80,259344,
label_test_2,2759e027-4335-480f-986c-72f154df6927,trening,reference,100,259344,
label_test_2,2759e027-4335-480f-986c-72f154df6927,trening,S10000,75,259344,
label_test_2,2759e027-4335-480f-986c-72f154df6927,hq_no_label,S8700,60,227488,
label_test_2,2759e027-4335-480f-986c-72f154df6927,hq_no_label,S12000,90,227488,
label_test_2,2759e027-4335-480f-986c-72f154df6927,hq_no_label,S8000,60,227488,
label_test_2,2759e027-4335-480f-986c-72f154df6927,hq_no_label,S10000,75,227488,
label_test_2,2759e027-4335-480f-986c-72f154df6927,hq_no_label,S7000,50,227488,
label_test_2,2759e027-4335-480f-986c-72f154df6927,hq_no_label,S11300,85,227488,
label_test_2,2759e027-4335-480f-986c-72f154df6927,hq_no_label,S10700,85,227488,
label_test_2,2759e027-4335-480f-986c-72f154df6927,hq_no_label,S5500,25,227488,
label_test_2,2759e027-4335-480f-986c-72f154df6927,hq_no_label,reference,100,227488,
label_test_2,2759e027-4335-480f-986c-72f154df6927,hq_no_label,S9300,75,227488,
label_test_2,2759e027-4335-480f-986c-72f154df6927,hq_no_label,S3500,15,227488,
label_test_2,2759e027-4335-480f-986c-72f154df6927,hq_no_label,reference,100,207049,
label_test_2,2759e027-4335-480f-986c-72f154df6927,hq_no_label,S8700,80,207049,
label_test_2,2759e027-4335-480f-986c-72f154df6927,hq_no_label,S11300,90,207049,
label_test_2,2759e027-4335-480f-986c-72f154df6927,hq_no_label,S3500,50,207049,
label_test_2,2759e027-4335-480f-986c-72f154df6927,hq_no_label,S9300,80,207049,
label_test_2,2759e027-4335-480f-986c-72f154df6927,hq_no_label,S10700,90,207049,
label_test_2,2759e027-4335-480f-986c-72f154df6927,hq_no_label,S5500,60,207049,
label_test_2,2759e027-4335-480f-986c-72f154df6927,hq_no_label,S7000,75,207049,
label_test_2,2759e027-4335-480f-986c-72f154df6927,hq_no_label,S12000,95,207049,
label_test_2,2759e027-4335-480f-986c-72f154df6927,hq_no_label,S8000,80,207049,
label_test_2,2759e027-4335-480f-986c-72f154df6927,hq_no_label,S10000,90,207049,
label_test_2,8df9cabf-5b1e-4f30-ac17-a4eec2fa0e22,trening,S5500,30,391257,
label_test_2,8df9cabf-5b1e-4f30-ac17-a4eec2fa0e22,trening,S10000,75,391257,
label_test_2,8df9cabf-5b1e-4f30-ac17-a4eec2fa0e22,trening,S9300,70,391257,
label_test_2,8df9cabf-5b1e-4f30-ac17-a4eec2fa0e22,trening,reference,100,391257,
label_test_2,8df9cabf-5b1e-4f30-ac17-a4eec2fa0e22,trening,S3500,19,391257,
label_test_2,8df9cabf-5b1e-4f30-ac17-a4eec2fa0e22,trening,S8700,49,391257,
label_test_2,8df9cabf-5b1e-4f30-ac17-a4eec2fa0e22,trening,S8000,41,391257,
label_test_2,8df9cabf-5b1e-4f30-ac17-a4eec2fa0e22,trening,S7000,39,391257,
label_test_2,8df9cabf-5b1e-4f30-ac17-a4eec2fa0e22,trening,S12000,80,391257,
label_test_2,8df9cabf-5b1e-4f30-ac17-a4eec2fa0e22,trening,S10700,75,391257,
label_test_2,8df9cabf-5b1e-4f30-ac17-a4eec2fa0e22,trening,S11300,88,391257,
label_test_2,8df9cabf-5b1e-4f30-ac17-a4eec2fa0e22,hq_no_label,S8000,35,359772,
label_test_2,8df9cabf-5b1e-4f30-ac17-a4eec2fa0e22,hq_no_label,S9300,75,359772,
label_test_2,8df9cabf-5b1e-4f30-ac17-a4eec2fa0e22,hq_no_label,S10700,80,359772,
label_test_2,8df9cabf-5b1e-4f30-ac17-a4eec2fa0e22,hq_no_label,S12000,90,359772,
label_test_2,8df9cabf-5b1e-4f30-ac17-a4eec2fa0e22,hq_no_label,S5500,25,359772,
label_test_2,8df9cabf-5b1e-4f30-ac17-a4eec2fa0e22,hq_no_label,S10000,75,359772,
label_test_2,8df9cabf-5b1e-4f30-ac17-a4eec2fa0e22,hq_no_label,S3500,20,359772,
label_test_2,8df9cabf-5b1e-4f30-ac17-a4eec2fa0e22,hq_no_label,S8700,70,359772,
label_test_2,8df9cabf-5b1e-4f30-ac17-a4eec2fa0e22,hq_no_label,S11300,85,359772,
label_test_2,8df9cabf-5b1e-4f30-ac17-a4eec2fa0e22,hq_no_label,S7000,30,359772,
label_test_2,8df9cabf-5b1e-4f30-ac17-a4eec2fa0e22,hq_no_label,reference,100,359772,
label_test_2,8df9cabf-5b1e-4f30-ac17-a4eec2fa0e22,hq_no_label,S11300,85,308592,
label_test_2,8df9cabf-5b1e-4f30-ac17-a4eec2fa0e22,hq_no_label,S8700,60,308592,
label_test_2,8df9cabf-5b1e-4f30-ac17-a4eec2fa0e22,hq_no_label,S9300,75,308592,
label_test_2,8df9cabf-5b1e-4f30-ac17-a4eec2fa0e22,hq_no_label,S5500,24,308592,
label_test_2,8df9cabf-5b1e-4f30-ac17-a4eec2fa0e22,hq_no_label,S8000,30,308592,
label_test_2,8df9cabf-5b1e-4f30-ac17-a4eec2fa0e22,hq_no_label,S3500,20,308592,
label_test_2,8df9cabf-5b1e-4f30-ac17-a4eec2fa0e22,hq_no_label,S10700,80,308592,
label_test_2,8df9cabf-5b1e-4f30-ac17-a4eec2fa0e22,hq_no_label,S7000,30,308592,
label_test_2,8df9cabf-5b1e-4f30-ac17-a4eec2fa0e22,hq_no_label,S12000,90,308592,
label_test_2,8df9cabf-5b1e-4f30-ac17-a4eec2fa0e22,hq_no_label,reference,100,308592,
label_test_2,8df9cabf-5b1e-4f30-ac17-a4eec2fa0e22,hq_no_label,S10000,75,308592,
label_test_2,47b1fc1b-6b0b-4672-80dd-30db3ba68ce3,trening,S11300,70,252025,
label_test_2,47b1fc1b-6b0b-4672-80dd-30db3ba68ce3,trening,S7000,60,252025,
label_test_2,47b1fc1b-6b0b-4672-80dd-30db3ba68ce3,trening,S3500,30,252025,
label_test_2,47b1fc1b-6b0b-4672-80dd-30db3ba68ce3,trening,reference,100,252025,
label_test_2,47b1fc1b-6b0b-4672-80dd-30db3ba68ce3,trening,S10000,80,252025,
label_test_2,47b1fc1b-6b0b-4672-80dd-30db3ba68ce3,trening,S12000,95,252025,
label_test_2,47b1fc1b-6b0b-4672-80dd-30db3ba68ce3,trening,S10700,90,252025,
label_test_2,47b1fc1b-6b0b-4672-80dd-30db3ba68ce3,trening,S8700,80,252025,
label_test_2,47b1fc1b-6b0b-4672-80dd-30db3ba68ce3,trening,S8000,70,252025,
label_test_2,47b1fc1b-6b0b-4672-80dd-30db3ba68ce3,trening,S9300,69,252025,
label_test_2,47b1fc1b-6b0b-4672-80dd-30db3ba68ce3,trening,S5500,40,252025,
label_test_2,47b1fc1b-6b0b-4672-80dd-30db3ba68ce3,hq_no_label,S5500,40,319795,
label_test_2,47b1fc1b-6b0b-4672-80dd-30db3ba68ce3,hq_no_label,S12000,95,319795,
label_test_2,47b1fc1b-6b0b-4672-80dd-30db3ba68ce3,hq_no_label,S7000,70,319795,
label_test_2,47b1fc1b-6b0b-4672-80dd-30db3ba68ce3,hq_no_label,S9300,85,319795,
label_test_2,47b1fc1b-6b0b-4672-80dd-30db3ba68ce3,hq_no_label,S3500,30,319795,
label_test_2,47b1fc1b-6b0b-4672-80dd-30db3ba68ce3,hq_no_label,S10000,90,319795,
label_test_2,47b1fc1b-6b0b-4672-80dd-30db3ba68ce3,hq_no_label,S8700,50,319795,
label_test_2,47b1fc1b-6b0b-4672-80dd-30db3ba68ce3,hq_no_label,S11300,95,319795,
label_test_2,47b1fc1b-6b0b-4672-80dd-30db3ba68ce3,hq_no_label,S8000,75,319795,
label_test_2,47b1fc1b-6b0b-4672-80dd-30db3ba68ce3,hq_no_label,S10700,91,319795,
label_test_2,47b1fc1b-6b0b-4672-80dd-30db3ba68ce3,hq_no_label,reference,100,319795,
label_test_2,47b1fc1b-6b0b-4672-80dd-30db3ba68ce3,hq_no_label,S11300,85,463486,
label_test_2,47b1fc1b-6b0b-4672-80dd-30db3ba68ce3,hq_no_label,S7000,30,463486,
label_test_2,47b1fc1b-6b0b-4672-80dd-30db3ba68ce3,hq_no_label,S9300,70,463486,
label_test_2,47b1fc1b-6b0b-4672-80dd-30db3ba68ce3,hq_no_label,S8000,50,463486,
label_test_2,47b1fc1b-6b0b-4672-80dd-30db3ba68ce3,hq_no_label,S10700,80,463486,
label_test_2,47b1fc1b-6b0b-4672-80dd-30db3ba68ce3,hq_no_label,reference,100,463486,
label_test_2,47b1fc1b-6b0b-4672-80dd-30db3ba68ce3,hq_no_label,S12000,95,463486,
label_test_2,47b1fc1b-6b0b-4672-80dd-30db3ba68ce3,hq_no_label,S8700,60,463486,
label_test_2,47b1fc1b-6b0b-4672-80dd-30db3ba68ce3,hq_no_label,S10000,75,463486,
label_test_2,47b1fc1b-6b0b-4672-80dd-30db3ba68ce3,hq_no_label,S5500,25,463486,
label_test_2,47b1fc1b-6b0b-4672-80dd-30db3ba68ce3,hq_no_label,S3500,20,463486,
label_test_2,e684fb2f-802c-4836-be91-e6b40a1369a9,trening,S8700,59,152185,
label_test_2,e684fb2f-802c-4836-be91-e6b40a1369a9,trening,S10000,71,152185,
label_test_2,e684fb2f-802c-4836-be91-e6b40a1369a9,trening,S5500,30,152185,
label_test_2,e684fb2f-802c-4836-be91-e6b40a1369a9,trening,S7000,41,152185,
label_test_2,e684fb2f-802c-4836-be91-e6b40a1369a9,trening,reference,100,152185,
label_test_2,e684fb2f-802c-4836-be91-e6b40a1369a9,trening,S9300,71,152185,
label_test_2,e684fb2f-802c-4836-be91-e6b40a1369a9,trening,S11300,85,152185,
label_test_2,e684fb2f-802c-4836-be91-e6b40a1369a9,trening,S8000,49,152185,
label_test_2,e684fb2f-802c-4836-be91-e6b40a1369a9,trening,S3500,20,152185,
label_test_2,e684fb2f-802c-4836-be91-e6b40a1369a9,trening,S10700,81,152185,
label_test_2,e684fb2f-802c-4836-be91-e6b40a1369a9,trening,S12000,89,152185,
label_test_2,e684fb2f-802c-4836-be91-e6b40a1369a9,hq_no_label,S10700,82,81489,
label_test_2,e684fb2f-802c-4836-be91-e6b40a1369a9,hq_no_label,S7000,39,81489,
label_test_2,e684fb2f-802c-4836-be91-e6b40a1369a9,hq_no_label,S10000,71,81489,
label_test_2,e684fb2f-802c-4836-be91-e6b40a1369a9,hq_no_label,S9300,61,81489,
label_test_2,e684fb2f-802c-4836-be91-e6b40a1369a9,hq_no_label,S11300,89,81489,
label_test_2,e684fb2f-802c-4836-be91-e6b40a1369a9,hq_no_label,S5500,17,81489,
label_test_2,e684fb2f-802c-4836-be91-e6b40a1369a9,hq_no_label,S8700,69,81489,
label_test_2,e684fb2f-802c-4836-be91-e6b40a1369a9,hq_no_label,S3500,20,81489,
label_test_2,e684fb2f-802c-4836-be91-e6b40a1369a9,hq_no_label,reference,100,81489,
label_test_2,e684fb2f-802c-4836-be91-e6b40a1369a9,hq_no_label,S12000,80,81489,
label_test_2,e684fb2f-802c-4836-be91-e6b40a1369a9,hq_no_label,S8000,39,81489,
label_test_2,e684fb2f-802c-4836-be91-e6b40a1369a9,hq_no_label,reference,100,82512,
label_test_2,e684fb2f-802c-4836-be91-e6b40a1369a9,hq_no_label,S5500,32,82512,
label_test_2,e684fb2f-802c-4836-be91-e6b40a1369a9,hq_no_label,S7000,44,82512,
label_test_2,e684fb2f-802c-4836-be91-e6b40a1369a9,hq_no_label,S3500,18,82512,
label_test_2,e684fb2f-802c-4836-be91-e6b40a1369a9,hq_no_label,S8000,61,82512,
label_test_2,e684fb2f-802c-4836-be91-e6b40a1369a9,hq_no_label,S10700,80,82512,
label_test_2,e684fb2f-802c-4836-be91-e6b40a1369a9,hq_no_label,S8700,75,82512,
label_test_2,e684fb2f-802c-4836-be91-e6b40a1369a9,hq_no_label,S12000,91,82512,
label_test_2,e684fb2f-802c-4836-be91-e6b40a1369a9,hq_no_label,S11300,87,82512,
label_test_2,e684fb2f-802c-4836-be91-e6b40a1369a9,hq_no_label,S9300,68,82512,
label_test_2,e684fb2f-802c-4836-be91-e6b40a1369a9,hq_no_label,S10000,72,82512,
label_test_2,41cfd280-513d-4ff6-8a58-4f599d86883f,trening,S7000,50,127060,
label_test_2,41cfd280-513d-4ff6-8a58-4f599d86883f,trening,S10700,78,127060,
label_test_2,41cfd280-513d-4ff6-8a58-4f599d86883f,trening,reference,100,127060,
label_test_2,41cfd280-513d-4ff6-8a58-4f599d86883f,trening,S5500,30,127060,
label_test_2,41cfd280-513d-4ff6-8a58-4f599d86883f,trening,S9300,64,127060,
label_test_2,41cfd280-513d-4ff6-8a58-4f599d86883f,trening,S8000,51,127060,
label_test_2,41cfd280-513d-4ff6-8a58-4f599d86883f,trening,S8700,61,127060,
label_test_2,41cfd280-513d-4ff6-8a58-4f599d86883f,trening,S12000,87,127060,
label_test_2,41cfd280-513d-4ff6-8a58-4f599d86883f,trening,S10000,69,127060,
label_test_2,41cfd280-513d-4ff6-8a58-4f599d86883f,trening,S3500,0,127060,
label_test_2,41cfd280-513d-4ff6-8a58-4f599d86883f,trening,S11300,86,127060,
label_test_2,41cfd280-513d-4ff6-8a58-4f599d86883f,hq_no_label,S9300,71,145748,
label_test_2,41cfd280-513d-4ff6-8a58-4f599d86883f,hq_no_label,S7000,34,145748,
label_test_2,41cfd280-513d-4ff6-8a58-4f599d86883f,hq_no_label,reference,100,145748,
label_test_2,41cfd280-513d-4ff6-8a58-4f599d86883f,hq_no_label,S11300,86,145748,
label_test_2,41cfd280-513d-4ff6-8a58-4f599d86883f,hq_no_label,S8000,45,145748,
label_test_2,41cfd280-513d-4ff6-8a58-4f599d86883f,hq_no_label,S10000,65,145748,
label_test_2,41cfd280-513d-4ff6-8a58-4f599d86883f,hq_no_label,S5500,22,145748,
label_test_2,41cfd280-513d-4ff6-8a58-4f599d86883f,hq_no_label,S12000,83,145748,
label_test_2,41cfd280-513d-4ff6-8a58-4f599d86883f,hq_no_label,S10700,74,145748,
label_test_2,41cfd280-513d-4ff6-8a58-4f599d86883f,hq_no_label,S8700,47,145748,
label_test_2,41cfd280-513d-4ff6-8a58-4f599d86883f,hq_no_label,S3500,0,145748,
label_test_2,41cfd280-513d-4ff6-8a58-4f599d86883f,hq_no_label,S3500,0,208765,
label_test_2,41cfd280-513d-4ff6-8a58-4f599d86883f,hq_no_label,S8700,50,208765,
label_test_2,41cfd280-513d-4ff6-8a58-4f599d86883f,hq_no_label,S8000,45,208765,
label_test_2,41cfd280-513d-4ff6-8a58-4f599d86883f,hq_no_label,S11300,81,208765,
label_test_2,41cfd280-513d-4ff6-8a58-4f599d86883f,hq_no_label,S5500,31,208765,
label_test_2,41cfd280-513d-4ff6-8a58-4f599d86883f,hq_no_label,S7000,41,208765,
label_test_2,41cfd280-513d-4ff6-8a58-4f599d86883f,hq_no_label,S12000,85,208765,
label_test_2,41cfd280-513d-4ff6-8a58-4f599d86883f,hq_no_label,S10000,62,208765,
label_test_2,41cfd280-513d-4ff6-8a58-4f599d86883f,hq_no_label,reference,100,208765,
label_test_2,41cfd280-513d-4ff6-8a58-4f599d86883f,hq_no_label,S10700,71,208765,
label_test_2,41cfd280-513d-4ff6-8a58-4f599d86883f,hq_no_label,S9300,51,208765,
label_test_2,74b13c1b-187d-444a-b7c2-b1f9997a9036,trening,S11300,100,106232,
label_test_2,74b13c1b-187d-444a-b7c2-b1f9997a9036,trening,S8700,43,106232,
label_test_2,74b13c1b-187d-444a-b7c2-b1f9997a9036,trening,S10700,69,106232,
label_test_2,74b13c1b-187d-444a-b7c2-b1f9997a9036,trening,S5500,36,106232,
label_test_2,74b13c1b-187d-444a-b7c2-b1f9997a9036,trening,S10000,33,106232,
label_test_2,74b13c1b-187d-444a-b7c2-b1f9997a9036,trening,S3500,6,106232,
label_test_2,74b13c1b-187d-444a-b7c2-b1f9997a9036,trening,S7000,11,106232,
label_test_2,74b13c1b-187d-444a-b7c2-b1f9997a9036,trening,S12000,86,106232,
label_test_2,74b13c1b-187d-444a-b7c2-b1f9997a9036,trening,reference,67,106232,
label_test_2,74b13c1b-187d-444a-b7c2-b1f9997a9036,trening,S9300,57,106232,
label_test_2,74b13c1b-187d-444a-b7c2-b1f9997a9036,trening,S8000,51,106232,
label_test_2,74b13c1b-187d-444a-b7c2-b1f9997a9036,hq_no_label,reference,100,122377,
label_test_2,74b13c1b-187d-444a-b7c2-b1f9997a9036,hq_no_label,S10000,70,122377,
label_test_2,74b13c1b-187d-444a-b7c2-b1f9997a9036,hq_no_label,S12000,80,122377,
label_test_2,74b13c1b-187d-444a-b7c2-b1f9997a9036,hq_no_label,S5500,35,122377,
label_test_2,74b13c1b-187d-444a-b7c2-b1f9997a9036,hq_no_label,S7000,51,122377,
label_test_2,74b13c1b-187d-444a-b7c2-b1f9997a9036,hq_no_label,S8700,28,122377,
label_test_2,74b13c1b-187d-444a-b7c2-b1f9997a9036,hq_no_label,S10700,77,122377,
label_test_2,74b13c1b-187d-444a-b7c2-b1f9997a9036,hq_no_label,S8000,62,122377,
label_test_2,74b13c1b-187d-444a-b7c2-b1f9997a9036,hq_no_label,S3500,29,122377,
label_test_2,74b13c1b-187d-444a-b7c2-b1f9997a9036,hq_no_label,S9300,51,122377,
label_test_2,74b13c1b-187d-444a-b7c2-b1f9997a9036,hq_no_label,S11300,83,122377,
label_test_2,74b13c1b-187d-444a-b7c2-b1f9997a9036,hq_no_label,S8000,71,78295,
label_test_2,74b13c1b-187d-444a-b7c2-b1f9997a9036,hq_no_label,S11300,89,78295,
label_test_2,74b13c1b-187d-444a-b7c2-b1f9997a9036,hq_no_label,reference,100,78295,
label_test_2,74b13c1b-187d-444a-b7c2-b1f9997a9036,hq_no_label,S8700,64,78295,
label_test_2,74b13c1b-187d-444a-b7c2-b1f9997a9036,hq_no_label,S7000,41,78295,
label_test_2,74b13c1b-187d-444a-b7c2-b1f9997a9036,hq_no_label,S12000,81,78295,
label_test_2,74b13c1b-187d-444a-b7c2-b1f9997a9036,hq_no_label,S10700,73,78295,
label_test_2,74b13c1b-187d-444a-b7c2-b1f9997a9036,hq_no_label,S9300,66,78295,
label_test_2,74b13c1b-187d-444a-b7c2-b1f9997a9036,hq_no_label,S5500,56,78295,
label_test_2,74b13c1b-187d-444a-b7c2-b1f9997a9036,hq_no_label,S3500,36,78295,
label_test_2,74b13c1b-187d-444a-b7c2-b1f9997a9036,hq_no_label,S10000,74,78295,
label_test_2,005f4109-dc19-4b95-84cb-8dcd4261ef83,trening,S11300,68,144604,
label_test_2,005f4109-dc19-4b95-84cb-8dcd4261ef83,trening,S8000,33,144604,
label_test_2,005f4109-dc19-4b95-84cb-8dcd4261ef83,trening,S12000,100,144604,
label_test_2,005f4109-dc19-4b95-84cb-8dcd4261ef83,trening,reference,100,144604,
label_test_2,005f4109-dc19-4b95-84cb-8dcd4261ef83,trening,S7000,32,144604,
label_test_2,005f4109-dc19-4b95-84cb-8dcd4261ef83,trening,S8700,40,144604,
label_test_2,005f4109-dc19-4b95-84cb-8dcd4261ef83,trening,S10000,55,144604,
label_test_2,005f4109-dc19-4b95-84cb-8dcd4261ef83,trening,S3500,19,144604,
label_test_2,005f4109-dc19-4b95-84cb-8dcd4261ef83,trening,S10700,73,144604,
label_test_2,005f4109-dc19-4b95-84cb-8dcd4261ef83,trening,S5500,43,144604,
label_test_2,005f4109-dc19-4b95-84cb-8dcd4261ef83,trening,S9300,55,144604,
label_test_2,005f4109-dc19-4b95-84cb-8dcd4261ef83,hq_no_label,S10000,72,93158,
label_test_2,005f4109-dc19-4b95-84cb-8dcd4261ef83,hq_no_label,S8700,53,93158,
label_test_2,005f4109-dc19-4b95-84cb-8dcd4261ef83,hq_no_label,S11300,82,93158,
label_test_2,005f4109-dc19-4b95-84cb-8dcd4261ef83,hq_no_label,S8000,37,93158,
label_test_2,005f4109-dc19-4b95-84cb-8dcd4261ef83,hq_no_label,S10700,84,93158,
label_test_2,005f4109-dc19-4b95-84cb-8dcd4261ef83,hq_no_label,S9300,67,93158,
label_test_2,005f4109-dc19-4b95-84cb-8dcd4261ef83,hq_no_label,reference,100,93158,
label_test_2,005f4109-dc19-4b95-84cb-8dcd4261ef83,hq_no_label,S3500,30,93158,
label_test_2,005f4109-dc19-4b95-84cb-8dcd4261ef83,hq_no_label,S7000,35,93158,
label_test_2,005f4109-dc19-4b95-84cb-8dcd4261ef83,hq_no_label,S12000,92,93158,
label_test_2,005f4109-dc19-4b95-84cb-8dcd4261ef83,hq_no_label,S5500,21,93158,
label_test_2,005f4109-dc19-4b95-84cb-8dcd4261ef83,hq_no_label,S10000,60,59146,
label_test_2,005f4109-dc19-4b95-84cb-8dcd4261ef83,hq_no_label,S8700,60,59146,
label_test_2,005f4109-dc19-4b95-84cb-8dcd4261ef83,hq_no_label,S8000,55,59146,
label_test_2,005f4109-dc19-4b95-84cb-8dcd4261ef83,hq_no_label,S7000,37,59146,
label_test_2,005f4109-dc19-4b95-84cb-8dcd4261ef83,hq_no_label,S11300,100,59146,
label_test_2,005f4109-dc19-4b95-84cb-8dcd4261ef83,hq_no_label,reference,100,59146,
label_test_2,005f4109-dc19-4b95-84cb-8dcd4261ef83,hq_no_label,S5500,40,59146,
label_test_2,005f4109-dc19-4b95-84cb-8dcd4261ef83,hq_no_label,S3500,30,59146,
label_test_2,005f4109-dc19-4b95-84cb-8dcd4261ef83,hq_no_label,S12000,100,59146,
label_test_2,005f4109-dc19-4b95-84cb-8dcd4261ef83,hq_no_label,S9300,69,59146,
label_test_2,005f4109-dc19-4b95-84cb-8dcd4261ef83,hq_no_label,S10700,85,59146,
label_test_2,464a8bbc-b072-4673-bbd3-7ba2b024d418,trening,S12000,90,209374,
label_test_2,464a8bbc-b072-4673-bbd3-7ba2b024d418,trening,S11300,80,209374,
label_test_2,464a8bbc-b072-4673-bbd3-7ba2b024d418,trening,reference,100,209374,
label_test_2,464a8bbc-b072-4673-bbd3-7ba2b024d418,trening,S9300,60,209374,
label_test_2,464a8bbc-b072-4673-bbd3-7ba2b024d418,trening,S10700,73,209374,
label_test_2,464a8bbc-b072-4673-bbd3-7ba2b024d418,trening,S8000,50,209374,
label_test_2,464a8bbc-b072-4673-bbd3-7ba2b024d418,trening,S10000,67,209374,
label_test_2,464a8bbc-b072-4673-bbd3-7ba2b024d418,trening,S3500,0,209374,
label_test_2,464a8bbc-b072-4673-bbd3-7ba2b024d418,trening,S7000,40,209374,
label_test_2,464a8bbc-b072-4673-bbd3-7ba2b024d418,trening,S5500,20,209374,
label_test_2,464a8bbc-b072-4673-bbd3-7ba2b024d418,trening,S8700,40,209374,
label_test_2,464a8bbc-b072-4673-bbd3-7ba2b024d418,hq_no_label,S8700,50,124858,
label_test_2,464a8bbc-b072-4673-bbd3-7ba2b024d418,hq_no_label,S10000,60,124858,
label_test_2,464a8bbc-b072-4673-bbd3-7ba2b024d418,hq_no_label,S11300,80,124858,
label_test_2,464a8bbc-b072-4673-bbd3-7ba2b024d418,hq_no_label,S12000,90,124858,
label_test_2,464a8bbc-b072-4673-bbd3-7ba2b024d418,hq_no_label,reference,100,124858,
label_test_2,464a8bbc-b072-4673-bbd3-7ba2b024d418,hq_no_label,S5500,10,124858,
label_test_2,464a8bbc-b072-4673-bbd3-7ba2b024d418,hq_no_label,S3500,0,124858,
label_test_2,464a8bbc-b072-4673-bbd3-7ba2b024d418,hq_no_label,S10700,70,124858,
label_test_2,464a8bbc-b072-4673-bbd3-7ba2b024d418,hq_no_label,S9300,40,124858,
label_test_2,464a8bbc-b072-4673-bbd3-7ba2b024d418,hq_no_label,S7000,30,124858,
label_test_2,464a8bbc-b072-4673-bbd3-7ba2b024d418,hq_no_label,S8000,20,124858,
label_test_2,464a8bbc-b072-4673-bbd3-7ba2b024d418,hq_no_label,S7000,25,186088,
label_test_2,464a8bbc-b072-4673-bbd3-7ba2b024d418,hq_no_label,S8000,50,186088,
label_test_2,464a8bbc-b072-4673-bbd3-7ba2b024d418,hq_no_label,S12000,90,186088,
label_test_2,464a8bbc-b072-4673-bbd3-7ba2b024d418,hq_no_label,S3500,0,186088,
label_test_2,464a8bbc-b072-4673-bbd3-7ba2b024d418,hq_no_label,reference,100,186088,
label_test_2,464a8bbc-b072-4673-bbd3-7ba2b024d418,hq_no_label,S10700,65,186088,
label_test_2,464a8bbc-b072-4673-bbd3-7ba2b024d418,hq_no_label,S8700,50,186088,
label_test_2,464a8bbc-b072-4673-bbd3-7ba2b024d418,hq_no_label,S5500,15,186088,
label_test_2,464a8bbc-b072-4673-bbd3-7ba2b024d418,hq_no_label,S11300,82,186088,
label_test_2,464a8bbc-b072-4673-bbd3-7ba2b024d418,hq_no_label,S10000,62,186088,
label_test_2,464a8bbc-b072-4673-bbd3-7ba2b024d418,hq_no_label,S9300,40,186088,
label_test_2,d13d2790-cddd-4c5e-965c-a7e45528fbe8,trening,S8700,40,146245,
label_test_2,d13d2790-cddd-4c5e-965c-a7e45528fbe8,trening,reference,100,146245,
label_test_2,d13d2790-cddd-4c5e-965c-a7e45528fbe8,trening,S7000,20,146245,
label_test_2,d13d2790-cddd-4c5e-965c-a7e45528fbe8,trening,S9300,52,146245,
label_test_2,d13d2790-cddd-4c5e-965c-a7e45528fbe8,trening,S12000,80,146245,
label_test_2,d13d2790-cddd-4c5e-965c-a7e45528fbe8,trening,S10000,69,146245,
label_test_2,d13d2790-cddd-4c5e-965c-a7e45528fbe8,trening,S11300,86,146245,
label_test_2,d13d2790-cddd-4c5e-965c-a7e45528fbe8,trening,S3500,9,146245,
label_test_2,d13d2790-cddd-4c5e-965c-a7e45528fbe8,trening,S5500,17,146245,
label_test_2,d13d2790-cddd-4c5e-965c-a7e45528fbe8,trening,S8000,29,146245,
label_test_2,d13d2790-cddd-4c5e-965c-a7e45528fbe8,trening,S10700,83,146245,
label_test_2,d13d2790-cddd-4c5e-965c-a7e45528fbe8,hq_no_label,S11300,85,291339,
label_test_2,d13d2790-cddd-4c5e-965c-a7e45528fbe8,hq_no_label,S3500,20,291339,
label_test_2,d13d2790-cddd-4c5e-965c-a7e45528fbe8,hq_no_label,S8000,30,291339,
label_test_2,d13d2790-cddd-4c5e-965c-a7e45528fbe8,hq_no_label,S10700,80,291339,
label_test_2,d13d2790-cddd-4c5e-965c-a7e45528fbe8,hq_no_label,S5500,25,291339,
label_test_2,d13d2790-cddd-4c5e-965c-a7e45528fbe8,hq_no_label,S12000,90,291339,
label_test_2,d13d2790-cddd-4c5e-965c-a7e45528fbe8,hq_no_label,S10000,70,291339,
label_test_2,d13d2790-cddd-4c5e-965c-a7e45528fbe8,hq_no_label,S7000,25,291339,
label_test_2,d13d2790-cddd-4c5e-965c-a7e45528fbe8,hq_no_label,S8700,75,291339,
label_test_2,d13d2790-cddd-4c5e-965c-a7e45528fbe8,hq_no_label,reference,100,291339,
label_test_2,d13d2790-cddd-4c5e-965c-a7e45528fbe8,hq_no_label,S9300,65,291339,
label_test_2,d13d2790-cddd-4c5e-965c-a7e45528fbe8,hq_no_label,S10000,75,217379,
label_test_2,d13d2790-cddd-4c5e-965c-a7e45528fbe8,hq_no_label,S11300,85,217379,
label_test_2,d13d2790-cddd-4c5e-965c-a7e45528fbe8,hq_no_label,reference,100,217379,
label_test_2,d13d2790-cddd-4c5e-965c-a7e45528fbe8,hq_no_label,S5500,25,217379,
label_test_2,d13d2790-cddd-4c5e-965c-a7e45528fbe8,hq_no_label,S12000,90,217379,
label_test_2,d13d2790-cddd-4c5e-965c-a7e45528fbe8,hq_no_label,S9300,75,217379,
label_test_2,d13d2790-cddd-4c5e-965c-a7e45528fbe8,hq_no_label,S10700,80,217379,
label_test_2,d13d2790-cddd-4c5e-965c-a7e45528fbe8,hq_no_label,S7000,30,217379,
label_test_2,d13d2790-cddd-4c5e-965c-a7e45528fbe8,hq_no_label,S8000,70,217379,
label_test_2,d13d2790-cddd-4c5e-965c-a7e45528fbe8,hq_no_label,S8700,73,217379,
label_test_2,d13d2790-cddd-4c5e-965c-a7e45528fbe8,hq_no_label,S3500,20,217379,
label_test_2,8d61ac11-46ce-4a17-9374-7ee5242e5702,trening,S5500,3,127392,
label_test_2,8d61ac11-46ce-4a17-9374-7ee5242e5702,trening,S12000,52,127392,
label_test_2,8d61ac11-46ce-4a17-9374-7ee5242e5702,trening,S7000,13,127392,
label_test_2,8d61ac11-46ce-4a17-9374-7ee5242e5702,trening,S8700,37,127392,
label_test_2,8d61ac11-46ce-4a17-9374-7ee5242e5702,trening,S3500,1,127392,
label_test_2,8d61ac11-46ce-4a17-9374-7ee5242e5702,trening,S10700,35,127392,
label_test_2,8d61ac11-46ce-4a17-9374-7ee5242e5702,trening,S9300,49,127392,
label_test_2,8d61ac11-46ce-4a17-9374-7ee5242e5702,trening,S8000,15,127392,
label_test_2,8d61ac11-46ce-4a17-9374-7ee5242e5702,trening,reference,100,127392,
label_test_2,8d61ac11-46ce-4a17-9374-7ee5242e5702,trening,S10000,53,127392,
label_test_2,8d61ac11-46ce-4a17-9374-7ee5242e5702,trening,S11300,70,127392,
label_test_2,8d61ac11-46ce-4a17-9374-7ee5242e5702,hq_no_label,S12000,80,78893,
label_test_2,8d61ac11-46ce-4a17-9374-7ee5242e5702,hq_no_label,S8000,15,78893,
label_test_2,8d61ac11-46ce-4a17-9374-7ee5242e5702,hq_no_label,S3500,0,78893,
label_test_2,8d61ac11-46ce-4a17-9374-7ee5242e5702,hq_no_label,S10000,55,78893,
label_test_2,8d61ac11-46ce-4a17-9374-7ee5242e5702,hq_no_label,S9300,55,78893,
label_test_2,8d61ac11-46ce-4a17-9374-7ee5242e5702,hq_no_label,reference,100,78893,
label_test_2,8d61ac11-46ce-4a17-9374-7ee5242e5702,hq_no_label,S7000,21,78893,
label_test_2,8d61ac11-46ce-4a17-9374-7ee5242e5702,hq_no_label,S11300,80,78893,
label_test_2,8d61ac11-46ce-4a17-9374-7ee5242e5702,hq_no_label,S5500,5,78893,
label_test_2,8d61ac11-46ce-4a17-9374-7ee5242e5702,hq_no_label,S10700,70,78893,
label_test_2,8d61ac11-46ce-4a17-9374-7ee5242e5702,hq_no_label,S8700,30,78893,
label_test_2,8d61ac11-46ce-4a17-9374-7ee5242e5702,hq_no_label,S8000,60,62171,
label_test_2,8d61ac11-46ce-4a17-9374-7ee5242e5702,hq_no_label,S10700,70,62171,
label_test_2,8d61ac11-46ce-4a17-9374-7ee5242e5702,hq_no_label,S8700,40,62171,
label_test_2,8d61ac11-46ce-4a17-9374-7ee5242e5702,hq_no_label,S5500,5,62171,
label_test_2,8d61ac11-46ce-4a17-9374-7ee5242e5702,hq_no_label,S10000,50,62171,
label_test_2,8d61ac11-46ce-4a17-9374-7ee5242e5702,hq_no_label,S11300,85,62171,
label_test_2,8d61ac11-46ce-4a17-9374-7ee5242e5702,hq_no_label,S9300,65,62171,
label_test_2,8d61ac11-46ce-4a17-9374-7ee5242e5702,hq_no_label,S12000,95,62171,
label_test_2,8d61ac11-46ce-4a17-9374-7ee5242e5702,hq_no_label,S7000,8,62171,
label_test_2,8d61ac11-46ce-4a17-9374-7ee5242e5702,hq_no_label,reference,100,62171,
label_test_2,8d61ac11-46ce-4a17-9374-7ee5242e5702,hq_no_label,S3500,0,62171,
label_test_2,e528bc3b-74c2-48d5-9bab-89e0f586e58f,trening,S12000,85,192680,
label_test_2,e528bc3b-74c2-48d5-9bab-89e0f586e58f,trening,S11300,84,192680,
label_test_2,e528bc3b-74c2-48d5-9bab-89e0f586e58f,trening,S8000,30,192680,
label_test_2,e528bc3b-74c2-48d5-9bab-89e0f586e58f,trening,S5500,21,192680,
label_test_2,e528bc3b-74c2-48d5-9bab-89e0f586e58f,trening,S8700,49,192680,
label_test_2,e528bc3b-74c2-48d5-9bab-89e0f586e58f,trening,S9300,64,192680,
label_test_2,e528bc3b-74c2-48d5-9bab-89e0f586e58f,trening,S7000,36,192680,
label_test_2,e528bc3b-74c2-48d5-9bab-89e0f586e58f,trening,S3500,9,192680,
label_test_2,e528bc3b-74c2-48d5-9bab-89e0f586e58f,trening,S10000,73,192680,
label_test_2,e528bc3b-74c2-48d5-9bab-89e0f586e58f,trening,reference,100,192680,
label_test_2,e528bc3b-74c2-48d5-9bab-89e0f586e58f,trening,S10700,73,192680,
label_test_2,e528bc3b-74c2-48d5-9bab-89e0f586e58f,hq_no_label,S7000,27,102133,
label_test_2,e528bc3b-74c2-48d5-9bab-89e0f586e58f,hq_no_label,S9300,45,102133,
label_test_2,e528bc3b-74c2-48d5-9bab-89e0f586e58f,hq_no_label,S8700,38,102133,
label_test_2,e528bc3b-74c2-48d5-9bab-89e0f586e58f,hq_no_label,S5500,20,102133,
label_test_2,e528bc3b-74c2-48d5-9bab-89e0f586e58f,hq_no_label,S11300,100,102133,
label_test_2,e528bc3b-74c2-48d5-9bab-89e0f586e58f,hq_no_label,S3500,17,102133,
label_test_2,e528bc3b-74c2-48d5-9bab-89e0f586e58f,hq_no_label,S12000,100,102133,
label_test_2,e528bc3b-74c2-48d5-9bab-89e0f586e58f,hq_no_label,S10700,69,102133,
label_test_2,e528bc3b-74c2-48d5-9bab-89e0f586e58f,hq_no_label,S10000,53,102133,
label_test_2,e528bc3b-74c2-48d5-9bab-89e0f586e58f,hq_no_label,S8000,36,102133,
label_test_2,e528bc3b-74c2-48d5-9bab-89e0f586e58f,hq_no_label,reference,100,102133,
label_test_2,e528bc3b-74c2-48d5-9bab-89e0f586e58f,hq_no_label,S8700,27,85663,
label_test_2,e528bc3b-74c2-48d5-9bab-89e0f586e58f,hq_no_label,S3500,21,85663,
label_test_2,e528bc3b-74c2-48d5-9bab-89e0f586e58f,hq_no_label,S11300,62,85663,
label_test_2,e528bc3b-74c2-48d5-9bab-89e0f586e58f,hq_no_label,S8000,40,85663,
label_test_2,e528bc3b-74c2-48d5-9bab-89e0f586e58f,hq_no_label,S10000,53,85663,
label_test_2,e528bc3b-74c2-48d5-9bab-89e0f586e58f,hq_no_label,S9300,74,85663,
label_test_2,e528bc3b-74c2-48d5-9bab-89e0f586e58f,hq_no_label,S5500,31,85663,
label_test_2,e528bc3b-74c2-48d5-9bab-89e0f586e58f,hq_no_label,S12000,84,85663,
label_test_2,e528bc3b-74c2-48d5-9bab-89e0f586e58f,hq_no_label,S7000,55,85663,
label_test_2,e528bc3b-74c2-48d5-9bab-89e0f586e58f,hq_no_label,S10700,82,85663,
label_test_2,e528bc3b-74c2-48d5-9bab-89e0f586e58f,hq_no_label,reference,100,85663,
label_test_2,f841c292-5b7a-4840-be84-5ad51f357dc6,trening,S9300,80,229143,
label_test_2,f841c292-5b7a-4840-be84-5ad51f357dc6,trening,S8000,85,229143,
label_test_2,f841c292-5b7a-4840-be84-5ad51f357dc6,trening,S11300,95,229143,
label_test_2,f841c292-5b7a-4840-be84-5ad51f357dc6,trening,S10000,85,229143,
label_test_2,f841c292-5b7a-4840-be84-5ad51f357dc6,trening,S12000,90,229143,
label_test_2,f841c292-5b7a-4840-be84-5ad51f357dc6,trening,S8700,80,229143,
label_test_2,f841c292-5b7a-4840-be84-5ad51f357dc6,trening,S7000,70,229143,
label_test_2,f841c292-5b7a-4840-be84-5ad51f357dc6,trening,S10700,79,229143,
label_test_2,f841c292-5b7a-4840-be84-5ad51f357dc6,trening,S3500,40,229143,
label_test_2,f841c292-5b7a-4840-be84-5ad51f357dc6,trening,reference,77,229143,
label_test_2,f841c292-5b7a-4840-be84-5ad51f357dc6,trening,S5500,55,229143,
label_test_2,f841c292-5b7a-4840-be84-5ad51f357dc6,hq_no_label,S5500,50,197219,
label_test_2,f841c292-5b7a-4840-be84-5ad51f357dc6,hq_no_label,S9300,75,197219,
label_test_2,f841c292-5b7a-4840-be84-5ad51f357dc6,hq_no_label,S10700,85,197219,
label_test_2,f841c292-5b7a-4840-be84-5ad51f357dc6,hq_no_label,reference,100,197219,
label_test_2,f841c292-5b7a-4840-be84-5ad51f357dc6,hq_no_label,S10000,75,197219,
label_test_2,f841c292-5b7a-4840-be84-5ad51f357dc6,hq_no_label,S7000,70,197219,
label_test_2,f841c292-5b7a-4840-be84-5ad51f357dc6,hq_no_label,S8000,60,197219,
label_test_2,f841c292-5b7a-4840-be84-5ad51f357dc6,hq_no_label,S11300,85,197219,
label_test_2,f841c292-5b7a-4840-be84-5ad51f357dc6,hq_no_label,S12000,95,197219,
label_test_2,f841c292-5b7a-4840-be84-5ad51f357dc6,hq_no_label,S8700,80,197219,
label_test_2,f841c292-5b7a-4840-be84-5ad51f357dc6,hq_no_label,S3500,40,197219,
label_test_2,f841c292-5b7a-4840-be84-5ad51f357dc6,hq_no_label,S10700,60,145414,
label_test_2,f841c292-5b7a-4840-be84-5ad51f357dc6,hq_no_label,S8700,40,145414,
label_test_2,f841c292-5b7a-4840-be84-5ad51f357dc6,hq_no_label,S3500,30,145414,
label_test_2,f841c292-5b7a-4840-be84-5ad51f357dc6,hq_no_label,S8000,50,145414,
label_test_2,f841c292-5b7a-4840-be84-5ad51f357dc6,hq_no_label,S9300,65,145414,
label_test_2,f841c292-5b7a-4840-be84-5ad51f357dc6,hq_no_label,reference,100,145414,
label_test_2,f841c292-5b7a-4840-be84-5ad51f357dc6,hq_no_label,S10000,60,145414,
label_test_2,f841c292-5b7a-4840-be84-5ad51f357dc6,hq_no_label,S7000,40,145414,
label_test_2,f841c292-5b7a-4840-be84-5ad51f357dc6,hq_no_label,S11300,80,145414,
label_test_2,f841c292-5b7a-4840-be84-5ad51f357dc6,hq_no_label,S5500,35,145414,
label_test_2,f841c292-5b7a-4840-be84-5ad51f357dc6,hq_no_label,S12000,95,145414,
label_test_2,49191c2a-7c8a-440b-b912-821586193acf,trening,S7000,20,510102,
label_test_2,49191c2a-7c8a-440b-b912-821586193acf,trening,S8700,40,510102,
label_test_2,49191c2a-7c8a-440b-b912-821586193acf,trening,S9300,60,510102,
label_test_2,49191c2a-7c8a-440b-b912-821586193acf,trening,S10700,85,510102,
label_test_2,49191c2a-7c8a-440b-b912-821586193acf,trening,S10000,70,510102,
label_test_2,49191c2a-7c8a-440b-b912-821586193acf,trening,S11300,90,510102,
label_test_2,49191c2a-7c8a-440b-b912-821586193acf,trening,S8000,30,510102,
label_test_2,49191c2a-7c8a-440b-b912-821586193acf,trening,S5500,15,510102,
label_test_2,49191c2a-7c8a-440b-b912-821586193acf,trening,S12000,95,510102,
label_test_2,49191c2a-7c8a-440b-b912-821586193acf,trening,S3500,10,510102,
label_test_2,49191c2a-7c8a-440b-b912-821586193acf,trening,reference,100,510102,
label_test_2,49191c2a-7c8a-440b-b912-821586193acf,hq_no_label,S9300,80,224787,
label_test_2,49191c2a-7c8a-440b-b912-821586193acf,hq_no_label,S10000,85,224787,
label_test_2,49191c2a-7c8a-440b-b912-821586193acf,hq_no_label,S12000,95,224787,
label_test_2,49191c2a-7c8a-440b-b912-821586193acf,hq_no_label,S7000,40,224787,
label_test_2,49191c2a-7c8a-440b-b912-821586193acf,hq_no_label,S8000,50,224787,
label_test_2,49191c2a-7c8a-440b-b912-821586193acf,hq_no_label,S11300,90,224787,
label_test_2,49191c2a-7c8a-440b-b912-821586193acf,hq_no_label,S5500,30,224787,
label_test_2,49191c2a-7c8a-440b-b912-821586193acf,hq_no_label,reference,100,224787,
label_test_2,49191c2a-7c8a-440b-b912-821586193acf,hq_no_label,S3500,20,224787,
label_test_2,49191c2a-7c8a-440b-b912-821586193acf,hq_no_label,S8700,75,224787,
label_test_2,49191c2a-7c8a-440b-b912-821586193acf,hq_no_label,S10700,90,224787,
label_test_2,49191c2a-7c8a-440b-b912-821586193acf,hq_no_label,S7000,25,125935,
label_test_2,49191c2a-7c8a-440b-b912-821586193acf,hq_no_label,S9300,95,125935,
label_test_2,49191c2a-7c8a-440b-b912-821586193acf,hq_no_label,reference,100,125935,
label_test_2,49191c2a-7c8a-440b-b912-821586193acf,hq_no_label,S12000,95,125935,
label_test_2,49191c2a-7c8a-440b-b912-821586193acf,hq_no_label,S10000,85,125935,
label_test_2,49191c2a-7c8a-440b-b912-821586193acf,hq_no_label,S8000,35,125935,
label_test_2,49191c2a-7c8a-440b-b912-821586193acf,hq_no_label,S8700,75,125935,
label_test_2,49191c2a-7c8a-440b-b912-821586193acf,hq_no_label,S5500,20,125935,
label_test_2,49191c2a-7c8a-440b-b912-821586193acf,hq_no_label,S11300,85,125935,
label_test_2,49191c2a-7c8a-440b-b912-821586193acf,hq_no_label,S3500,10,125935,
label_test_2,49191c2a-7c8a-440b-b912-821586193acf,hq_no_label,S10700,90,125935,
label_test_2,fe3ed291-76a5-414c-9877-3137b1dd5f2e,trening,S3500,50,166717,
label_test_2,fe3ed291-76a5-414c-9877-3137b1dd5f2e,trening,S10700,82,166717,
label_test_2,fe3ed291-76a5-414c-9877-3137b1dd5f2e,trening,S5500,27,166717,
label_test_2,fe3ed291-76a5-414c-9877-3137b1dd5f2e,trening,S7000,57,166717,
label_test_2,fe3ed291-76a5-414c-9877-3137b1dd5f2e,trening,S9300,75,166717,
label_test_2,fe3ed291-76a5-414c-9877-3137b1dd5f2e,trening,S10000,88,166717,
label_test_2,fe3ed291-76a5-414c-9877-3137b1dd5f2e,trening,S12000,100,166717,
label_test_2,fe3ed291-76a5-414c-9877-3137b1dd5f2e,trening,S8000,61,166717,
label_test_2,fe3ed291-76a5-414c-9877-3137b1dd5f2e,trening,S8700,87,166717,
label_test_2,fe3ed291-76a5-414c-9877-3137b1dd5f2e,trening,reference,100,166717,
label_test_2,fe3ed291-76a5-414c-9877-3137b1dd5f2e,trening,S11300,100,166717,
label_test_2,fe3ed291-76a5-414c-9877-3137b1dd5f2e,hq_no_label,S8700,91,70905,
label_test_2,fe3ed291-76a5-414c-9877-3137b1dd5f2e,hq_no_label,S8000,67,70905,
label_test_2,fe3ed291-76a5-414c-9877-3137b1dd5f2e,hq_no_label,S10000,76,70905,
label_test_2,fe3ed291-76a5-414c-9877-3137b1dd5f2e,hq_no_label,S11300,100,70905,
label_test_2,fe3ed291-76a5-414c-9877-3137b1dd5f2e,hq_no_label,S3500,32,70905,
label_test_2,fe3ed291-76a5-414c-9877-3137b1dd5f2e,hq_no_label,reference,100,70905,
label_test_2,fe3ed291-76a5-414c-9877-3137b1dd5f2e,hq_no_label,S7000,52,70905,
label_test_2,fe3ed291-76a5-414c-9877-3137b1dd5f2e,hq_no_label,S12000,88,70905,
label_test_2,fe3ed291-76a5-414c-9877-3137b1dd5f2e,hq_no_label,S10700,89,70905,
label_test_2,fe3ed291-76a5-414c-9877-3137b1dd5f2e,hq_no_label,S9300,100,70905,
label_test_2,fe3ed291-76a5-414c-9877-3137b1dd5f2e,hq_no_label,S5500,74,70905,
label_test_2,fe3ed291-76a5-414c-9877-3137b1dd5f2e,hq_no_label,reference,100,45831,
label_test_2,fe3ed291-76a5-414c-9877-3137b1dd5f2e,hq_no_label,S5500,77,45831,
label_test_2,fe3ed291-76a5-414c-9877-3137b1dd5f2e,hq_no_label,S8000,88,45831,
label_test_2,fe3ed291-76a5-414c-9877-3137b1dd5f2e,hq_no_label,S3500,47,45831,
label_test_2,fe3ed291-76a5-414c-9877-3137b1dd5f2e,hq_no_label,S7000,59,45831,
label_test_2,fe3ed291-76a5-414c-9877-3137b1dd5f2e,hq_no_label,S8700,79,45831,
label_test_2,fe3ed291-76a5-414c-9877-3137b1dd5f2e,hq_no_label,S11300,94,45831,
label_test_2,fe3ed291-76a5-414c-9877-3137b1dd5f2e,hq_no_label,S10000,94,45831,
label_test_2,fe3ed291-76a5-414c-9877-3137b1dd5f2e,hq_no_label,S10700,88,45831,
label_test_2,fe3ed291-76a5-414c-9877-3137b1dd5f2e,hq_no_label,S12000,93,45831,
label_test_2,fe3ed291-76a5-414c-9877-3137b1dd5f2e,hq_no_label,S9300,53,45831,
label_test_2,ff4dfa38-8874-4fa5-a593-12895f9ef4fd,trening,S7000,23,133619,
label_test_2,ff4dfa38-8874-4fa5-a593-12895f9ef4fd,trening,S8000,49,133619,
label_test_2,ff4dfa38-8874-4fa5-a593-12895f9ef4fd,trening,S11300,67,133619,
label_test_2,ff4dfa38-8874-4fa5-a593-12895f9ef4fd,trening,S3500,6,133619,
label_test_2,ff4dfa38-8874-4fa5-a593-12895f9ef4fd,trening,S10700,77,133619,
label_test_2,ff4dfa38-8874-4fa5-a593-12895f9ef4fd,trening,S10000,61,133619,
label_test_2,ff4dfa38-8874-4fa5-a593-12895f9ef4fd,trening,S8700,27,133619,
label_test_2,ff4dfa38-8874-4fa5-a593-12895f9ef4fd,trening,reference,100,133619,
label_test_2,ff4dfa38-8874-4fa5-a593-12895f9ef4fd,trening,S9300,43,133619,
label_test_2,ff4dfa38-8874-4fa5-a593-12895f9ef4fd,trening,S5500,28,133619,
label_test_2,ff4dfa38-8874-4fa5-a593-12895f9ef4fd,trening,S12000,75,133619,
label_test_2,ff4dfa38-8874-4fa5-a593-12895f9ef4fd,hq_no_label,S7000,32,96665,
label_test_2,ff4dfa38-8874-4fa5-a593-12895f9ef4fd,hq_no_label,reference,100,96665,
label_test_2,ff4dfa38-8874-4fa5-a593-12895f9ef4fd,hq_no_label,S10700,35,96665,
label_test_2,ff4dfa38-8874-4fa5-a593-12895f9ef4fd,hq_no_label,S8000,26,96665,
label_test_2,ff4dfa38-8874-4fa5-a593-12895f9ef4fd,hq_no_label,S5500,13,96665,
label_test_2,ff4dfa38-8874-4fa5-a593-12895f9ef4fd,hq_no_label,S10000,71,96665,
label_test_2,ff4dfa38-8874-4fa5-a593-12895f9ef4fd,hq_no_label,S8700,47,96665,
label_test_2,ff4dfa38-8874-4fa5-a593-12895f9ef4fd,hq_no_label,S12000,76,96665,
label_test_2,ff4dfa38-8874-4fa5-a593-12895f9ef4fd,hq_no_label,S9300,55,96665,
label_test_2,ff4dfa38-8874-4fa5-a593-12895f9ef4fd,hq_no_label,S11300,69,96665,
label_test_2,ff4dfa38-8874-4fa5-a593-12895f9ef4fd,hq_no_label,S3500,3,96665,
label_test_2,ff4dfa38-8874-4fa5-a593-12895f9ef4fd,hq_no_label,S10000,45,65331,
label_test_2,ff4dfa38-8874-4fa5-a593-12895f9ef4fd,hq_no_label,S12000,76,65331,
label_test_2,ff4dfa38-8874-4fa5-a593-12895f9ef4fd,hq_no_label,S8000,23,65331,
label_test_2,ff4dfa38-8874-4fa5-a593-12895f9ef4fd,hq_no_label,S11300,51,65331,
label_test_2,ff4dfa38-8874-4fa5-a593-12895f9ef4fd,hq_no_label,S7000,17,65331,
label_test_2,ff4dfa38-8874-4fa5-a593-12895f9ef4fd,hq_no_label,S9300,63,65331,
label_test_2,ff4dfa38-8874-4fa5-a593-12895f9ef4fd,hq_no_label,S8700,59,65331,
label_test_2,ff4dfa38-8874-4fa5-a593-12895f9ef4fd,hq_no_label,S3500,12,65331,
label_test_2,ff4dfa38-8874-4fa5-a593-12895f9ef4fd,hq_no_label,S10700,83,65331,
label_test_2,ff4dfa38-8874-4fa5-a593-12895f9ef4fd,hq_no_label,S5500,24,65331,
label_test_2,ff4dfa38-8874-4fa5-a593-12895f9ef4fd,hq_no_label,reference,100,65331,
label_test_2,90b11c52-6b1e-4a24-91ae-4110e4dba8d1,trening,S8000,16,172368,
label_test_2,90b11c52-6b1e-4a24-91ae-4110e4dba8d1,trening,S5500,18,172368,
label_test_2,90b11c52-6b1e-4a24-91ae-4110e4dba8d1,trening,S8700,51,172368,
label_test_2,90b11c52-6b1e-4a24-91ae-4110e4dba8d1,trening,reference,100,172368,
label_test_2,90b11c52-6b1e-4a24-91ae-4110e4dba8d1,trening,S7000,43,172368,
label_test_2,90b11c52-6b1e-4a24-91ae-4110e4dba8d1,trening,S10000,62,172368,
label_test_2,90b11c52-6b1e-4a24-91ae-4110e4dba8d1,trening,S12000,90,172368,
label_test_2,90b11c52-6b1e-4a24-91ae-4110e4dba8d1,trening,S3500,6,172368,
label_test_2,90b11c52-6b1e-4a24-91ae-4110e4dba8d1,trening,S11300,80,172368,
label_test_2,90b11c52-6b1e-4a24-91ae-4110e4dba8d1,trening,S10700,79,172368,
label_test_2,90b11c52-6b1e-4a24-91ae-4110e4dba8d1,trening,S9300,83,172368,
label_test_2,90b11c52-6b1e-4a24-91ae-4110e4dba8d1,hq_no_label,S8000,22,67836,
label_test_2,90b11c52-6b1e-4a24-91ae-4110e4dba8d1,hq_no_label,S9300,31,67836,
label_test_2,90b11c52-6b1e-4a24-91ae-4110e4dba8d1,hq_no_label,S10000,42,67836,
label_test_2,90b11c52-6b1e-4a24-91ae-4110e4dba8d1,hq_no_label,S10700,73,67836,
label_test_2,90b11c52-6b1e-4a24-91ae-4110e4dba8d1,hq_no_label,S12000,76,67836,
label_test_2,90b11c52-6b1e-4a24-91ae-4110e4dba8d1,hq_no_label,S11300,82,67836,
label_test_2,90b11c52-6b1e-4a24-91ae-4110e4dba8d1,hq_no_label,S3500,20,67836,
label_test_2,90b11c52-6b1e-4a24-91ae-4110e4dba8d1,hq_no_label,S7000,13,67836,
label_test_2,90b11c52-6b1e-4a24-91ae-4110e4dba8d1,hq_no_label,S5500,10,67836,
label_test_2,90b11c52-6b1e-4a24-91ae-4110e4dba8d1,hq_no_label,S8700,58,67836,
label_test_2,90b11c52-6b1e-4a24-91ae-4110e4dba8d1,hq_no_label,reference,100,67836,
label_test_2,90b11c52-6b1e-4a24-91ae-4110e4dba8d1,hq_no_label,S8700,33,57850,
label_test_2,90b11c52-6b1e-4a24-91ae-4110e4dba8d1,hq_no_label,S5500,11,57850,
label_test_2,90b11c52-6b1e-4a24-91ae-4110e4dba8d1,hq_no_label,S11300,81,57850,
label_test_2,90b11c52-6b1e-4a24-91ae-4110e4dba8d1,hq_no_label,S10700,84,57850,
label_test_2,90b11c52-6b1e-4a24-91ae-4110e4dba8d1,hq_no_label,S7000,19,57850,
label_test_2,90b11c52-6b1e-4a24-91ae-4110e4dba8d1,hq_no_label,reference,100,57850,
label_test_2,90b11c52-6b1e-4a24-91ae-4110e4dba8d1,hq_no_label,S9300,41,57850,
label_test_2,90b11c52-6b1e-4a24-91ae-4110e4dba8d1,hq_no_label,S3500,14,57850,
label_test_2,90b11c52-6b1e-4a24-91ae-4110e4dba8d1,hq_no_label,S10000,52,57850,
label_test_2,90b11c52-6b1e-4a24-91ae-4110e4dba8d1,hq_no_label,S8000,42,57850,
label_test_2,90b11c52-6b1e-4a24-91ae-4110e4dba8d1,hq_no_label,S12000,66,57850,
label_test_2,22343fbf-19c5-48bd-ab90-759f41ddb16e,trening,S10000,23,105830,
label_test_2,22343fbf-19c5-48bd-ab90-759f41ddb16e,trening,S10700,40,105830,
label_test_2,22343fbf-19c5-48bd-ab90-759f41ddb16e,trening,S3500,0,105830,
label_test_2,22343fbf-19c5-48bd-ab90-759f41ddb16e,trening,S12000,62,105830,
label_test_2,22343fbf-19c5-48bd-ab90-759f41ddb16e,trening,S5500,16,105830,
label_test_2,22343fbf-19c5-48bd-ab90-759f41ddb16e,trening,S11300,75,105830,
label_test_2,22343fbf-19c5-48bd-ab90-759f41ddb16e,trening,reference,100,105830,
label_test_2,22343fbf-19c5-48bd-ab90-759f41ddb16e,trening,S8700,45,105830,
label_test_2,22343fbf-19c5-48bd-ab90-759f41ddb16e,trening,S7000,23,105830,
label_test_2,22343fbf-19c5-48bd-ab90-759f41ddb16e,trening,S9300,71,105830,
label_test_2,22343fbf-19c5-48bd-ab90-759f41ddb16e,trening,S8000,57,105830,
label_test_2,22343fbf-19c5-48bd-ab90-759f41ddb16e,hq_no_label,S9300,62,61987,
label_test_2,22343fbf-19c5-48bd-ab90-759f41ddb16e,hq_no_label,S10000,65,61987,
label_test_2,22343fbf-19c5-48bd-ab90-759f41ddb16e,hq_no_label,S10700,65,61987,
label_test_2,22343fbf-19c5-48bd-ab90-759f41ddb16e,hq_no_label,reference,100,61987,
label_test_2,22343fbf-19c5-48bd-ab90-759f41ddb16e,hq_no_label,S7000,21,61987,
label_test_2,22343fbf-19c5-48bd-ab90-759f41ddb16e,hq_no_label,S3500,4,61987,
label_test_2,22343fbf-19c5-48bd-ab90-759f41ddb16e,hq_no_label,S8700,51,61987,
label_test_2,22343fbf-19c5-48bd-ab90-759f41ddb16e,hq_no_label,S5500,14,61987,
label_test_2,22343fbf-19c5-48bd-ab90-759f41ddb16e,hq_no_label,S11300,81,61987,
label_test_2,22343fbf-19c5-48bd-ab90-759f41ddb16e,hq_no_label,S8000,39,61987,
label_test_2,22343fbf-19c5-48bd-ab90-759f41ddb16e,hq_no_label,S12000,88,61987,
label_test_2,22343fbf-19c5-48bd-ab90-759f41ddb16e,hq_no_label,S7000,23,64629,
label_test_2,22343fbf-19c5-48bd-ab90-759f41ddb16e,hq_no_label,S5500,0,64629,
label_test_2,22343fbf-19c5-48bd-ab90-759f41ddb16e,hq_no_label,S8700,16,64629,
label_test_2,22343fbf-19c5-48bd-ab90-759f41ddb16e,hq_no_label,S10700,32,64629,
label_test_2,22343fbf-19c5-48bd-ab90-759f41ddb16e,hq_no_label,reference,100,64629,
label_test_2,22343fbf-19c5-48bd-ab90-759f41ddb16e,hq_no_label,S10000,55,64629,
label_test_2,22343fbf-19c5-48bd-ab90-759f41ddb16e,hq_no_label,S8000,54,64629,
label_test_2,22343fbf-19c5-48bd-ab90-759f41ddb16e,hq_no_label,S11300,55,64629,
label_test_2,22343fbf-19c5-48bd-ab90-759f41ddb16e,hq_no_label,S3500,0,64629,
label_test_2,22343fbf-19c5-48bd-ab90-759f41ddb16e,hq_no_label,S12000,63,64629,
label_test_2,22343fbf-19c5-48bd-ab90-759f41ddb16e,hq_no_label,S9300,38,64629,
label_test_2,3e05aafe-1a28-4992-b692-402c8d85590c,trening,S10000,40,221695,
label_test_2,3e05aafe-1a28-4992-b692-402c8d85590c,trening,S3500,5,221695,
label_test_2,3e05aafe-1a28-4992-b692-402c8d85590c,trening,S9300,61,221695,
label_test_2,3e05aafe-1a28-4992-b692-402c8d85590c,trening,S8000,20,221695,
label_test_2,3e05aafe-1a28-4992-b692-402c8d85590c,trening,S12000,85,221695,
label_test_2,3e05aafe-1a28-4992-b692-402c8d85590c,trening,S10700,90,221695,
label_test_2,3e05aafe-1a28-4992-b692-402c8d85590c,trening,reference,100,221695,
label_test_2,3e05aafe-1a28-4992-b692-402c8d85590c,trening,S8700,50,221695,
label_test_2,3e05aafe-1a28-4992-b692-402c8d85590c,trening,S7000,15,221695,
label_test_2,3e05aafe-1a28-4992-b692-402c8d85590c,trening,S5500,10,221695,
label_test_2,3e05aafe-1a28-4992-b692-402c8d85590c,trening,S11300,80,221695,
label_test_2,3e05aafe-1a28-4992-b692-402c8d85590c,hq_no_label,S3500,5,197672,
label_test_2,3e05aafe-1a28-4992-b692-402c8d85590c,hq_no_label,reference,100,197672,
label_test_2,3e05aafe-1a28-4992-b692-402c8d85590c,hq_no_label,S10700,50,197672,
label_test_2,3e05aafe-1a28-4992-b692-402c8d85590c,hq_no_label,S8000,30,197672,
label_test_2,3e05aafe-1a28-4992-b692-402c8d85590c,hq_no_label,S12000,90,197672,
label_test_2,3e05aafe-1a28-4992-b692-402c8d85590c,hq_no_label,S7000,35,197672,
label_test_2,3e05aafe-1a28-4992-b692-402c8d85590c,hq_no_label,S11300,89,197672,
label_test_2,3e05aafe-1a28-4992-b692-402c8d85590c,hq_no_label,S5500,20,197672,
label_test_2,3e05aafe-1a28-4992-b692-402c8d85590c,hq_no_label,S10000,79,197672,
label_test_2,3e05aafe-1a28-4992-b692-402c8d85590c,hq_no_label,S8700,71,197672,
label_test_2,3e05aafe-1a28-4992-b692-402c8d85590c,hq_no_label,S9300,65,197672,
label_test_2,3e05aafe-1a28-4992-b692-402c8d85590c,hq_no_label,S12000,80,123850,
label_test_2,3e05aafe-1a28-4992-b692-402c8d85590c,hq_no_label,S10000,51,123850,
label_test_2,3e05aafe-1a28-4992-b692-402c8d85590c,hq_no_label,S7000,15,123850,
label_test_2,3e05aafe-1a28-4992-b692-402c8d85590c,hq_no_label,S8000,20,123850,
label_test_2,3e05aafe-1a28-4992-b692-402c8d85590c,hq_no_label,S10700,70,123850,
label_test_2,3e05aafe-1a28-4992-b692-402c8d85590c,hq_no_label,S11300,79,123850,
label_test_2,3e05aafe-1a28-4992-b692-402c8d85590c,hq_no_label,S3500,1,123850,
label_test_2,3e05aafe-1a28-4992-b692-402c8d85590c,hq_no_label,reference,100,123850,
label_test_2,3e05aafe-1a28-4992-b692-402c8d85590c,hq_no_label,S9300,51,123850,
label_test_2,3e05aafe-1a28-4992-b692-402c8d85590c,hq_no_label,S5500,20,123850,
label_test_2,3e05aafe-1a28-4992-b692-402c8d85590c,hq_no_label,S8700,60,123850,
label_test_2,db08b1b7-7f68-4a8a-ba62-a955fc9472af,trening,S7000,28,291934,
label_test_2,db08b1b7-7f68-4a8a-ba62-a955fc9472af,trening,reference,100,291934,
label_test_2,db08b1b7-7f68-4a8a-ba62-a955fc9472af,trening,S9300,59,291934,
label_test_2,db08b1b7-7f68-4a8a-ba62-a955fc9472af,trening,S8000,38,291934,
label_test_2,db08b1b7-7f68-4a8a-ba62-a955fc9472af,trening,S8700,57,291934,
label_test_2,db08b1b7-7f68-4a8a-ba62-a955fc9472af,trening,S5500,20,291934,
label_test_2,db08b1b7-7f68-4a8a-ba62-a955fc9472af,trening,S12000,84,291934,
label_test_2,db08b1b7-7f68-4a8a-ba62-a955fc9472af,trening,S10000,65,291934,
label_test_2,db08b1b7-7f68-4a8a-ba62-a955fc9472af,trening,S3500,11,291934,
label_test_2,db08b1b7-7f68-4a8a-ba62-a955fc9472af,trening,S11300,79,291934,
label_test_2,db08b1b7-7f68-4a8a-ba62-a955fc9472af,trening,S10700,71,291934,
label_test_2,db08b1b7-7f68-4a8a-ba62-a955fc9472af,hq_no_label,S3500,14,175064,
label_test_2,db08b1b7-7f68-4a8a-ba62-a955fc9472af,hq_no_label,S12000,91,175064,
label_test_2,db08b1b7-7f68-4a8a-ba62-a955fc9472af,hq_no_label,S9300,67,175064,
label_test_2,db08b1b7-7f68-4a8a-ba62-a955fc9472af,hq_no_label,S5500,27,175064,
label_test_2,db08b1b7-7f68-4a8a-ba62-a955fc9472af,hq_no_label,S7000,45,175064,
label_test_2,db08b1b7-7f68-4a8a-ba62-a955fc9472af,hq_no_label,S10700,80,175064,
label_test_2,db08b1b7-7f68-4a8a-ba62-a955fc9472af,hq_no_label,reference,100,175064,
label_test_2,db08b1b7-7f68-4a8a-ba62-a955fc9472af,hq_no_label,S8700,61,175064,
label_test_2,db08b1b7-7f68-4a8a-ba62-a955fc9472af,hq_no_label,S11300,87,175064,
label_test_2,db08b1b7-7f68-4a8a-ba62-a955fc9472af,hq_no_label,S10000,71,175064,
label_test_2,db08b1b7-7f68-4a8a-ba62-a955fc9472af,hq_no_label,S8000,33,175064,
label_test_2,db08b1b7-7f68-4a8a-ba62-a955fc9472af,hq_no_label,S9300,69,99182,
label_test_2,db08b1b7-7f68-4a8a-ba62-a955fc9472af,hq_no_label,S8000,49,99182,
label_test_2,db08b1b7-7f68-4a8a-ba62-a955fc9472af,hq_no_label,S5500,24,99182,
label_test_2,db08b1b7-7f68-4a8a-ba62-a955fc9472af,hq_no_label,S10000,76,99182,
label_test_2,db08b1b7-7f68-4a8a-ba62-a955fc9472af,hq_no_label,S10700,82,99182,
label_test_2,db08b1b7-7f68-4a8a-ba62-a955fc9472af,hq_no_label,S12000,90,99182,
label_test_2,db08b1b7-7f68-4a8a-ba62-a955fc9472af,hq_no_label,S8700,73,99182,
label_test_2,db08b1b7-7f68-4a8a-ba62-a955fc9472af,hq_no_label,S7000,34,99182,
label_test_2,db08b1b7-7f68-4a8a-ba62-a955fc9472af,hq_no_label,S3500,19,99182,
label_test_2,db08b1b7-7f68-4a8a-ba62-a955fc9472af,hq_no_label,S11300,89,99182,
label_test_2,db08b1b7-7f68-4a8a-ba62-a955fc9472af,hq_no_label,reference,100,99182,
label_test_2,75995b2a-9382-4ef1-9456-eb4a39acaa84,trening,S10000,60,187066,
label_test_2,75995b2a-9382-4ef1-9456-eb4a39acaa84,trening,reference,100,187066,
label_test_2,75995b2a-9382-4ef1-9456-eb4a39acaa84,trening,S5500,35,187066,
label_test_2,75995b2a-9382-4ef1-9456-eb4a39acaa84,trening,S8000,50,187066,
label_test_2,75995b2a-9382-4ef1-9456-eb4a39acaa84,trening,S6000,35,187066,
label_test_2,75995b2a-9382-4ef1-9456-eb4a39acaa84,trening,S4000,15,187066,
label_test_2,75995b2a-9382-4ef1-9456-eb4a39acaa84,trening,S5000,25,187066,
label_test_2,75995b2a-9382-4ef1-9456-eb4a39acaa84,trening,S7000,40,187066,
label_test_2,75995b2a-9382-4ef1-9456-eb4a39acaa84,trening,S4500,20,187066,
label_test_2,75995b2a-9382-4ef1-9456-eb4a39acaa84,trening,S3500,10,187066,
label_test_2,75995b2a-9382-4ef1-9456-eb4a39acaa84,trening,S6500,37,187066,
label_test_2,75995b2a-9382-4ef1-9456-eb4a39acaa84,lq_no_label,S5500,40,140146,
label_test_2,75995b2a-9382-4ef1-9456-eb4a39acaa84,lq_no_label,S7000,50,140146,
label_test_2,75995b2a-9382-4ef1-9456-eb4a39acaa84,lq_no_label,S10000,70,140146,
label_test_2,75995b2a-9382-4ef1-9456-eb4a39acaa84,lq_no_label,S4000,30,140146,
label_test_2,75995b2a-9382-4ef1-9456-eb4a39acaa84,lq_no_label,S5000,45,140146,
label_test_2,75995b2a-9382-4ef1-9456-eb4a39acaa84,lq_no_label,S3500,25,140146,
label_test_2,75995b2a-9382-4ef1-9456-eb4a39acaa84,lq_no_label,S6000,55,140146,
label_test_2,75995b2a-9382-4ef1-9456-eb4a39acaa84,lq_no_label,S4500,37,140146,
label_test_2,75995b2a-9382-4ef1-9456-eb4a39acaa84,lq_no_label,S8000,65,140146,
label_test_2,75995b2a-9382-4ef1-9456-eb4a39acaa84,lq_no_label,reference,100,140146,
label_test_2,75995b2a-9382-4ef1-9456-eb4a39acaa84,lq_no_label,S6500,60,140146,
label_test_2,75995b2a-9382-4ef1-9456-eb4a39acaa84,lq_no_label,S4000,30,165082,
label_test_2,75995b2a-9382-4ef1-9456-eb4a39acaa84,lq_no_label,S4500,35,165082,
label_test_2,75995b2a-9382-4ef1-9456-eb4a39acaa84,lq_no_label,S8000,55,165082,
label_test_2,75995b2a-9382-4ef1-9456-eb4a39acaa84,lq_no_label,S6500,45,165082,
label_test_2,75995b2a-9382-4ef1-9456-eb4a39acaa84,lq_no_label,reference,100,165082,
label_test_2,75995b2a-9382-4ef1-9456-eb4a39acaa84,lq_no_label,S10000,65,165082,
label_test_2,75995b2a-9382-4ef1-9456-eb4a39acaa84,lq_no_label,S5500,40,165082,
label_test_2,75995b2a-9382-4ef1-9456-eb4a39acaa84,lq_no_label,S5000,37,165082,
label_test_2,75995b2a-9382-4ef1-9456-eb4a39acaa84,lq_no_label,S7000,50,165082,
label_test_2,75995b2a-9382-4ef1-9456-eb4a39acaa84,lq_no_label,S3500,30,165082,
label_test_2,75995b2a-9382-4ef1-9456-eb4a39acaa84,lq_no_label,S6000,45,165082,
label_test_2,039845ea-ddda-423d-9600-936e6afc16cc,trening,S4500,32,372704,
label_test_2,039845ea-ddda-423d-9600-936e6afc16cc,trening,S10000,73,372704,
label_test_2,039845ea-ddda-423d-9600-936e6afc16cc,trening,S3500,39,372704,
label_test_2,039845ea-ddda-423d-9600-936e6afc16cc,trening,S8000,66,372704,
label_test_2,039845ea-ddda-423d-9600-936e6afc16cc,trening,S5000,46,372704,
label_test_2,039845ea-ddda-423d-9600-936e6afc16cc,trening,S6500,69,372704,
label_test_2,039845ea-ddda-423d-9600-936e6afc16cc,trening,reference,100,372704,
label_test_2,039845ea-ddda-423d-9600-936e6afc16cc,trening,S4000,21,372704,
label_test_2,039845ea-ddda-423d-9600-936e6afc16cc,trening,S7000,52,372704,
label_test_2,039845ea-ddda-423d-9600-936e6afc16cc,trening,S5500,51,372704,
label_test_2,039845ea-ddda-423d-9600-936e6afc16cc,trening,S6000,71,372704,
label_test_2,039845ea-ddda-423d-9600-936e6afc16cc,lq_no_label,S7000,52,95939,
label_test_2,039845ea-ddda-423d-9600-936e6afc16cc,lq_no_label,S3500,34,95939,
label_test_2,039845ea-ddda-423d-9600-936e6afc16cc,lq_no_label,S4500,28,95939,
label_test_2,039845ea-ddda-423d-9600-936e6afc16cc,lq_no_label,reference,100,95939,
label_test_2,039845ea-ddda-423d-9600-936e6afc16cc,lq_no_label,S4000,34,95939,
label_test_2,039845ea-ddda-423d-9600-936e6afc16cc,lq_no_label,S5500,53,95939,
label_test_2,039845ea-ddda-423d-9600-936e6afc16cc,lq_no_label,S5000,51,95939,
label_test_2,039845ea-ddda-423d-9600-936e6afc16cc,lq_no_label,S6000,60,95939,
label_test_2,039845ea-ddda-423d-9600-936e6afc16cc,lq_no_label,S8000,78,95939,
label_test_2,039845ea-ddda-423d-9600-936e6afc16cc,lq_no_label,S6500,59,95939,
label_test_2,039845ea-ddda-423d-9600-936e6afc16cc,lq_no_label,S10000,87,95939,
label_test_2,039845ea-ddda-423d-9600-936e6afc16cc,lq_no_label,reference,100,76901,
label_test_2,039845ea-ddda-423d-9600-936e6afc16cc,lq_no_label,S5000,29,76901,
label_test_2,039845ea-ddda-423d-9600-936e6afc16cc,lq_no_label,S6000,51,76901,
label_test_2,039845ea-ddda-423d-9600-936e6afc16cc,lq_no_label,S7000,72,76901,
label_test_2,039845ea-ddda-423d-9600-936e6afc16cc,lq_no_label,S3500,16,76901,
label_test_2,039845ea-ddda-423d-9600-936e6afc16cc,lq_no_label,S10000,74,76901,
label_test_2,039845ea-ddda-423d-9600-936e6afc16cc,lq_no_label,S4500,34,76901,
label_test_2,039845ea-ddda-423d-9600-936e6afc16cc,lq_no_label,S5500,45,76901,
label_test_2,039845ea-ddda-423d-9600-936e6afc16cc,lq_no_label,S4000,39,76901,
label_test_2,039845ea-ddda-423d-9600-936e6afc16cc,lq_no_label,S6500,61,76901,
label_test_2,039845ea-ddda-423d-9600-936e6afc16cc,lq_no_label,S8000,78,76901,
label_test_2,b25dd97b-6155-4bd6-a92b-3cf004d914c1,trening,S7000,49,292818,
label_test_2,b25dd97b-6155-4bd6-a92b-3cf004d914c1,trening,S6000,40,292818,
label_test_2,b25dd97b-6155-4bd6-a92b-3cf004d914c1,trening,S8000,61,292818,
label_test_2,b25dd97b-6155-4bd6-a92b-3cf004d914c1,trening,S4000,30,292818,
label_test_2,b25dd97b-6155-4bd6-a92b-3cf004d914c1,trening,reference,100,292818,
label_test_2,b25dd97b-6155-4bd6-a92b-3cf004d914c1,trening,S10000,81,292818,
label_test_2,b25dd97b-6155-4bd6-a92b-3cf004d914c1,trening,S4500,40,292818,
label_test_2,b25dd97b-6155-4bd6-a92b-3cf004d914c1,trening,S3500,33,292818,
label_test_2,b25dd97b-6155-4bd6-a92b-3cf004d914c1,trening,S5500,54,292818,
label_test_2,b25dd97b-6155-4bd6-a92b-3cf004d914c1,trening,S6500,65,292818,
label_test_2,b25dd97b-6155-4bd6-a92b-3cf004d914c1,trening,S5000,43,292818,
label_test_2,b25dd97b-6155-4bd6-a92b-3cf004d914c1,lq_no_label,S5000,51,119839,
label_test_2,b25dd97b-6155-4bd6-a92b-3cf004d914c1,lq_no_label,S4000,40,119839,
label_test_2,b25dd97b-6155-4bd6-a92b-3cf004d914c1,lq_no_label,S3500,32,119839,
label_test_2,b25dd97b-6155-4bd6-a92b-3cf004d914c1,lq_no_label,S6500,61,119839,
label_test_2,b25dd97b-6155-4bd6-a92b-3cf004d914c1,lq_no_label,S10000,86,119839,
label_test_2,b25dd97b-6155-4bd6-a92b-3cf004d914c1,lq_no_label,reference,100,119839,
label_test_2,b25dd97b-6155-4bd6-a92b-3cf004d914c1,lq_no_label,S7000,70,119839,
label_test_2,b25dd97b-6155-4bd6-a92b-3cf004d914c1,lq_no_label,S6000,61,119839,
label_test_2,b25dd97b-6155-4bd6-a92b-3cf004d914c1,lq_no_label,S4500,45,119839,
label_test_2,b25dd97b-6155-4bd6-a92b-3cf004d914c1,lq_no_label,S5500,69,119839,
label_test_2,b25dd97b-6155-4bd6-a92b-3cf004d914c1,lq_no_label,S8000,83,119839,
label_test_2,b25dd97b-6155-4bd6-a92b-3cf004d914c1,lq_no_label,S5000,55,107635,
label_test_2,b25dd97b-6155-4bd6-a92b-3cf004d914c1,lq_no_label,reference,100,107635,
label_test_2,b25dd97b-6155-4bd6-a92b-3cf004d914c1,lq_no_label,S10000,86,107635,
label_test_2,b25dd97b-6155-4bd6-a92b-3cf004d914c1,lq_no_label,S7000,66,107635,
label_test_2,b25dd97b-6155-4bd6-a92b-3cf004d914c1,lq_no_label,S6000,55,107635,
label_test_2,b25dd97b-6155-4bd6-a92b-3cf004d914c1,lq_no_label,S4000,44,107635,
label_test_2,b25dd97b-6155-4bd6-a92b-3cf004d914c1,lq_no_label,S4500,41,107635,
label_test_2,b25dd97b-6155-4bd6-a92b-3cf004d914c1,lq_no_label,S3500,48,107635,
label_test_2,b25dd97b-6155-4bd6-a92b-3cf004d914c1,lq_no_label,S5500,61,107635,
label_test_2,b25dd97b-6155-4bd6-a92b-3cf004d914c1,lq_no_label,S8000,76,107635,
label_test_2,b25dd97b-6155-4bd6-a92b-3cf004d914c1,lq_no_label,S6500,69,107635,
label_test_2,d1dc72d7-1046-4f04-9fdd-513ae2404e24,trening,S4000,53,199737,
label_test_2,d1dc72d7-1046-4f04-9fdd-513ae2404e24,trening,S4500,62,199737,
label_test_2,d1dc72d7-1046-4f04-9fdd-513ae2404e24,trening,S5000,62,199737,
label_test_2,d1dc72d7-1046-4f04-9fdd-513ae2404e24,trening,S5500,69,199737,
label_test_2,d1dc72d7-1046-4f04-9fdd-513ae2404e24,trening,S3500,40,199737,
label_test_2,d1dc72d7-1046-4f04-9fdd-513ae2404e24,trening,S10000,75,199737,
label_test_2,d1dc72d7-1046-4f04-9fdd-513ae2404e24,trening,S7000,52,199737,
label_test_2,d1dc72d7-1046-4f04-9fdd-513ae2404e24,trening,S6000,78,199737,
label_test_2,d1dc72d7-1046-4f04-9fdd-513ae2404e24,trening,S8000,81,199737,
label_test_2,d1dc72d7-1046-4f04-9fdd-513ae2404e24,trening,S6500,79,199737,
label_test_2,d1dc72d7-1046-4f04-9fdd-513ae2404e24,trening,reference,100,199737,
label_test_2,d1dc72d7-1046-4f04-9fdd-513ae2404e24,lq_no_label,S4500,57,68240,
label_test_2,d1dc72d7-1046-4f04-9fdd-513ae2404e24,lq_no_label,S10000,88,68240,
label_test_2,d1dc72d7-1046-4f04-9fdd-513ae2404e24,lq_no_label,S3500,50,68240,
label_test_2,d1dc72d7-1046-4f04-9fdd-513ae2404e24,lq_no_label,S8000,100,68240,
label_test_2,d1dc72d7-1046-4f04-9fdd-513ae2404e24,lq_no_label,S5000,76,68240,
label_test_2,d1dc72d7-1046-4f04-9fdd-513ae2404e24,lq_no_label,S5500,84,68240,
label_test_2,d1dc72d7-1046-4f04-9fdd-513ae2404e24,lq_no_label,S6500,61,68240,
label_test_2,d1dc72d7-1046-4f04-9fdd-513ae2404e24,lq_no_label,S4000,56,68240,
label_test_2,d1dc72d7-1046-4f04-9fdd-513ae2404e24,lq_no_label,S6000,70,68240,
label_test_2,d1dc72d7-1046-4f04-9fdd-513ae2404e24,lq_no_label,reference,100,68240,
label_test_2,d1dc72d7-1046-4f04-9fdd-513ae2404e24,lq_no_label,S7000,64,68240,
label_test_2,d1dc72d7-1046-4f04-9fdd-513ae2404e24,lq_no_label,S6000,60,40858,
label_test_2,d1dc72d7-1046-4f04-9fdd-513ae2404e24,lq_no_label,S5000,50,40858,
label_test_2,d1dc72d7-1046-4f04-9fdd-513ae2404e24,lq_no_label,reference,100,40858,
label_test_2,d1dc72d7-1046-4f04-9fdd-513ae2404e24,lq_no_label,S3500,49,40858,
label_test_2,d1dc72d7-1046-4f04-9fdd-513ae2404e24,lq_no_label,S4000,61,40858,
label_test_2,d1dc72d7-1046-4f04-9fdd-513ae2404e24,lq_no_label,S4500,55,40858,
label_test_2,d1dc72d7-1046-4f04-9fdd-513ae2404e24,lq_no_label,S8000,75,40858,
label_test_2,d1dc72d7-1046-4f04-9fdd-513ae2404e24,lq_no_label,S6500,100,40858,
label_test_2,d1dc72d7-1046-4f04-9fdd-513ae2404e24,lq_no_label,S5500,55,40858,
label_test_2,d1dc72d7-1046-4f04-9fdd-513ae2404e24,lq_no_label,S7000,84,40858,
label_test_2,d1dc72d7-1046-4f04-9fdd-513ae2404e24,lq_no_label,S10000,100,40858,
label_test_2,0dade282-e3b8-4858-abb0-209b6f762c2d,trening,S7000,13,105304,
label_test_2,0dade282-e3b8-4858-abb0-209b6f762c2d,trening,S8000,27,105304,
label_test_2,0dade282-e3b8-4858-abb0-209b6f762c2d,trening,S10000,76,105304,
label_test_2,0dade282-e3b8-4858-abb0-209b6f762c2d,trening,reference,100,105304,
label_test_2,0dade282-e3b8-4858-abb0-209b6f762c2d,trening,S6000,9,105304,
label_test_2,0dade282-e3b8-4858-abb0-209b6f762c2d,trening,S5500,11,105304,
label_test_2,0dade282-e3b8-4858-abb0-209b6f762c2d,trening,S4500,0,105304,
label_test_2,0dade282-e3b8-4858-abb0-209b6f762c2d,trening,S5000,1,105304,
label_test_2,0dade282-e3b8-4858-abb0-209b6f762c2d,trening,S3500,0,105304,
label_test_2,0dade282-e3b8-4858-abb0-209b6f762c2d,trening,S4000,1,105304,
label_test_2,0dade282-e3b8-4858-abb0-209b6f762c2d,trening,S6500,17,105304,
label_test_2,0dade282-e3b8-4858-abb0-209b6f762c2d,lq_no_label,S4500,35,112320,
label_test_2,0dade282-e3b8-4858-abb0-209b6f762c2d,lq_no_label,S5000,21,112320,
label_test_2,0dade282-e3b8-4858-abb0-209b6f762c2d,lq_no_label,S8000,68,112320,
label_test_2,0dade282-e3b8-4858-abb0-209b6f762c2d,lq_no_label,reference,100,112320,
label_test_2,0dade282-e3b8-4858-abb0-209b6f762c2d,lq_no_label,S4000,53,112320,
label_test_2,0dade282-e3b8-4858-abb0-209b6f762c2d,lq_no_label,S6500,48,112320,
label_test_2,0dade282-e3b8-4858-abb0-209b6f762c2d,lq_no_label,S7000,49,112320,
label_test_2,0dade282-e3b8-4858-abb0-209b6f762c2d,lq_no_label,S10000,69,112320,
label_test_2,0dade282-e3b8-4858-abb0-209b6f762c2d,lq_no_label,S3500,0,112320,
label_test_2,0dade282-e3b8-4858-abb0-209b6f762c2d,lq_no_label,S6000,43,112320,
label_test_2,0dade282-e3b8-4858-abb0-209b6f762c2d,lq_no_label,S5500,44,112320,
label_test_2,0dade282-e3b8-4858-abb0-209b6f762c2d,lq_no_label,S5000,57,116501,
label_test_2,0dade282-e3b8-4858-abb0-209b6f762c2d,lq_no_label,S6500,63,116501,
label_test_2,0dade282-e3b8-4858-abb0-209b6f762c2d,lq_no_label,S4000,10,116501,
label_test_2,0dade282-e3b8-4858-abb0-209b6f762c2d,lq_no_label,S5500,45,116501,
label_test_2,0dade282-e3b8-4858-abb0-209b6f762c2d,lq_no_label,S3500,0,116501,
label_test_2,0dade282-e3b8-4858-abb0-209b6f762c2d,lq_no_label,reference,100,116501,
label_test_2,0dade282-e3b8-4858-abb0-209b6f762c2d,lq_no_label,S10000,63,116501,
label_test_2,0dade282-e3b8-4858-abb0-209b6f762c2d,lq_no_label,S8000,61,116501,
label_test_2,0dade282-e3b8-4858-abb0-209b6f762c2d,lq_no_label,S6000,42,116501,
label_test_2,0dade282-e3b8-4858-abb0-209b6f762c2d,lq_no_label,S4500,24,116501,
label_test_2,0dade282-e3b8-4858-abb0-209b6f762c2d,lq_no_label,S7000,47,116501,
label_test_2,85821b79-db30-4da2-a3ec-24d5517229e1,trening,S5500,81,92339,
label_test_2,85821b79-db30-4da2-a3ec-24d5517229e1,trening,S4000,61,92339,
label_test_2,85821b79-db30-4da2-a3ec-24d5517229e1,trening,reference,100,92339,
label_test_2,85821b79-db30-4da2-a3ec-24d5517229e1,trening,S4500,41,92339,
label_test_2,85821b79-db30-4da2-a3ec-24d5517229e1,trening,S10000,100,92339,
label_test_2,85821b79-db30-4da2-a3ec-24d5517229e1,trening,S6500,39,92339,
label_test_2,85821b79-db30-4da2-a3ec-24d5517229e1,trening,S3500,23,92339,
label_test_2,85821b79-db30-4da2-a3ec-24d5517229e1,trening,S8000,63,92339,
label_test_2,85821b79-db30-4da2-a3ec-24d5517229e1,trening,S7000,62,92339,
label_test_2,85821b79-db30-4da2-a3ec-24d5517229e1,trening,S5000,39,92339,
label_test_2,85821b79-db30-4da2-a3ec-24d5517229e1,trening,S6000,40,92339,
label_test_2,85821b79-db30-4da2-a3ec-24d5517229e1,lq_no_label,S4000,23,113044,
label_test_2,85821b79-db30-4da2-a3ec-24d5517229e1,lq_no_label,reference,100,113044,
label_test_2,85821b79-db30-4da2-a3ec-24d5517229e1,lq_no_label,S5000,41,113044,
label_test_2,85821b79-db30-4da2-a3ec-24d5517229e1,lq_no_label,S8000,63,113044,
label_test_2,85821b79-db30-4da2-a3ec-24d5517229e1,lq_no_label,S10000,83,113044,
label_test_2,85821b79-db30-4da2-a3ec-24d5517229e1,lq_no_label,S5500,24,113044,
label_test_2,85821b79-db30-4da2-a3ec-24d5517229e1,lq_no_label,S4500,65,113044,
label_test_2,85821b79-db30-4da2-a3ec-24d5517229e1,lq_no_label,S6500,83,113044,
label_test_2,85821b79-db30-4da2-a3ec-24d5517229e1,lq_no_label,S7000,60,113044,
label_test_2,85821b79-db30-4da2-a3ec-24d5517229e1,lq_no_label,S3500,41,113044,
label_test_2,85821b79-db30-4da2-a3ec-24d5517229e1,lq_no_label,S6000,24,113044,
label_test_2,85821b79-db30-4da2-a3ec-24d5517229e1,lq_no_label,S7000,44,66545,
label_test_2,85821b79-db30-4da2-a3ec-24d5517229e1,lq_no_label,S10000,83,66545,
label_test_2,85821b79-db30-4da2-a3ec-24d5517229e1,lq_no_label,S6000,41,66545,
label_test_2,85821b79-db30-4da2-a3ec-24d5517229e1,lq_no_label,reference,100,66545,
label_test_2,85821b79-db30-4da2-a3ec-24d5517229e1,lq_no_label,S6500,64,66545,
label_test_2,85821b79-db30-4da2-a3ec-24d5517229e1,lq_no_label,S4500,27,66545,
label_test_2,85821b79-db30-4da2-a3ec-24d5517229e1,lq_no_label,S8000,79,66545,
label_test_2,85821b79-db30-4da2-a3ec-24d5517229e1,lq_no_label,S5000,63,66545,
label_test_2,85821b79-db30-4da2-a3ec-24d5517229e1,lq_no_label,S4000,60,66545,
label_test_2,85821b79-db30-4da2-a3ec-24d5517229e1,lq_no_label,S5500,59,66545,
label_test_2,85821b79-db30-4da2-a3ec-24d5517229e1,lq_no_label,S3500,40,66545,
label_test_2,0eb65ce3-234f-4041-8079-36825255b5d9,trening,S7000,39,46107,
label_test_2,0eb65ce3-234f-4041-8079-36825255b5d9,trening,S8000,47,46107,
label_test_2,0eb65ce3-234f-4041-8079-36825255b5d9,trening,S3500,24,46107,
label_test_2,0eb65ce3-234f-4041-8079-36825255b5d9,trening,S4000,54,46107,
label_test_2,0eb65ce3-234f-4041-8079-36825255b5d9,trening,S10000,87,46107,
label_test_2,0eb65ce3-234f-4041-8079-36825255b5d9,trening,S6000,19,46107,
label_test_2,0eb65ce3-234f-4041-8079-36825255b5d9,trening,S4500,9,46107,
label_test_2,0eb65ce3-234f-4041-8079-36825255b5d9,trening,S6500,36,46107,
label_test_2,0eb65ce3-234f-4041-8079-36825255b5d9,trening,S5500,50,46107,
label_test_2,0eb65ce3-234f-4041-8079-36825255b5d9,trening,reference,100,46107,
label_test_2,0eb65ce3-234f-4041-8079-36825255b5d9,trening,S5000,48,46107,
label_test_2,0eb65ce3-234f-4041-8079-36825255b5d9,lq_no_label,S6000,79,43428,
label_test_2,0eb65ce3-234f-4041-8079-36825255b5d9,lq_no_label,S4500,27,43428,
label_test_2,0eb65ce3-234f-4041-8079-36825255b5d9,lq_no_label,S5500,35,43428,
label_test_2,0eb65ce3-234f-4041-8079-36825255b5d9,lq_no_label,S3500,5,43428,
label_test_2,0eb65ce3-234f-4041-8079-36825255b5d9,lq_no_label,S5000,47,43428,
label_test_2,0eb65ce3-234f-4041-8079-36825255b5d9,lq_no_label,S10000,84,43428,
label_test_2,0eb65ce3-234f-4041-8079-36825255b5d9,lq_no_label,S8000,45,43428,
label_test_2,0eb65ce3-234f-4041-8079-36825255b5d9,lq_no_label,S4000,31,43428,
label_test_2,0eb65ce3-234f-4041-8079-36825255b5d9,lq_no_label,S7000,51,43428,
label_test_2,0eb65ce3-234f-4041-8079-36825255b5d9,lq_no_label,reference,100,43428,
label_test_2,0eb65ce3-234f-4041-8079-36825255b5d9,lq_no_label,S6500,61,43428,
label_test_2,0eb65ce3-234f-4041-8079-36825255b5d9,lq_no_label,S7000,35,38967,
label_test_2,0eb65ce3-234f-4041-8079-36825255b5d9,lq_no_label,S6500,42,38967,
label_test_2,0eb65ce3-234f-4041-8079-36825255b5d9,lq_no_label,S8000,56,38967,
label_test_2,0eb65ce3-234f-4041-8079-36825255b5d9,lq_no_label,S4000,11,38967,
label_test_2,0eb65ce3-234f-4041-8079-36825255b5d9,lq_no_label,S4500,33,38967,
label_test_2,0eb65ce3-234f-4041-8079-36825255b5d9,lq_no_label,S5000,49,38967,
label_test_2,0eb65ce3-234f-4041-8079-36825255b5d9,lq_no_label,S5500,44,38967,
label_test_2,0eb65ce3-234f-4041-8079-36825255b5d9,lq_no_label,S3500,5,38967,
label_test_2,0eb65ce3-234f-4041-8079-36825255b5d9,lq_no_label,S10000,72,38967,
label_test_2,0eb65ce3-234f-4041-8079-36825255b5d9,lq_no_label,reference,100,38967,
label_test_2,0eb65ce3-234f-4041-8079-36825255b5d9,lq_no_label,S6000,63,38967,
label_test_2,73744e8c-38a3-49d8-b1ac-da645060e8c9,trening,S6500,26,37768,
label_test_2,73744e8c-38a3-49d8-b1ac-da645060e8c9,trening,S3500,14,37768,
label_test_2,73744e8c-38a3-49d8-b1ac-da645060e8c9,trening,S4500,17,37768,
label_test_2,73744e8c-38a3-49d8-b1ac-da645060e8c9,trening,S7000,28,37768,
label_test_2,73744e8c-38a3-49d8-b1ac-da645060e8c9,trening,S4000,14,37768,
label_test_2,73744e8c-38a3-49d8-b1ac-da645060e8c9,trening,S5000,39,37768,
label_test_2,73744e8c-38a3-49d8-b1ac-da645060e8c9,trening,reference,100,37768,
label_test_2,73744e8c-38a3-49d8-b1ac-da645060e8c9,trening,S6000,53,37768,
label_test_2,73744e8c-38a3-49d8-b1ac-da645060e8c9,trening,S10000,87,37768,
label_test_2,73744e8c-38a3-49d8-b1ac-da645060e8c9,trening,S8000,78,37768,
label_test_2,73744e8c-38a3-49d8-b1ac-da645060e8c9,trening,S5500,58,37768,
label_test_2,73744e8c-38a3-49d8-b1ac-da645060e8c9,lq_no_label,S5500,35,57748,
label_test_2,73744e8c-38a3-49d8-b1ac-da645060e8c9,lq_no_label,S3500,15,57748,
label_test_2,73744e8c-38a3-49d8-b1ac-da645060e8c9,lq_no_label,S4500,20,57748,
label_test_2,73744e8c-38a3-49d8-b1ac-da645060e8c9,lq_no_label,S8000,77,57748,
label_test_2,73744e8c-38a3-49d8-b1ac-da645060e8c9,lq_no_label,S5000,39,57748,
label_test_2,73744e8c-38a3-49d8-b1ac-da645060e8c9,lq_no_label,reference,100,57748,
label_test_2,73744e8c-38a3-49d8-b1ac-da645060e8c9,lq_no_label,S6000,90,57748,
label_test_2,73744e8c-38a3-49d8-b1ac-da645060e8c9,lq_no_label,S10000,93,57748,
label_test_2,73744e8c-38a3-49d8-b1ac-da645060e8c9,lq_no_label,S4000,41,57748,
label_test_2,73744e8c-38a3-49d8-b1ac-da645060e8c9,lq_no_label,S7000,53,57748,
label_test_2,73744e8c-38a3-49d8-b1ac-da645060e8c9,lq_no_label,S6500,73,57748,
label_test_2,73744e8c-38a3-49d8-b1ac-da645060e8c9,lq_no_label,S5500,39,42171,
label_test_2,73744e8c-38a3-49d8-b1ac-da645060e8c9,lq_no_label,S4000,13,42171,
label_test_2,73744e8c-38a3-49d8-b1ac-da645060e8c9,lq_no_label,reference,100,42171,
label_test_2,73744e8c-38a3-49d8-b1ac-da645060e8c9,lq_no_label,S3500,47,42171,
label_test_2,73744e8c-38a3-49d8-b1ac-da645060e8c9,lq_no_label,S6500,52,42171,
label_test_2,73744e8c-38a3-49d8-b1ac-da645060e8c9,lq_no_label,S6000,74,42171,
label_test_2,73744e8c-38a3-49d8-b1ac-da645060e8c9,lq_no_label,S5000,35,42171,
label_test_2,73744e8c-38a3-49d8-b1ac-da645060e8c9,lq_no_label,S8000,79,42171,
label_test_2,73744e8c-38a3-49d8-b1ac-da645060e8c9,lq_no_label,S4500,21,42171,
label_test_2,73744e8c-38a3-49d8-b1ac-da645060e8c9,lq_no_label,S10000,89,42171,
label_test_2,73744e8c-38a3-49d8-b1ac-da645060e8c9,lq_no_label,S7000,72,42171,
label_test_2,fb4028f5-238d-4e15-89c2-cb3539da3ca2,trening,reference,100,70072,
label_test_2,fb4028f5-238d-4e15-89c2-cb3539da3ca2,trening,S4000,35,70072,
label_test_2,fb4028f5-238d-4e15-89c2-cb3539da3ca2,trening,S4500,37,70072,
label_test_2,fb4028f5-238d-4e15-89c2-cb3539da3ca2,trening,S3500,32,70072,
label_test_2,fb4028f5-238d-4e15-89c2-cb3539da3ca2,trening,S6500,75,70072,
label_test_2,fb4028f5-238d-4e15-89c2-cb3539da3ca2,trening,S10000,88,70072,
label_test_2,fb4028f5-238d-4e15-89c2-cb3539da3ca2,trening,S6000,41,70072,
label_test_2,fb4028f5-238d-4e15-89c2-cb3539da3ca2,trening,S8000,54,70072,
label_test_2,fb4028f5-238d-4e15-89c2-cb3539da3ca2,trening,S5500,29,70072,
label_test_2,fb4028f5-238d-4e15-89c2-cb3539da3ca2,trening,S5000,37,70072,
label_test_2,fb4028f5-238d-4e15-89c2-cb3539da3ca2,trening,S7000,48,70072,
label_test_2,fb4028f5-238d-4e15-89c2-cb3539da3ca2,lq_no_label,S10000,89,57100,
label_test_2,fb4028f5-238d-4e15-89c2-cb3539da3ca2,lq_no_label,S5000,9,57100,
label_test_2,fb4028f5-238d-4e15-89c2-cb3539da3ca2,lq_no_label,S8000,31,57100,
label_test_2,fb4028f5-238d-4e15-89c2-cb3539da3ca2,lq_no_label,S6000,20,57100,
label_test_2,fb4028f5-238d-4e15-89c2-cb3539da3ca2,lq_no_label,S5500,17,57100,
label_test_2,fb4028f5-238d-4e15-89c2-cb3539da3ca2,lq_no_label,S4500,4,57100,
label_test_2,fb4028f5-238d-4e15-89c2-cb3539da3ca2,lq_no_label,S3500,0,57100,
label_test_2,fb4028f5-238d-4e15-89c2-cb3539da3ca2,lq_no_label,S7000,71,57100,
label_test_2,fb4028f5-238d-4e15-89c2-cb3539da3ca2,lq_no_label,S6500,51,57100,
label_test_2,fb4028f5-238d-4e15-89c2-cb3539da3ca2,lq_no_label,reference,100,57100,
label_test_2,fb4028f5-238d-4e15-89c2-cb3539da3ca2,lq_no_label,S4000,10,57100,
label_test_2,fb4028f5-238d-4e15-89c2-cb3539da3ca2,lq_no_label,S6500,55,59346,
label_test_2,fb4028f5-238d-4e15-89c2-cb3539da3ca2,lq_no_label,S3500,11,59346,
label_test_2,fb4028f5-238d-4e15-89c2-cb3539da3ca2,lq_no_label,S8000,30,59346,
label_test_2,fb4028f5-238d-4e15-89c2-cb3539da3ca2,lq_no_label,S7000,29,59346,
label_test_2,fb4028f5-238d-4e15-89c2-cb3539da3ca2,lq_no_label,S10000,94,59346,
label_test_2,fb4028f5-238d-4e15-89c2-cb3539da3ca2,lq_no_label,reference,100,59346,
label_test_2,fb4028f5-238d-4e15-89c2-cb3539da3ca2,lq_no_label,S5500,4,59346,
label_test_2,fb4028f5-238d-4e15-89c2-cb3539da3ca2,lq_no_label,S4000,0,59346,
label_test_2,fb4028f5-238d-4e15-89c2-cb3539da3ca2,lq_no_label,S5000,3,59346,
label_test_2,fb4028f5-238d-4e15-89c2-cb3539da3ca2,lq_no_label,S4500,7,59346,
label_test_2,fb4028f5-238d-4e15-89c2-cb3539da3ca2,lq_no_label,S6000,48,59346,
label_test_2,2e70979d-86a8-47e7-b57d-b253e055d2fc,trening,S7000,39,333823,
label_test_2,2e70979d-86a8-47e7-b57d-b253e055d2fc,trening,S8000,10,333823,
label_test_2,2e70979d-86a8-47e7-b57d-b253e055d2fc,trening,S4500,7,333823,
label_test_2,2e70979d-86a8-47e7-b57d-b253e055d2fc,trening,S5500,30,333823,
label_test_2,2e70979d-86a8-47e7-b57d-b253e055d2fc,trening,reference,100,333823,
label_test_2,2e70979d-86a8-47e7-b57d-b253e055d2fc,trening,S3500,0,333823,
label_test_2,2e70979d-86a8-47e7-b57d-b253e055d2fc,trening,S5000,15,333823,
label_test_2,2e70979d-86a8-47e7-b57d-b253e055d2fc,trening,S6000,50,333823,
label_test_2,2e70979d-86a8-47e7-b57d-b253e055d2fc,trening,S4000,10,333823,
label_test_2,2e70979d-86a8-47e7-b57d-b253e055d2fc,trening,S6500,71,333823,
label_test_2,2e70979d-86a8-47e7-b57d-b253e055d2fc,trening,S10000,33,333823,
label_test_2,2e70979d-86a8-47e7-b57d-b253e055d2fc,lq_no_label,S6000,41,118196,
label_test_2,2e70979d-86a8-47e7-b57d-b253e055d2fc,lq_no_label,S4000,6,118196,
label_test_2,2e70979d-86a8-47e7-b57d-b253e055d2fc,lq_no_label,S6500,45,118196,
label_test_2,2e70979d-86a8-47e7-b57d-b253e055d2fc,lq_no_label,S7000,78,118196,
label_test_2,2e70979d-86a8-47e7-b57d-b253e055d2fc,lq_no_label,reference,100,118196,
label_test_2,2e70979d-86a8-47e7-b57d-b253e055d2fc,lq_no_label,S10000,13,118196,
label_test_2,2e70979d-86a8-47e7-b57d-b253e055d2fc,lq_no_label,S8000,56,118196,
label_test_2,2e70979d-86a8-47e7-b57d-b253e055d2fc,lq_no_label,S4500,17,118196,
label_test_2,2e70979d-86a8-47e7-b57d-b253e055d2fc,lq_no_label,S5500,34,118196,
label_test_2,2e70979d-86a8-47e7-b57d-b253e055d2fc,lq_no_label,S3500,11,118196,
label_test_2,2e70979d-86a8-47e7-b57d-b253e055d2fc,lq_no_label,S5000,12,118196,
label_test_2,2e70979d-86a8-47e7-b57d-b253e055d2fc,lq_no_label,S6000,47,100823,
label_test_2,2e70979d-86a8-47e7-b57d-b253e055d2fc,lq_no_label,S4500,9,100823,
label_test_2,2e70979d-86a8-47e7-b57d-b253e055d2fc,lq_no_label,S4000,14,100823,
label_test_2,2e70979d-86a8-47e7-b57d-b253e055d2fc,lq_no_label,S8000,62,100823,
label_test_2,2e70979d-86a8-47e7-b57d-b253e055d2fc,lq_no_label,reference,100,100823,
label_test_2,2e70979d-86a8-47e7-b57d-b253e055d2fc,lq_no_label,S6500,37,100823,
label_test_2,2e70979d-86a8-47e7-b57d-b253e055d2fc,lq_no_label,S5500,25,100823,
label_test_2,2e70979d-86a8-47e7-b57d-b253e055d2fc,lq_no_label,S5000,4,100823,
label_test_2,2e70979d-86a8-47e7-b57d-b253e055d2fc,lq_no_label,S3500,0,100823,
label_test_2,2e70979d-86a8-47e7-b57d-b253e055d2fc,lq_no_label,S7000,53,100823,
label_test_2,2e70979d-86a8-47e7-b57d-b253e055d2fc,lq_no_label,S10000,31,100823,
label_test_2,867711c1-eecc-4009-8cb7-22f7a52d088c,trening,S3500,15,312589,
label_test_2,867711c1-eecc-4009-8cb7-22f7a52d088c,trening,S6000,33,312589,
label_test_2,867711c1-eecc-4009-8cb7-22f7a52d088c,trening,S5000,22,312589,
label_test_2,867711c1-eecc-4009-8cb7-22f7a52d088c,trening,S6500,38,312589,
label_test_2,867711c1-eecc-4009-8cb7-22f7a52d088c,trening,S7000,55,312589,
label_test_2,867711c1-eecc-4009-8cb7-22f7a52d088c,trening,S8000,74,312589,
label_test_2,867711c1-eecc-4009-8cb7-22f7a52d088c,trening,S5500,68,312589,
label_test_2,867711c1-eecc-4009-8cb7-22f7a52d088c,trening,S4500,48,312589,
label_test_2,867711c1-eecc-4009-8cb7-22f7a52d088c,trening,S10000,80,312589,
label_test_2,867711c1-eecc-4009-8cb7-22f7a52d088c,trening,S4000,41,312589,
label_test_2,867711c1-eecc-4009-8cb7-22f7a52d088c,trening,reference,100,312589,
label_test_2,867711c1-eecc-4009-8cb7-22f7a52d088c,lq_no_label,S10000,63,209199,
label_test_2,867711c1-eecc-4009-8cb7-22f7a52d088c,lq_no_label,S6500,24,209199,
label_test_2,867711c1-eecc-4009-8cb7-22f7a52d088c,lq_no_label,S7000,49,209199,
label_test_2,867711c1-eecc-4009-8cb7-22f7a52d088c,lq_no_label,S5000,40,209199,
label_test_2,867711c1-eecc-4009-8cb7-22f7a52d088c,lq_no_label,reference,100,209199,
label_test_2,867711c1-eecc-4009-8cb7-22f7a52d088c,lq_no_label,S8000,58,209199,
label_test_2,867711c1-eecc-4009-8cb7-22f7a52d088c,lq_no_label,S6000,40,209199,
label_test_2,867711c1-eecc-4009-8cb7-22f7a52d088c,lq_no_label,S3500,10,209199,
label_test_2,867711c1-eecc-4009-8cb7-22f7a52d088c,lq_no_label,S4500,1,209199,
label_test_2,867711c1-eecc-4009-8cb7-22f7a52d088c,lq_no_label,S4000,4,209199,
label_test_2,867711c1-eecc-4009-8cb7-22f7a52d088c,lq_no_label,S5500,35,209199,
label_test_2,867711c1-eecc-4009-8cb7-22f7a52d088c,lq_no_label,S6000,35,119977,
label_test_2,867711c1-eecc-4009-8cb7-22f7a52d088c,lq_no_label,S3500,21,119977,
label_test_2,867711c1-eecc-4009-8cb7-22f7a52d088c,lq_no_label,S4500,48,119977,
label_test_2,867711c1-eecc-4009-8cb7-22f7a52d088c,lq_no_label,S4000,39,119977,
label_test_2,867711c1-eecc-4009-8cb7-22f7a52d088c,lq_no_label,S7000,80,119977,
label_test_2,867711c1-eecc-4009-8cb7-22f7a52d088c,lq_no_label,S8000,34,119977,
label_test_2,867711c1-eecc-4009-8cb7-22f7a52d088c,lq_no_label,S6500,67,119977,
label_test_2,867711c1-eecc-4009-8cb7-22f7a52d088c,lq_no_label,S10000,51,119977,
label_test_2,867711c1-eecc-4009-8cb7-22f7a52d088c,lq_no_label,reference,100,119977,
label_test_2,867711c1-eecc-4009-8cb7-22f7a52d088c,lq_no_label,S5000,27,119977,
label_test_2,867711c1-eecc-4009-8cb7-22f7a52d088c,lq_no_label,S5500,14,119977,
label_test_2,d9256efd-3697-48d6-b63e-38ce922ed689,trening,reference,100,54939,
label_test_2,d9256efd-3697-48d6-b63e-38ce922ed689,trening,S4000,29,54939,
label_test_2,d9256efd-3697-48d6-b63e-38ce922ed689,trening,S4500,31,54939,
label_test_2,d9256efd-3697-48d6-b63e-38ce922ed689,trening,S8000,77,54939,
label_test_2,d9256efd-3697-48d6-b63e-38ce922ed689,trening,S6000,50,54939,
label_test_2,d9256efd-3697-48d6-b63e-38ce922ed689,trening,S10000,91,54939,
label_test_2,d9256efd-3697-48d6-b63e-38ce922ed689,trening,S7000,65,54939,
label_test_2,d9256efd-3697-48d6-b63e-38ce922ed689,trening,S3500,17,54939,
label_test_2,d9256efd-3697-48d6-b63e-38ce922ed689,trening,S6500,26,54939,
label_test_2,d9256efd-3697-48d6-b63e-38ce922ed689,trening,S5000,23,54939,
label_test_2,d9256efd-3697-48d6-b63e-38ce922ed689,trening,S5500,23,54939,
label_test_2,d9256efd-3697-48d6-b63e-38ce922ed689,lq_no_label,S4000,25,46120,
label_test_2,d9256efd-3697-48d6-b63e-38ce922ed689,lq_no_label,S5500,46,46120,
label_test_2,d9256efd-3697-48d6-b63e-38ce922ed689,lq_no_label,S5000,65,46120,
label_test_2,d9256efd-3697-48d6-b63e-38ce922ed689,lq_no_label,S4500,61,46120,
label_test_2,d9256efd-3697-48d6-b63e-38ce922ed689,lq_no_label,reference,100,46120,
label_test_2,d9256efd-3697-48d6-b63e-38ce922ed689,lq_no_label,S6000,75,46120,
label_test_2,d9256efd-3697-48d6-b63e-38ce922ed689,lq_no_label,S10000,85,46120,
label_test_2,d9256efd-3697-48d6-b63e-38ce922ed689,lq_no_label,S7000,37,46120,
label_test_2,d9256efd-3697-48d6-b63e-38ce922ed689,lq_no_label,S8000,17,46120,
label_test_2,d9256efd-3697-48d6-b63e-38ce922ed689,lq_no_label,S3500,8,46120,
label_test_2,d9256efd-3697-48d6-b63e-38ce922ed689,lq_no_label,S6500,17,46120,
label_test_2,d9256efd-3697-48d6-b63e-38ce922ed689,lq_no_label,S4000,25,36971,
label_test_2,d9256efd-3697-48d6-b63e-38ce922ed689,lq_no_label,S3500,9,36971,
label_test_2,d9256efd-3697-48d6-b63e-38ce922ed689,lq_no_label,S4500,33,36971,
label_test_2,d9256efd-3697-48d6-b63e-38ce922ed689,lq_no_label,S5000,35,36971,
label_test_2,d9256efd-3697-48d6-b63e-38ce922ed689,lq_no_label,S10000,86,36971,
label_test_2,d9256efd-3697-48d6-b63e-38ce922ed689,lq_no_label,S6000,24,36971,
label_test_2,d9256efd-3697-48d6-b63e-38ce922ed689,lq_no_label,S8000,46,36971,
label_test_2,d9256efd-3697-48d6-b63e-38ce922ed689,lq_no_label,reference,100,36971,
label_test_2,d9256efd-3697-48d6-b63e-38ce922ed689,lq_no_label,S7000,82,36971,
label_test_2,d9256efd-3697-48d6-b63e-38ce922ed689,lq_no_label,S6500,80,36971,
label_test_2,d9256efd-3697-48d6-b63e-38ce922ed689,lq_no_label,S5500,44,36971,
label_test_2,5de8a2a9-6c44-4970-aa8b-c387ca6257f8,trening,S10000,34,46277,
label_test_2,5de8a2a9-6c44-4970-aa8b-c387ca6257f8,trening,S8000,13,46277,
label_test_2,5de8a2a9-6c44-4970-aa8b-c387ca6257f8,trening,S6000,5,46277,
label_test_2,5de8a2a9-6c44-4970-aa8b-c387ca6257f8,trening,S6500,5,46277,
label_test_2,5de8a2a9-6c44-4970-aa8b-c387ca6257f8,trening,S4500,0,46277,
label_test_2,5de8a2a9-6c44-4970-aa8b-c387ca6257f8,trening,reference,100,46277,
label_test_2,5de8a2a9-6c44-4970-aa8b-c387ca6257f8,trening,S3500,31,46277,
label_test_2,5de8a2a9-6c44-4970-aa8b-c387ca6257f8,trening,S7000,42,46277,
label_test_2,5de8a2a9-6c44-4970-aa8b-c387ca6257f8,trening,S5000,39,46277,
label_test_2,5de8a2a9-6c44-4970-aa8b-c387ca6257f8,trening,S4000,28,46277,
label_test_2,5de8a2a9-6c44-4970-aa8b-c387ca6257f8,trening,S5500,58,46277,
label_test_2,5de8a2a9-6c44-4970-aa8b-c387ca6257f8,lq_no_label,S5000,49,48166,
label_test_2,5de8a2a9-6c44-4970-aa8b-c387ca6257f8,lq_no_label,S6500,78,48166,
label_test_2,5de8a2a9-6c44-4970-aa8b-c387ca6257f8,lq_no_label,S4000,45,48166,
label_test_2,5de8a2a9-6c44-4970-aa8b-c387ca6257f8,lq_no_label,S3500,41,48166,
label_test_2,5de8a2a9-6c44-4970-aa8b-c387ca6257f8,lq_no_label,S6000,82,48166,
label_test_2,5de8a2a9-6c44-4970-aa8b-c387ca6257f8,lq_no_label,S5500,92,48166,
label_test_2,5de8a2a9-6c44-4970-aa8b-c387ca6257f8,lq_no_label,S10000,97,48166,
label_test_2,5de8a2a9-6c44-4970-aa8b-c387ca6257f8,lq_no_label,S8000,95,48166,
label_test_2,5de8a2a9-6c44-4970-aa8b-c387ca6257f8,lq_no_label,S4500,57,48166,
label_test_2,5de8a2a9-6c44-4970-aa8b-c387ca6257f8,lq_no_label,reference,100,48166,
label_test_2,5de8a2a9-6c44-4970-aa8b-c387ca6257f8,lq_no_label,S7000,75,48166,
label_test_2,5de8a2a9-6c44-4970-aa8b-c387ca6257f8,lq_no_label,S6500,54,40284,
label_test_2,5de8a2a9-6c44-4970-aa8b-c387ca6257f8,lq_no_label,S6000,36,40284,
label_test_2,5de8a2a9-6c44-4970-aa8b-c387ca6257f8,lq_no_label,S5000,24,40284,
label_test_2,5de8a2a9-6c44-4970-aa8b-c387ca6257f8,lq_no_label,S10000,92,40284,
label_test_2,5de8a2a9-6c44-4970-aa8b-c387ca6257f8,lq_no_label,S4500,51,40284,
label_test_2,5de8a2a9-6c44-4970-aa8b-c387ca6257f8,lq_no_label,S7000,61,40284,
label_test_2,5de8a2a9-6c44-4970-aa8b-c387ca6257f8,lq_no_label,S4000,24,40284,
label_test_2,5de8a2a9-6c44-4970-aa8b-c387ca6257f8,lq_no_label,reference,100,40284,
label_test_2,5de8a2a9-6c44-4970-aa8b-c387ca6257f8,lq_no_label,S3500,44,40284,
label_test_2,5de8a2a9-6c44-4970-aa8b-c387ca6257f8,lq_no_label,S8000,83,40284,
label_test_2,5de8a2a9-6c44-4970-aa8b-c387ca6257f8,lq_no_label,S5500,64,40284,
label_test_2,0112a83e-8339-4d27-a0a1-70ea422c994d,trening,S4000,5,218957,
label_test_2,0112a83e-8339-4d27-a0a1-70ea422c994d,trening,S10000,80,218957,
label_test_2,0112a83e-8339-4d27-a0a1-70ea422c994d,trening,S5000,20,218957,
label_test_2,0112a83e-8339-4d27-a0a1-70ea422c994d,trening,S5500,30,218957,
label_test_2,0112a83e-8339-4d27-a0a1-70ea422c994d,trening,reference,100,218957,
label_test_2,0112a83e-8339-4d27-a0a1-70ea422c994d,trening,S8000,65,218957,
label_test_2,0112a83e-8339-4d27-a0a1-70ea422c994d,trening,S4500,15,218957,
label_test_2,0112a83e-8339-4d27-a0a1-70ea422c994d,trening,S6500,50,218957,
label_test_2,0112a83e-8339-4d27-a0a1-70ea422c994d,trening,S7000,55,218957,
label_test_2,0112a83e-8339-4d27-a0a1-70ea422c994d,trening,S6000,35,218957,
label_test_2,0112a83e-8339-4d27-a0a1-70ea422c994d,trening,S3500,0,218957,
label_test_2,0112a83e-8339-4d27-a0a1-70ea422c994d,lq_no_label,reference,100,96488,
label_test_2,0112a83e-8339-4d27-a0a1-70ea422c994d,lq_no_label,S3500,10,96488,
label_test_2,0112a83e-8339-4d27-a0a1-70ea422c994d,lq_no_label,S7000,40,96488,
label_test_2,0112a83e-8339-4d27-a0a1-70ea422c994d,lq_no_label,S6500,30,96488,
label_test_2,0112a83e-8339-4d27-a0a1-70ea422c994d,lq_no_label,S5500,20,96488,
label_test_2,0112a83e-8339-4d27-a0a1-70ea422c994d,lq_no_label,S4000,10,96488,
label_test_2,0112a83e-8339-4d27-a0a1-70ea422c994d,lq_no_label,S8000,80,96488,
label_test_2,0112a83e-8339-4d27-a0a1-70ea422c994d,lq_no_label,S5000,25,96488,
label_test_2,0112a83e-8339-4d27-a0a1-70ea422c994d,lq_no_label,S4500,15,96488,
label_test_2,0112a83e-8339-4d27-a0a1-70ea422c994d,lq_no_label,S6000,40,96488,
label_test_2,0112a83e-8339-4d27-a0a1-70ea422c994d,lq_no_label,S10000,90,96488,
label_test_2,0112a83e-8339-4d27-a0a1-70ea422c994d,lq_no_label,S5500,20,76356,
label_test_2,0112a83e-8339-4d27-a0a1-70ea422c994d,lq_no_label,S7000,40,76356,
label_test_2,0112a83e-8339-4d27-a0a1-70ea422c994d,lq_no_label,S4500,10,76356,
label_test_2,0112a83e-8339-4d27-a0a1-70ea422c994d,lq_no_label,S6500,30,76356,
label_test_2,0112a83e-8339-4d27-a0a1-70ea422c994d,lq_no_label,S3500,10,76356,
label_test_2,0112a83e-8339-4d27-a0a1-70ea422c994d,lq_no_label,S6000,30,76356,
label_test_2,0112a83e-8339-4d27-a0a1-70ea422c994d,lq_no_label,S4000,0,76356,
label_test_2,0112a83e-8339-4d27-a0a1-70ea422c994d,lq_no_label,S5000,20,76356,
label_test_2,0112a83e-8339-4d27-a0a1-70ea422c994d,lq_no_label,reference,100,76356,
label_test_2,0112a83e-8339-4d27-a0a1-70ea422c994d,lq_no_label,S8000,80,76356,
label_test_2,0112a83e-8339-4d27-a0a1-70ea422c994d,lq_no_label,S10000,95,76356,
label_test_2,6f44669a-91bf-4d40-867c-ad4ff013bb7b,trening,S5500,70,273824,
label_test_2,6f44669a-91bf-4d40-867c-ad4ff013bb7b,trening,S4500,55,273824,
label_test_2,6f44669a-91bf-4d40-867c-ad4ff013bb7b,trening,S6500,80,273824,
label_test_2,6f44669a-91bf-4d40-867c-ad4ff013bb7b,trening,S6000,80,273824,
label_test_2,6f44669a-91bf-4d40-867c-ad4ff013bb7b,trening,S10000,80,273824,
label_test_2,6f44669a-91bf-4d40-867c-ad4ff013bb7b,trening,S8000,90,273824,
label_test_2,6f44669a-91bf-4d40-867c-ad4ff013bb7b,trening,S7000,90,273824,
label_test_2,6f44669a-91bf-4d40-867c-ad4ff013bb7b,trening,S4000,60,273824,
label_test_2,6f44669a-91bf-4d40-867c-ad4ff013bb7b,trening,reference,100,273824,
label_test_2,6f44669a-91bf-4d40-867c-ad4ff013bb7b,trening,S5000,50,273824,
label_test_2,6f44669a-91bf-4d40-867c-ad4ff013bb7b,trening,S3500,50,273824,
label_test_2,6f44669a-91bf-4d40-867c-ad4ff013bb7b,lq_no_label,S4000,50,112997,
label_test_2,6f44669a-91bf-4d40-867c-ad4ff013bb7b,lq_no_label,S4500,60,112997,
label_test_2,6f44669a-91bf-4d40-867c-ad4ff013bb7b,lq_no_label,reference,100,112997,
label_test_2,6f44669a-91bf-4d40-867c-ad4ff013bb7b,lq_no_label,S6500,55,112997,
label_test_2,6f44669a-91bf-4d40-867c-ad4ff013bb7b,lq_no_label,S7000,80,112997,
label_test_2,6f44669a-91bf-4d40-867c-ad4ff013bb7b,lq_no_label,S10000,90,112997,
label_test_2,6f44669a-91bf-4d40-867c-ad4ff013bb7b,lq_no_label,S5000,65,112997,
label_test_2,6f44669a-91bf-4d40-867c-ad4ff013bb7b,lq_no_label,S3500,50,112997,
label_test_2,6f44669a-91bf-4d40-867c-ad4ff013bb7b,lq_no_label,S8000,70,112997,
label_test_2,6f44669a-91bf-4d40-867c-ad4ff013bb7b,lq_no_label,S5500,60,112997,
label_test_2,6f44669a-91bf-4d40-867c-ad4ff013bb7b,lq_no_label,S6000,85,112997,
label_test_2,6f44669a-91bf-4d40-867c-ad4ff013bb7b,lq_no_label,S7000,70,85117,
label_test_2,6f44669a-91bf-4d40-867c-ad4ff013bb7b,lq_no_label,reference,100,85117,
label_test_2,6f44669a-91bf-4d40-867c-ad4ff013bb7b,lq_no_label,S8000,90,85117,
label_test_2,6f44669a-91bf-4d40-867c-ad4ff013bb7b,lq_no_label,S5000,65,85117,
label_test_2,6f44669a-91bf-4d40-867c-ad4ff013bb7b,lq_no_label,S4500,50,85117,
label_test_2,6f44669a-91bf-4d40-867c-ad4ff013bb7b,lq_no_label,S3500,50,85117,
label_test_2,6f44669a-91bf-4d40-867c-ad4ff013bb7b,lq_no_label,S4000,70,85117,
label_test_2,6f44669a-91bf-4d40-867c-ad4ff013bb7b,lq_no_label,S6500,81,85117,
label_test_2,6f44669a-91bf-4d40-867c-ad4ff013bb7b,lq_no_label,S6000,80,85117,
label_test_2,6f44669a-91bf-4d40-867c-ad4ff013bb7b,lq_no_label,S5500,71,85117,
label_test_2,6f44669a-91bf-4d40-867c-ad4ff013bb7b,lq_no_label,S10000,90,85117,
label_test_2,7e75344d-f462-4b98-b49f-b17c2d17522e,trening,S5000,54,234513,
label_test_2,7e75344d-f462-4b98-b49f-b17c2d17522e,trening,S3500,37,234513,
label_test_2,7e75344d-f462-4b98-b49f-b17c2d17522e,trening,S5500,53,234513,
label_test_2,7e75344d-f462-4b98-b49f-b17c2d17522e,trening,S6000,79,234513,
label_test_2,7e75344d-f462-4b98-b49f-b17c2d17522e,trening,S7000,37,234513,
label_test_2,7e75344d-f462-4b98-b49f-b17c2d17522e,trening,S8000,59,234513,
label_test_2,7e75344d-f462-4b98-b49f-b17c2d17522e,trening,S10000,41,234513,
label_test_2,7e75344d-f462-4b98-b49f-b17c2d17522e,trening,S6500,78,234513,
label_test_2,7e75344d-f462-4b98-b49f-b17c2d17522e,trening,reference,100,234513,
label_test_2,7e75344d-f462-4b98-b49f-b17c2d17522e,trening,S4000,46,234513,
label_test_2,7e75344d-f462-4b98-b49f-b17c2d17522e,trening,S4500,62,234513,
label_test_2,7e75344d-f462-4b98-b49f-b17c2d17522e,lq_no_label,S6500,53,116182,
label_test_2,7e75344d-f462-4b98-b49f-b17c2d17522e,lq_no_label,S3500,65,116182,
label_test_2,7e75344d-f462-4b98-b49f-b17c2d17522e,lq_no_label,S8000,81,116182,
label_test_2,7e75344d-f462-4b98-b49f-b17c2d17522e,lq_no_label,S6000,71,116182,
label_test_2,7e75344d-f462-4b98-b49f-b17c2d17522e,lq_no_label,S7000,79,116182,
label_test_2,7e75344d-f462-4b98-b49f-b17c2d17522e,lq_no_label,S5000,47,116182,
label_test_2,7e75344d-f462-4b98-b49f-b17c2d17522e,lq_no_label,S4000,41,116182,
label_test_2,7e75344d-f462-4b98-b49f-b17c2d17522e,lq_no_label,S5500,53,116182,
label_test_2,7e75344d-f462-4b98-b49f-b17c2d17522e,lq_no_label,S4500,44,116182,
label_test_2,7e75344d-f462-4b98-b49f-b17c2d17522e,lq_no_label,S10000,67,116182,
label_test_2,7e75344d-f462-4b98-b49f-b17c2d17522e,lq_no_label,reference,100,116182,
label_test_2,7e75344d-f462-4b98-b49f-b17c2d17522e,lq_no_label,S10000,70,99224,
label_test_2,7e75344d-f462-4b98-b49f-b17c2d17522e,lq_no_label,S8000,81,99224,
label_test_2,7e75344d-f462-4b98-b49f-b17c2d17522e,lq_no_label,S4500,53,99224,
label_test_2,7e75344d-f462-4b98-b49f-b17c2d17522e,lq_no_label,S6500,60,99224,
label_test_2,7e75344d-f462-4b98-b49f-b17c2d17522e,lq_no_label,S3500,49,99224,
label_test_2,7e75344d-f462-4b98-b49f-b17c2d17522e,lq_no_label,S5000,57,99224,
label_test_2,7e75344d-f462-4b98-b49f-b17c2d17522e,lq_no_label,reference,100,99224,
label_test_2,7e75344d-f462-4b98-b49f-b17c2d17522e,lq_no_label,S5500,48,99224,
label_test_2,7e75344d-f462-4b98-b49f-b17c2d17522e,lq_no_label,S6000,75,99224,
label_test_2,7e75344d-f462-4b98-b49f-b17c2d17522e,lq_no_label,S4000,48,99224,
label_test_2,7e75344d-f462-4b98-b49f-b17c2d17522e,lq_no_label,S7000,60,99224,
label_test_2,af0009f6-903f-4d22-a5ea-0cf2d01e2fcb,trening,S10000,60,218911,
label_test_2,af0009f6-903f-4d22-a5ea-0cf2d01e2fcb,trening,S4000,20,218911,
label_test_2,af0009f6-903f-4d22-a5ea-0cf2d01e2fcb,trening,reference,100,218911,
label_test_2,af0009f6-903f-4d22-a5ea-0cf2d01e2fcb,trening,S8000,55,218911,
label_test_2,af0009f6-903f-4d22-a5ea-0cf2d01e2fcb,trening,S6000,40,218911,
label_test_2,af0009f6-903f-4d22-a5ea-0cf2d01e2fcb,trening,S5500,35,218911,
label_test_2,af0009f6-903f-4d22-a5ea-0cf2d01e2fcb,trening,S3500,20,218911,
label_test_2,af0009f6-903f-4d22-a5ea-0cf2d01e2fcb,trening,S4500,30,218911,
label_test_2,af0009f6-903f-4d22-a5ea-0cf2d01e2fcb,trening,S5000,40,218911,
label_test_2,af0009f6-903f-4d22-a5ea-0cf2d01e2fcb,trening,S6500,45,218911,
label_test_2,af0009f6-903f-4d22-a5ea-0cf2d01e2fcb,trening,S7000,50,218911,
label_test_2,af0009f6-903f-4d22-a5ea-0cf2d01e2fcb,lq_no_label,S8000,70,148218,
label_test_2,af0009f6-903f-4d22-a5ea-0cf2d01e2fcb,lq_no_label,S10000,90,148218,
label_test_2,af0009f6-903f-4d22-a5ea-0cf2d01e2fcb,lq_no_label,S7000,60,148218,
label_test_2,af0009f6-903f-4d22-a5ea-0cf2d01e2fcb,lq_no_label,S6500,50,148218,
label_test_2,af0009f6-903f-4d22-a5ea-0cf2d01e2fcb,lq_no_label,S6000,40,148218,
label_test_2,af0009f6-903f-4d22-a5ea-0cf2d01e2fcb,lq_no_label,S4000,20,148218,
label_test_2,af0009f6-903f-4d22-a5ea-0cf2d01e2fcb,lq_no_label,S4500,25,148218,
label_test_2,af0009f6-903f-4d22-a5ea-0cf2d01e2fcb,lq_no_label,S3500,15,148218,
label_test_2,af0009f6-903f-4d22-a5ea-0cf2d01e2fcb,lq_no_label,reference,100,148218,
label_test_2,af0009f6-903f-4d22-a5ea-0cf2d01e2fcb,lq_no_label,S5500,45,148218,
label_test_2,af0009f6-903f-4d22-a5ea-0cf2d01e2fcb,lq_no_label,S5000,35,148218,
label_test_2,af0009f6-903f-4d22-a5ea-0cf2d01e2fcb,lq_no_label,S10000,85,171874,
label_test_2,af0009f6-903f-4d22-a5ea-0cf2d01e2fcb,lq_no_label,S4500,35,171874,
label_test_2,af0009f6-903f-4d22-a5ea-0cf2d01e2fcb,lq_no_label,S6500,60,171874,
label_test_2,af0009f6-903f-4d22-a5ea-0cf2d01e2fcb,lq_no_label,S6000,55,171874,
label_test_2,af0009f6-903f-4d22-a5ea-0cf2d01e2fcb,lq_no_label,S3500,25,171874,
label_test_2,af0009f6-903f-4d22-a5ea-0cf2d01e2fcb,lq_no_label,S8000,70,171874,
label_test_2,af0009f6-903f-4d22-a5ea-0cf2d01e2fcb,lq_no_label,S5000,50,171874,
label_test_2,af0009f6-903f-4d22-a5ea-0cf2d01e2fcb,lq_no_label,reference,100,171874,
label_test_2,af0009f6-903f-4d22-a5ea-0cf2d01e2fcb,lq_no_label,S4000,35,171874,
label_test_2,af0009f6-903f-4d22-a5ea-0cf2d01e2fcb,lq_no_label,S5500,50,171874,
label_test_2,af0009f6-903f-4d22-a5ea-0cf2d01e2fcb,lq_no_label,S7000,65,171874,